TradeId,Pattern,SignalTimeIST,EntryTimeIST,ExitTimeIST,ExitReason,AtmStrike,OptionType,EntryPremium,ExitPremium,GrossPnl,Costs,NetPnl,HoldingSeconds,FuturesAtSignal,FuturesAtEntry,FuturesAtExit,UnderlyingMovePts,UnderlyingMovePct,Forward1,Forward3,Forward5,Forward10,OptionMTM1,OptionMTM3,OptionMTM5,OptionMTM10,MAE,MFE,SecondsToMfe,MaxFavorableOptionPrice,MfeTimestampIST,GivebackRupees,GivebackPct,SecondsMfeToExit,WindowBarCount,WindowDurationSeconds,PreSignalMovePts,RollingHigh,RollingLow,DistFromHigh,DistFromLow
0,B,09:15:03.000,09:15:03.000,09:35:33.000,OppositePatternSignal,23400.0000,Call,87.5500,66.3500,-13780.0000,26.95,-13806.9500,1230,23375.3000,23375.3000,23323.2000,-52.1000,-0.2228848399806633497751900500,0.0072726339341099365569639700,-0.0320851497093085436336645900,-0.0851325972286986691079900600,-0.0654537054069894290126757700,-0.2855511136493432324386065100,-9.708737864077669902912621360,-11.536264991433466590519703030,-12.164477441462021701884637350,21.5500,0,,87.5500,,21.2000,,,2,3,-4.6000,23380.0000,23364.7000,4.7000,10.6000
1,A,09:35:33.000,09:35:34.000,09:47:12.000,OppositePatternSignal,23300.0000,Put,112.6000,99.0000,-8840.0000,40.22,-8880.2200,698,23323.2000,23323.2000,23335.0000,11.8000,0.0505934005625300130342320100,0.0291555189682376346298964100,0.0720312821568223914385676100,0.0600260684640186595321396700,0.1097619537627769774301982600,-7.2824156305506216696269982200,-8.969804618117229129662522200,-13.232682060390763765541740670,-14.742451154529307282415630550,18.2000,0.1000,3,112.7000,09:35:37.000,13.7000,13700,695,8,374,3.2000,23330.0000,23312.6000,6.8000,10.6000
2,B,09:47:12.000,09:47:12.000,09:51:23.000,OppositePatternSignal,23350.0000,Call,94.5000,93.3000,-780.0000,37.90,-817.9000,251,23335.0000,23335.0000,23345.0000,10.0000,0.0428540818512963359760017100,0.0269980715663166916648810800,-0.0029997857295907435183201200,0.0428540818512963359760017100,0.0604242554103278337261624200,1.5343915343915343915343915300,0.4761904761904761904761904800,-1.1111111111111111111111111100,1.2169312169312169312169312200,4.5000,4.1500,84,98.6500,09:48:36.000,5.3500,128.91566265060240963855421687,167,4,330,-1.0000,23348.3000,23330.0000,13.3000,5.0000
3,A,09:51:23.000,09:51:23.000,09:54:44.000,OppositePatternSignal,23350.0000,Put,122.9500,118.5000,-2892.5000,48.14,-2940.6400,201,23345.0000,23345.0000,23344.5000,-0.5000,-0.0021417862497322767187834700,-0.0419790104947526236881559200,-0.0021417862497322767187834700,0.0175626472478046690940244200,-0.0042835724994645534375669300,-1.179341195607970719804798700,-3.0906872712484749898332655600,-3.538023586823912159414396100,-6.7507116714111427409516063400,5.6000,1.8000,31,124.7500,09:51:54.000,6.2500,347.22222222222222222222222222,170,4,283,3.7000,23345.0000,23330.0000,0.0000,15.0000
4,B,09:54:44.000,09:54:44.000,09:58:23.000,OppositePatternSignal,23350.0000,Call,96.3000,97.2000,585.0000,39.49,545.5100,219,23344.5000,23344.5000,23352.0000,7.5000,0.0321274818479727558953929200,0.0235601533551800209899548100,0.0274154511769367516974019600,0.0321274818479727558953929200,0.030842382574053845659577200,4.1536863966770508826583592900,2.5441329179646936656282450700,1.1422637590861889927310488100,-1.8691588785046728971962616800,2.0000,5.4500,161,101.7500,09:57:25.000,4.5500,83.48623853211009174311926606,58,3,389,-0.5000,23345.0000,23331.0000,0.5000,13.5000
5,A,09:58:23.000,09:58:23.000,10:00:18.000,OppositePatternSignal,23350.0000,Put,116.0000,114.5000,-975.0000,46.52,-1021.5200,115,23352.0000,23352.0000,23344.0000,-8.0000,-0.0342583076396026036313806100,0.0128468653648509763617677300,0.0265501884206920178143199700,-0.0012846865364850976361767700,-0.0162726961288112367249057900,-2.8017241379310344827586206900,-4.5258620689655172413793103400,1.5517241379310344827586206900,-3.4482758620689655172413793100,4.7500,0,,116.0000,,1.5000,,,4,322,2.0000,23358.0000,23340.1000,6.0000,11.9000
6,B,10:00:18.000,10:00:18.000,10:03:51.000,OppositePatternSignal,23350.0000,Call,97.3000,94.6500,-1722.5000,38.45,-1760.9500,213,23344.0000,23344.0000,23351.7000,7.7000,0.0329849211788896504455106200,0.060829335161069225496915700,0.0329849211788896504455106200,0.0042837559972583961617546300,0.0346984235777930089102124700,2.9804727646454265159301130500,-2.8776978417266187050359712200,-5.1387461459403905447070914700,2.7235354573484069886947584800,2.8000,3.5500,55,100.8500,10:01:13.000,6.2000,174.64788732394366197183098592,158,5,437,-5.1000,23358.0000,23340.1000,14.0000,3.9000
7,A,10:03:51.000,10:03:51.000,10:13:58.000,OppositePatternSignal,23350.0000,Put,117.6000,109.7000,-5135.0000,44.57,-5179.5700,607,23351.7000,23351.7000,23352.1000,0.4000,0.0017129373878561303887939600,-0.0201270143073095320683290700,0.0034258747757122607775879300,-0.0149882021437411409019471800,-0.0205552486542735646655275600,-3.8690476190476190476190476200,-4.4642857142857142857142857100,-4.7619047619047619047619047600,-3.0612244897959183673469387800,8.9500,4.2000,199,121.8000,10:07:10.000,12.1000,288.09523809523809523809523810,408,3,362,7.7000,23360.0000,23344.0000,8.3000,7.7000
8,B,10:13:58.000,10:13:58.000,10:22:45.000,OppositePatternSignal,23350.0000,Call,99.8000,93.0000,-4420.0000,37.78,-4457.7800,527,23352.1000,23352.1000,23353.0000,0.9000,0.0038540431053309980686961800,0.016700853456434324964350100,-0.022267804608579099952466800,-0.0946381695864611747979839100,-0.038968658065013424916816900,-1.3527054108216432865731462900,-5.2104208416833667334669338700,-10.921843687374749498997995990,-8.116232464929859719438877760,7.5500,0.2000,5,100.0000,10:14:03.000,7.0000,3500,522,4,413,-0.4000,23359.8000,23345.8000,7.7000,6.3000
9,A,10:22:44.000,10:22:45.000,10:38:42.000,OppositePatternSignal,23350.0000,Put,116.7500,120.8500,2665.0000,49.10,2615.9000,957,23353.0000,23353.0000,23335.0000,-18.0000,-0.0770778914914572003596968300,-0.0984884169057508671262792800,-0.0856421016571746670663298100,-0.0642315762428810002997473600,-0.0603776816683081402817625100,4.32548179871520342612419700,5.567451820128479657387580300,2.4411134903640256959314775200,5.9957173447537473233404710900,2.6000,9.9500,863,126.7000,10:37:08.000,5.8500,58.793969849246231155778894470,94,1,199,6.1000,23353.0000,23341.1000,0.0000,11.9000
10,B,10:38:42.000,10:38:42.000,10:40:02.000,OppositePatternSignal,23350.0000,Call,88.0000,85.1500,-1852.5000,34.59,-1887.0900,80,23335.0000,23335.0000,23330.0000,-5.0000,-0.0214270409256481679880008600,-0.0214270409256481679880008600,-0.0227126633811870580672809100,-0.0312834797514463252624812500,0.0072851939147203771159202900,-3.8636363636363636363636363600,-5.3977272727272727272727272700,-1.9886363636363636363636363600,3.0113636363636363636363636400,3.4000,0.9500,40,88.9500,10:39:22.000,3.8000,400,40,3,415,-3.9000,23338.9000,23325.1000,3.9000,9.9000
11,A,10:40:02.000,10:40:02.000,10:43:09.000,OppositePatternSignal,23350.0000,Put,126.3500,124.7000,-1072.5000,50.66,-1123.1600,187,23330.0000,23330.0000,23327.7000,-2.3000,-0.0098585512216030861551650200,-0.0385769395627946849549935700,-0.0300042863266180882983283300,0.0342906129447063866266609500,0.0368624089155593656236605200,1.0288880094974277799762564300,-1.1080332409972299168975069300,-3.1658092599920854768500197900,-4.7882865057380292837356549300,5.7500,3.5500,36,129.9000,10:40:38.000,5.2000,146.47887323943661971830985915,151,3,329,2.6000,23338.0000,23325.1000,8.0000,4.9000
12,B,10:43:09.000,10:43:09.000,10:55:59.000,OppositePatternSignal,23350.0000,Call,85.7500,88.7000,1917.5000,36.03,1881.4700,770,23327.7000,23327.7000,23339.9000,12.2000,0.0522983405993732772626534100,0.0441535170634053078528959100,-0.0085734984589136520102710500,0.0385807430651114340462197300,0.0312932693750348298374893400,1.6909620991253644314868804700,-1.4577259475218658892128279900,5.7142857142857142857142857100,2.682215743440233236151603500,2.1000,5.2000,546,90.9500,10:52:15.000,2.2500,43.269230769230769230769230770,224,4,426,-2.3000,23337.0000,23320.1000,9.3000,7.6000
13,A,10:55:59.000,10:55:59.000,11:17:15.000,OppositePatternSignal,23350.0000,Put,118.8000,124.3500,3607.5000,50.52,3556.9800,1276,23339.9000,23339.9000,23321.1000,-18.8000,-0.0805487598490139203681249700,-0.0209940916627749047767985300,-0.0209940916627749047767985300,-0.0762642513464067969442885400,-0.0638391766888461390151628800,1.8518518518518518518518518500,1.0101010101010101010101010100,6.5235690235690235690235690200,5.2188552188552188552188552200,1.8000,12.2000,560,131.0000,11:05:19.000,6.6500,54.508196721311475409836065570,716,3,382,3.2000,23342.0000,23335.0000,2.1000,4.9000
14,A,11:26:14.000,11:26:14.000,11:30:19.000,OppositePatternSignal,23300.0000,Put,101.8000,97.1500,-3022.5000,39.47,-3061.9700,245,23325.0000,23325.0000,23321.7000,-3.3000,-0.0141479099678456591639871400,-0.0385852090032154340836012900,0.021436227224008574490889600,0.0360128617363344051446945300,0.0300107181136120042872454400,0.2946954813359528487229862500,-4.7151277013752455795677799600,-3.8310412573673870333988212200,-2.9960707269155206286836935200,4.9500,1.0000,150,102.8000,11:28:44.000,5.6500,565.00,95,2,271,2.6000,23326.0000,23317.1000,1.0000,7.9000
15,B,11:30:19.000,11:30:19.000,11:34:54.000,OppositePatternSignal,23300.0000,Call,108.0000,104.6000,-2210.0000,42.49,-2252.4900,275,23321.7000,23321.7000,23324.0000,2.3000,0.0098620597983851949043165800,0.0017151408345017730268376700,0.0548845067040567368588053200,0.0012863556258763297701282500,0.0098620597983851949043165800,0,-0.4166666666666666666666666700,-1.3888888888888888888888888900,-3.1481481481481481481481481500,6.8500,0.5000,2,108.5000,11:30:21.000,3.9000,780.0,273,6,323,-3.3000,23333.5000,23316.0000,11.8000,5.7000
16,A,11:34:53.000,11:34:53.000,12:10:01.000,OppositePatternSignal,23300.0000,Put,100.4000,88.1000,-7995.0000,35.79,-8030.7900,2108,23324.0000,23324.0000,23340.6000,16.6000,0.0711713256731263934145086600,-0.0042874292574172526153318500,0.0085748585148345052306636900,0.0257245755445035156919910800,0.0685988681186760418453095500,-1.7430278884462151394422310800,-1.543824701195219123505976100,-2.2908366533864541832669322700,-10.159362549800796812749003980,19.5500,1.1500,32,101.5500,11:35:25.000,13.4500,1169.5652173913043478260869565,2076,5,349,2.0000,23330.3000,23314.1000,6.3000,9.9000
17,B,12:10:01.000,12:10:01.000,12:18:02.000,OppositePatternSignal,23350.0000,Call,87.7000,87.9000,130.0000,35.71,94.2900,481,23340.6000,23340.6000,23349.0000,8.4000,0.0359887920619007223464692400,0.0218503380375825814246420400,0.0231356520397933215084445100,0.0145668920250550542830946900,0.0317044120545315887337943300,2.9646522234891676168757126600,0.5701254275940706955530216600,0.68415051311288483466362600,1.8244013683010262257696693300,0.4500,4.0000,127,91.7000,12:12:08.000,3.8000,95.00,354,2,384,-8.4000,23351.1000,23335.0000,10.5000,5.6000
18,A,12:18:02.000,12:18:02.000,12:44:42.000,OppositePatternSignal,23350.0000,Put,110.3000,100.7500,-6207.5000,40.93,-6248.4300,1600,23349.0000,23349.0000,23359.1000,10.1000,0.0432566705212214655873913200,-0.0214141933273373592016788700,-0.0226990449269776007537796100,0.0145616514625894042571416300,0.0428283866546747184033577500,-0.2719854941069809610154125100,3.1278331822302810516772438800,0.8159564823209428830462375300,-7.1169537624660018132366273800,12.2000,3.6000,166,113.9000,12:20:48.000,13.1500,365.27777777777777777777777778,1434,2,481,1.3000,23354.0000,23343.0000,5.0000,6.0000
19,B,12:44:42.000,12:44:42.000,12:53:26.000,OppositePatternSignal,23350.0000,Call,93.3500,90.1000,-2112.5000,36.60,-2149.1000,524,23359.1000,23359.1000,23360.0000,0.9000,0.0038528881677804367462787500,0.0038528881677804367462787500,-0.0346759935100239307165087700,0.0038528881677804367462787500,0.0851916383764785458343857400,-0.9641135511515800749866095300,-4.3920728441349758971612212100,-0.69630423138725227637921800,5.0883770755222281735404392100,6.1000,0.1500,166,93.5000,12:47:28.000,3.4000,2266.6666666666666666666666667,358,2,346,-3.6000,23369.0000,23352.9000,9.9000,6.2000
20,A,12:53:26.000,12:53:26.000,12:58:23.000,OppositePatternSignal,23350.0000,Put,103.3000,100.1500,-2047.5000,40.69,-2088.1900,297,23360.0000,23360.0000,23354.1000,-5.9000,-0.0252568493150684931506849300,0,0.0171232876712328767123287700,0.0428082191780821917808219200,0.0470890410958904109589041100,-3.4849951597289448209099709600,-5.4211035818005808325266214900,-9.244917715392061955469506290,-9.099709583736689254598257500,4.6000,0.4000,14,103.7000,12:53:40.000,3.5500,887.500,283,2,386,3.1000,23366.9000,23351.0000,6.9000,9.0000
21,B,12:58:23.000,12:58:23.000,13:22:32.000,OppositePatternSignal,23350.0000,Call,91.7500,87.6500,-2665.0000,35.61,-2700.6100,1449,23354.1000,23354.1000,23360.0000,5.9000,0.0252632300110044917166578900,0.0423908435777871979652395100,0.0680822639279612573381119400,0.1066193944532223463974205800,0.0389653208644306567155231800,1.9618528610354223433242506800,5.7220708446866485013623978200,6.9209809264305177111716621300,4.4141689373297002724795640300,7.1000,7.2500,355,99.0000,13:04:18.000,11.3500,156.55172413793103448275862069,1094,2,443,-5.9000,23364.9000,23352.9000,10.8000,1.2000
22,A,13:22:32.000,13:22:32.000,13:32:50.000,OppositePatternSignal,23350.0000,Put,101.2500,99.5000,-1137.5000,40.42,-1177.9200,618,23360.0000,23360.0000,23358.0000,-2.0000,-0.0085616438356164383561643800,-0.0214041095890410958904109600,-0.0004280821917808219178082200,-0.0085616438356164383561643800,-0.0295376712328767123287671200,-0.7901234567901234567901234600,0.4938271604938271604938271600,-1.8271604938271604938271604900,1.1851851851851851851851851900,3.6500,3.1000,531,104.3500,13:31:23.000,4.8500,156.45161290322580645161290323,87,2,358,7.4000,23368.5000,23351.0000,8.5000,9.0000
23,B,13:32:50.000,13:32:50.000,13:59:01.000,OppositePatternSignal,23350.0000,Call,87.3000,84.1000,-2080.0000,34.17,-2114.1700,1571,23358.0000,23358.0000,23362.0000,4.0000,0.0171247538316636698347461300,0.0042811884579159174586865300,-0.0282558438222450552273311100,-0.02097782344378799554756400,-0.0851956503125267574278619700,0.9163802978235967926689576200,-0.4581901489117983963344788100,-3.3791523482245131729667812100,-11.741122565864833906071019470,13.4000,2.2000,80,89.5000,13:34:10.000,5.4000,245.45454545454545454545454545,1491,2,343,-1.9000,23360.0000,23353.0000,2.0000,5.0000
24,A,13:59:01.000,13:59:01.000,14:32:09.000,OppositePatternSignal,23350.0000,Put,100.4000,83.0500,-11277.5000,33.74,-11311.2400,1988,23362.0000,23362.0000,23394.0000,32.0000,0.1369745740946836743429500900,-0.0171218217618354592928687600,0.0128413663213765944696515700,0.0342436435236709185857375200,0.0569300573581029021487886300,0.996015936254980079681274900,-4.2828685258964143426294820700,-6.5737051792828685258964143400,-7.4701195219123505976095617500,19.4000,1.6000,64,102.0000,14:00:05.000,18.9500,1184.37500,1924,4,342,3.0000,23365.1000,23359.0000,3.1000,3.0000
25,B,14:32:09.000,14:32:09.000,14:35:39.000,OppositePatternSignal,23400.0000,Call,78.1000,80.2500,1397.5000,32.60,1364.9000,210,23394.0000,23394.0000,23400.0000,6.0000,0.0256476019492177481405488600,-0.0068393605197913995041463600,0.0256476019492177481405488600,0.0470206035735658715910062400,0.0256476019492177481405488600,3.3930857874519846350832266300,5.2496798975672215108834827100,8.770806658130601792573623560,6.8501920614596670934699103700,0,7.5500,70,85.6500,14:33:19.000,5.4000,71.523178807947019867549668870,140,6,336,-1.0000,23399.9000,23390.0000,5.9000,4.0000
26,A,14:35:39.000,14:35:39.000,14:58:46.000,OppositePatternSignal,23400.0000,Put,106.1000,97.2500,-5752.5000,39.51,-5792.0100,1387,23400.0000,23400.0000,23409.0000,9.0000,0.0384615384615384615384615400,-0.0128205128205128205128205100,0.0047008547008547008547008500,0.0047008547008547008547008500,-0.0384615384615384615384615400,-0.282752120640904806786050900,-0.2356267672007540056550424100,-0.2356267672007540056550424100,-0.2356267672007540056550424100,11.2500,9.7500,565,115.8500,14:45:04.000,18.6000,190.76923076923076923076923077,822,20,358,7.6000,23410.0000,23392.4000,10.0000,7.6000
