TradeId,TradingDate,Pattern,SignalTimeIST,EntryTimeIST,ExitTimeIST,ExitReason,AtmStrike,OptionType,ContractToken,EntryPremium,ExitPremium,Quantity,GrossPnl,Costs,NetPnl,HoldingSeconds,MAE,MFE,SecondsToMfe
0,2026-09-04,B,09:40:42.000,09:40:42.000,11:29:25.000,OppositePatternSignal,24050.0000,Call,42641,60.5500,74.8000,650,9262.5000,30.39,9232.1100,6523,2.0000,17.6500,2977
1,2026-09-04,A,11:29:25.000,11:29:25.000,13:39:31.000,OppositePatternSignal,24100.0000,Put,42644,148.4000,167.7000,650,12545.0000,68.13,12476.8700,7806,12.4000,33.7500,5294
0,2026-09-08,A,09:19:22.000,09:19:22.000,09:35:25.000,OppositePatternSignal,23800.0000,Put,42632,114.2500,120.5000,650,4062.5000,48.95,4013.5500,963,2.7500,15.6000,634
1,2026-09-08,A,10:00:47.000,10:00:47.000,10:07:07.000,OppositePatternSignal,23800.0000,Put,42632,128.4000,127.7000,650,-455.0000,51.88,-506.8800,380,1.1500,9.3000,175
2,2026-09-08,B,10:07:07.000,10:07:07.000,11:13:24.000,OppositePatternSignal,23800.0000,Call,42631,13.8000,11.5500,650,-1462.5000,4.69,-1467.1900,3977,3.4000,9.3000,484
3,2026-09-08,A,11:13:24.000,11:13:24.000,11:18:06.000,OppositePatternSignal,23800.0000,Put,42632,123.2000,122.0000,650,-780.0000,49.56,-829.5600,282,3.6500,1.8000,178
4,2026-09-08,B,12:13:31.000,12:13:31.000,12:52:14.000,OppositePatternSignal,23750.0000,Call,42629,15.2000,12.7500,650,-1592.5000,5.18,-1597.6800,2323,2.8000,4.2500,1452
5,2026-09-08,A,12:52:14.000,12:52:14.000,14:01:36.000,OppositePatternSignal,23750.0000,Put,42630,94.8000,103.5500,650,5687.5000,42.07,5645.4300,4162,9.1000,25.0000,3562
6,2026-09-08,B,14:01:36.000,14:01:36.000,14:46:54.000,OppositePatternSignal,23750.0000,Call,42629,9.2000,10.2500,650,682.5000,4.16,678.3400,2718,0.6000,4.2500,1894
7,2026-09-08,A,14:46:54.000,14:46:54.000,14:57:01.000,OppositePatternSignal,23750.0000,Put,42630,99.5000,101.7000,650,1430.0000,41.32,1388.6800,607,5.9000,5.1000,336
0,2026-09-09,B,09:25:06.000,09:25:06.000,09:36:42.000,OppositePatternSignal,23600.0000,Call,47301,112.9500,112.6500,650,-195.0000,45.76,-240.7600,696,2.5000,3.6500,561
1,2026-09-09,A,09:36:42.000,09:36:42.000,09:46:18.000,OppositePatternSignal,23600.0000,Put,47302,148.7000,141.7500,650,-4517.5000,57.59,-4575.0900,576,13.5000,0,
2,2026-09-09,A,10:03:50.000,10:03:50.000,10:29:39.000,OppositePatternSignal,23600.0000,Put,47302,163.0000,128.6000,650,-22360.0000,52.24,-22412.2400,1549,40.3000,7.1000,449
3,2026-09-09,B,10:29:39.000,10:29:39.000,10:30:55.000,OppositePatternSignal,23650.0000,Call,47303,99.8500,98.3000,650,-1007.5000,39.93,-1047.4300,76,1.4500,4.4500,50
4,2026-09-09,A,10:30:55.000,10:30:55.000,11:43:05.000,OppositePatternSignal,23650.0000,Put,47304,156.9000,158.8500,650,1267.5000,64.53,1202.9700,4330,4.1500,20.5000,691
5,2026-09-09,B,11:43:05.000,11:43:05.000,12:07:43.000,OppositePatternSignal,23650.0000,Call,47303,92.0000,72.9000,650,-12415.0000,29.62,-12444.6200,1478,19.2000,4.2000,158
6,2026-09-09,A,12:07:43.000,12:07:43.000,12:12:47.000,OppositePatternSignal,23600.0000,Put,47302,163.4500,155.7000,650,-5037.5000,63.25,-5100.7500,304,9.7500,0.3500,15
7,2026-09-09,B,12:12:47.000,12:12:47.000,12:21:59.000,OppositePatternSignal,23600.0000,Call,47301,96.4000,94.8500,650,-1007.5000,38.53,-1046.0300,552,2.6500,1.2000,82
8,2026-09-09,A,12:21:58.000,12:21:58.000,14:04:38.000,OppositePatternSignal,23600.0000,Put,47302,159.3000,116.4500,650,-27852.5000,47.31,-27899.8100,6160,47.0000,3.0500,55
9,2026-09-09,B,14:04:38.000,14:04:38.000,14:08:13.000,OppositePatternSignal,23650.0000,Call,47303,99.0000,97.3000,650,-1105.0000,39.53,-1144.5300,215,2.7500,3.3000,99
10,2026-09-09,A,14:08:13.000,14:08:13.000,14:58:00.000,OppositePatternSignal,23650.0000,Put,47304,142.5500,172.2500,650,19305.0000,69.98,19235.0200,2987,0.7000,38.6000,2263
0,2026-09-10,A,09:21:08.000,09:21:08.000,11:10:01.000,OppositePatternSignal,23550.0000,Put,47300,143.1000,152.0000,650,5785.0000,61.75,5723.2500,6533,8.7500,23.3500,3149
1,2026-09-10,B,11:10:01.000,11:10:01.000,12:23:44.000,OppositePatternSignal,23500.0000,Call,47297,96.7000,109.0500,650,8027.5000,44.30,7983.2000,4423,5.2000,22.1500,4344
2,2026-09-10,A,12:23:44.000,12:23:44.000,12:28:41.000,OppositePatternSignal,23550.0000,Put,47300,134.4000,131.6500,650,-1787.5000,53.48,-1840.9800,297,6.4500,0,
3,2026-09-10,A,13:47:09.000,13:47:09.000,14:07:05.000,OppositePatternSignal,23500.0000,Put,47298,118.5500,123.9000,650,3477.5000,50.33,3427.1700,1196,3.3500,13.3500,1075
4,2026-09-10,B,14:07:05.000,14:07:05.000,14:29:54.000,OppositePatternSignal,23500.0000,Call,47297,83.9500,82.8500,650,-715.0000,33.66,-748.6600,1369,5.9500,1.0500,867
5,2026-09-10,A,14:29:54.000,14:29:54.000,15:10:19.000,OppositePatternSignal,23500.0000,Put,47298,127.4500,143.9000,650,10692.5000,58.46,10634.0400,2425,10.1500,24.9500,1866
0,2026-09-11,B,09:24:42.000,09:24:42.000,09:27:59.000,OppositePatternSignal,23300.0000,Call,47289,87.2000,86.7500,650,-292.5000,35.24,-327.7400,197,2.4500,2.4500,51
1,2026-09-11,B,11:08:33.000,11:08:33.000,12:39:02.000,OppositePatternSignal,23350.0000,Call,47291,84.3000,110.4500,650,16997.5000,44.87,16952.6300,5429,1.1500,45.5000,540
2,2026-09-11,B,12:43:12.000,12:43:12.000,12:51:11.000,OppositePatternSignal,23400.0000,Call,47293,91.7500,80.6500,650,-7215.0000,32.76,-7247.7600,479,11.9500,0.7000,15
3,2026-09-11,A,12:51:11.000,12:51:11.000,12:54:16.000,OppositePatternSignal,23400.0000,Put,47294,127.0000,122.1000,650,-3185.0000,49.60,-3234.6000,185,5.0000,3.2000,47
4,2026-09-11,B,12:54:16.000,12:54:16.000,12:58:01.000,OppositePatternSignal,23400.0000,Call,47293,84.5500,83.8000,650,-487.5000,34.04,-521.5400,225,1.8500,0.9500,28
5,2026-09-11,A,12:58:01.000,12:58:01.000,13:44:31.000,OppositePatternSignal,23400.0000,Put,47294,123.2500,128.0000,650,3087.5000,52.00,3035.5000,2790,6.1000,18.2500,2616
6,2026-09-11,B,13:44:31.000,13:44:31.000,13:48:43.000,OppositePatternSignal,23400.0000,Call,47293,77.7000,74.8500,650,-1852.5000,30.41,-1882.9100,252,6.5500,0.6000,2
7,2026-09-11,A,13:48:43.000,13:48:43.000,13:52:06.000,OppositePatternSignal,23400.0000,Put,47294,128.6500,124.0500,650,-2990.0000,50.40,-3040.4000,203,8.5000,1.1000,18
8,2026-09-11,B,13:52:06.000,13:52:06.000,14:15:55.000,OppositePatternSignal,23400.0000,Call,47293,79.6500,125.2500,650,29640.0000,50.88,29589.1200,1429,0.1500,76.0500,694
0,2026-09-15,A,09:33:14.000,09:33:14.000,11:44:33.000,OppositePatternSignal,23500.0000,Put,47298,81.8000,163.1500,650,52877.5000,66.28,52811.2200,7879,9.2000,105.8500,7053
1,2026-09-15,B,11:44:33.000,11:44:33.000,11:49:26.000,OppositePatternSignal,23400.0000,Call,47293,35.6000,34.6500,650,-617.5000,14.08,-631.5800,293,2.3500,0.7500,18
2,2026-09-15,A,11:49:26.000,11:49:26.000,12:30:15.000,OppositePatternSignal,23400.0000,Put,47294,86.8500,88.9000,650,1332.5000,36.12,1296.3800,2449,7.8000,10.0500,273
3,2026-09-15,A,13:03:11.000,13:03:11.000,13:15:14.000,OppositePatternSignal,23350.0000,Put,47292,74.7500,78.6000,650,2502.5000,31.93,2470.5700,723,10.1500,9.4500,519
4,2026-09-15,B,13:15:14.000,13:15:14.000,13:16:53.000,OppositePatternSignal,23350.0000,Call,47291,24.3000,22.1000,650,-1430.0000,8.98,-1438.9800,99,2.3000,0.3500,5
5,2026-09-15,A,13:16:53.000,13:16:53.000,13:20:35.000,OppositePatternSignal,23350.0000,Put,47292,83.2000,80.4500,650,-1787.5000,32.68,-1820.1800,222,8.0000,5.5000,4
6,2026-09-15,B,13:20:35.000,13:20:35.000,13:57:04.000,OppositePatternSignal,23350.0000,Call,47291,23.7000,20.8000,650,-1885.0000,8.45,-1893.4500,2189,9.6000,0.1000,406
7,2026-09-15,A,13:57:04.000,13:57:04.000,14:25:23.000,OppositePatternSignal,23300.0000,Put,47290,60.4500,103.4500,650,27950.0000,42.03,27907.9700,1699,2.7500,53.3500,1359
8,2026-09-15,A,14:45:04.000,14:45:04.000,14:56:26.000,OppositePatternSignal,23250.0000,Put,47288,65.8500,85.0500,650,12480.0000,34.55,12445.4500,682,0,41.4500,217
9,2026-09-15,B,14:56:27.000,14:56:27.000,15:15:05.000,OppositePatternSignal,23200.0000,Call,47285,42.4000,39.4500,650,-1917.5000,16.03,-1933.5300,1118,7.4000,12.4000,901
0,2026-09-16,A,09:22:21.000,09:22:21.000,09:34:02.000,OppositePatternSignal,23300.0000,Put,56994,171.5000,198.1500,650,17322.5000,80.50,17242.0000,701,6.3500,38.5000,633
1,2026-09-16,B,09:34:01.000,09:34:01.000,12:23:32.000,OppositePatternSignal,23250.0000,Call,56983,157.5000,163.3500,650,3802.5000,66.36,3736.1400,10171,28.9000,33.4500,5391
2,2026-09-16,A,12:23:32.000,12:23:32.000,12:54:51.000,OppositePatternSignal,23300.0000,Put,56994,178.6000,169.4500,650,-5947.5000,68.84,-6016.3400,1879,15.0500,6.7500,271
3,2026-09-16,A,13:17:05.000,13:17:05.000,13:21:56.000,OppositePatternSignal,23300.0000,Put,56994,162.2500,160.5500,650,-1105.0000,65.22,-1170.2200,291,9.1000,1.7000,7
4,2026-09-16,B,13:21:56.000,13:21:56.000,13:37:39.000,OppositePatternSignal,23300.0000,Call,56985,148.7000,128.2000,650,-13325.0000,52.08,-13377.0800,943,22.8500,1.2000,8
5,2026-09-16,A,13:37:39.000,13:37:39.000,14:29:16.000,OppositePatternSignal,23300.0000,Put,56994,186.0000,180.4000,650,-3640.0000,73.29,-3713.2900,3097,16.8500,9.9000,424
6,2026-09-16,B,14:29:16.000,14:29:16.000,15:15:00.000,ForcedEod,23250.0000,Call,56983,156.6000,149.2000,650,-4810.0000,60.61,-4870.6100,2744,13.6000,9.0000,1672
0,2026-09-17,A,10:15:53.000,10:15:53.000,12:17:28.000,OppositePatternSignal,23350.0000,Put,56996,136.1500,115.7500,650,-13260.0000,47.02,-13307.0200,7295,21.4500,68.5000,3292
1,2026-09-17,B,12:17:28.000,12:17:28.000,14:34:19.000,OppositePatternSignal,23400.0000,Call,56999,106.0500,66.1000,650,-25967.5000,26.85,-25994.3500,8211,45.8500,8.9000,344
2,2026-09-17,A,14:34:19.000,14:34:19.000,15:14:10.000,OppositePatternSignal,23300.0000,Put,56994,126.6500,113.9500,650,-8255.0000,46.29,-8301.2900,2391,19.4500,2.0500,23
0,2026-09-18,A,09:35:34.000,09:35:34.000,10:00:18.000,OppositePatternSignal,23300.0000,Put,56994,112.6000,91.8000,650,-13520.0000,37.29,-13557.2900,1484,24.6000,0.1000,3
1,2026-09-18,B,10:00:18.000,10:00:18.000,10:07:05.000,OppositePatternSignal,23350.0000,Call,56995,97.3000,92.1000,650,-3380.0000,37.42,-3417.4200,407,5.0000,3.5500,55
2,2026-09-18,A,10:07:05.000,10:07:05.000,10:49:37.000,OppositePatternSignal,23350.0000,Put,56996,121.2500,126.6500,650,3510.0000,51.45,3458.5500,2552,13.1500,8.6500,2013
3,2026-09-18,B,10:49:37.000,10:49:37.000,12:25:51.000,OppositePatternSignal,23350.0000,Call,56995,84.7000,86.5000,650,1170.0000,35.14,1134.8600,5774,7.6500,11.9000,4265
4,2026-09-18,A,12:25:51.000,12:25:51.000,13:47:35.000,OppositePatternSignal,23350.0000,Put,56996,111.5000,108.7500,650,-1787.5000,44.18,-1831.6800,4904,19.3500,1.0000,7
5,2026-09-18,B,13:47:35.000,13:47:35.000,14:47:00.000,OppositePatternSignal,23350.0000,Call,56995,77.3000,98.0500,650,13487.5000,39.83,13447.6700,3565,0.6500,35.8000,2744
0,2026-09-21,B,09:32:29.000,09:32:29.000,09:35:29.000,OppositePatternSignal,23400.0000,Call,56999,75.5500,72.5500,650,-1950.0000,29.47,-1979.4700,180,6.2500,0.2500,2
1,2026-09-21,A,09:35:29.000,09:35:29.000,11:05:45.000,OppositePatternSignal,23400.0000,Put,57002,75.9000,77.0500,650,747.5000,31.30,716.2000,5416,5.5500,15.4000,3527
2,2026-09-21,B,11:05:45.000,11:05:45.000,12:11:25.000,OppositePatternSignal,23400.0000,Call,56999,63.0000,75.7000,650,8255.0000,30.75,8224.2500,3940,2.3000,18.7000,3151
3,2026-09-21,A,12:11:25.000,12:11:25.000,15:03:20.000,OppositePatternSignal,23450.0000,Put,57006,87.1500,66.7000,650,-13292.5000,27.10,-13319.6000,10315,27.9500,10.2500,3616
