TradingDate,ExpiryDate,Dte,Pattern,StateEpisodeId,SignalTimestampIST,WindowStartTimestampIST,WindowEndTimestampIST,WindowDurationSeconds,WindowBarCount,ActualWindowVolume,FuturesStart,FuturesEnd,FuturesChangePoints,FuturesReturnPct,PreSignalAbsoluteMovePoints,AtmStrike,AtmCePremium,AtmPePremium,AtmStraddlePremium,NormalizedAtmStraddle,PremiumImbalance,BandMedianStraddlePremium,SecondsSincePreviousAnyPatternEntry,SecondsSincePreviousSamePatternEntry,SecondsSincePreviousTradeExit,PreviousExitReason,PreviousTradePattern,PreviousTradePnl,WasPositionOpenAtSignal,WouldBaselineOppositePatternStrategyHaveBeenAvailable,WouldStateInvalidationStrategyHaveBeenAvailable,IsAdditionalOpportunityFromInvalidation,Forward1Pts,Forward2Pts,Forward3Pts,Forward4Pts,Forward5Pts,ExecutedUnderInvalidation,OptionMtm1,OptionMtm2,OptionMtm4,ActualOptionReturnPct,ActualMfe,ActualMae,ActualSecondsToMfe,ActualNetPnl
2026-09-04,2026-09-08,4,B,1,09:40:42.000,09:35:40.000,09:40:42.000,302,2,34840,24037.0000,24033.1000,-3.9000,-0.0162249864791779340183883200,3.9000,24050.0000,60.5000,153.0000,213.5000,0.0088835813939941164477325023,0.4332552693208430913348946136,213.5000,,,,,,,False,True,True,False,-0.3000,6.1000,-0.3000,-0.1000,-0.1000,True,0.4958677685950413223140495900,-0.1652892561983471074380165300,-0.8264462809917355371900826400,-0.4954582989265070189925681300,0.4000,0.2000,2,-219.4800
2026-09-04,2026-09-08,4,B,1,09:41:34.000,09:35:40.000,09:41:34.000,354,5,82225,24037.0000,24032.8000,-4.2000,-0.0174730623621916212505720300,4.2000,24050.0000,59.5000,156.5000,216.0000,0.0089877167870576878266369295,0.4490740740740740740740740741,216.0000,52,52,35,AtmStateInvalidation,B,-219.4800,True,False,True,True,0.2000,0.2000,0.2000,18.5000,12.3000,True,0.8403361344537815126050420200,2.2689075630252100840336134500,7.983193277310924369747899160,0.5867560771165129924559932900,0.5500,1.1000,146,203.1200
2026-09-04,2026-09-08,4,B,1,09:44:27.000,09:40:59.000,09:44:27.000,208,3,42380,24039.2000,24033.0000,-6.2000,-0.025791207694099637259143400,6.2000,24050.0000,60.8500,152.8500,213.7000,0.0088919402488245329338825781,0.430510060832943378568086102,213.7000,173,173,18,AtmStateInvalidation,B,203.1200,True,False,True,True,0.0000,18.3000,12.1000,12.1000,12.1000,True,0.0821692686935086277732128200,5.5875102711585866885784716500,4.6014790468364831552999178300,0,0.3000,0.2500,6,-24.6800
2026-09-04,2026-09-08,4,A,2,11:29:25.000,11:26:00.000,11:29:25.000,205,4,61100,24098.2000,24100.1000,1.9000,0.0078844063042052933414113900,1.9000,24100.0000,54.8000,148.1500,202.9500,0.0084211268832909407014908652,0.4599655087459965508745996551,202.9500,6298,,6261,AtmStateInvalidation,B,-24.6800,False,True,True,False,4.2000,9.8000,9.9000,10.9000,13.5000,True,-3.6787040161997975025312183600,-3.6449544380695241309483631500,-3.543705703678704016199797500,-3.7398921832884097035040431300,0.1000,5.9000,2,-3665.5300
2026-09-04,2026-09-08,4,A,2,11:42:41.000,11:38:45.000,11:42:41.000,236,2,27755,24113.6000,24114.2000,0.6000,0.0024882224139075044788003500,0.6000,24100.0000,60.0500,142.9000,202.9500,0.008416202901195146428245598,0.4082286277408228627740822863,202.9500,796,796,603,AtmStateInvalidation,A,-3665.5300,True,False,True,True,-6.1000,-3.2000,-3.0000,-1.2000,-1.2000,True,0.9097270818754373687893631900,1.889433170048985304408677400,1.0146955913226032190342897100,0.8050402520126006300315015800,2.9000,0.7500,152,689.0000
2026-09-04,2026-09-08,4,A,2,11:48:39.000,11:45:26.000,11:48:39.000,193,1,13390,24108.1000,24111.0000,2.9000,0.012029152027741713366047100,2.9000,24100.0000,58.3500,145.6000,203.9500,0.0084587947409895898137779437,0.4278009316008825692571708752,203.9500,358,358,193,AtmStateInvalidation,A,689.0000,True,False,True,True,0.2000,2.0000,2.0000,-15.5000,-19.5000,True,-0.5837912087912087912087912100,-0.8585164835164835164835164800,3.7087912087912087912087912100,-0.6868131868131868131868131900,0.3000,6.0000,2,-708.7400
2026-09-04,2026-09-08,4,A,2,11:58:43.000,11:53:12.000,11:58:43.000,331,2,26910,24111.2000,24113.0000,1.8000,0.0074654102657686054613623500,1.8000,24100.0000,59.0000,145.5500,204.5500,0.0084829759880562352258118028,0.4231239305793204595453434368,204.5500,604,604,331,AtmStateInvalidation,A,-708.7400,True,False,True,True,-17.5000,-21.5000,-23.0000,-28.0000,-46.5000,True,3.7444177258673995190656131900,5.462040535898316729646169700,10.614908965991068361387839230,3.85144429160935350756533700,6.6000,0.7500,182,3578.6600
2026-09-04,2026-09-08,4,A,4,15:19:10.000,15:15:36.000,15:19:10.000,214,1,13715,24060.0000,24062.3000,2.3000,0.0095594347464671654197838700,2.3000,24050.0000,56.0500,127.3500,183.4000,0.0076218815325218287528623615,0.3887677208287895310796074155,183.4000,12027,12027,11846,AtmStateInvalidation,A,3578.6600,False,False,False,False,-20.7000,-17.2000,-18.9000,-18.3000,-17.1000,False,9.187279151943462897526501770,11.071849234393404004711425210,4.6329014526894385551629367900,,,,,
2026-09-08,2026-09-08,0,A,1,09:19:22.000,09:15:56.000,09:19:22.000,206,6,80730,23780.0000,23788.0000,8.0000,0.0336417157275021026072329700,8.0000,23800.0000,19.2000,113.6500,132.8500,0.0055847486127459223137716496,0.7109522017312758750470455401,132.8500,,,,,,,False,True,True,False,3.0000,3.9000,1.5000,-0.3000,-2.0000,True,-1.5398152221733391992960844700,1.3638363396392432908051033900,-0.4399472063352397712274527100,-2.1006564551422319474835886200,0,2.7500,,-1605.4400
2026-09-08,2026-09-08,0,A,3,10:00:47.000,09:57:06.000,10:00:47.000,221,3,41405,23784.0000,23785.3000,1.3000,0.0054658594012781701984527400,1.3000,23800.0000,13.6500,128.1000,141.7500,0.005959563259660378469054416,0.8074074074074074074074074074,141.7500,2485,2485,2453,AtmStateInvalidation,A,-1605.4400,False,True,True,False,-5.3000,-17.3000,-20.1000,-11.3000,-9.3000,True,2.8493364558938329430132708800,4.4106167056986729117876658900,2.4980483996877439500390320100,2.8816199376947040498442367600,3.7500,1.1500,85,2351.3300
2026-09-08,2026-09-08,0,B,4,10:07:07.000,10:02:33.000,10:07:07.000,274,4,65000,23780.0000,23776.0000,-4.0000,-0.0168208578637510513036164800,4.0000,23800.0000,13.8000,128.5000,142.3000,0.0059850269179004037685060565,0.8060435699226985242445537597,142.3000,380,,274,AtmStateInvalidation,A,2351.3300,False,True,True,False,7.5000,8.0000,16.7000,33.2000,33.2000,True,8.695652173913043478260869570,13.405797101449275362318840580,15.942028985507246376811594200,6.5217391304347826086956521700,1.2000,0,91,579.0300
2026-09-08,2026-09-08,0,A,5,11:13:24.000,11:09:25.000,11:13:24.000,239,1,13000,23777.0000,23780.0000,3.0000,0.0126172351432056188753837700,3.0000,23800.0000,11.6500,123.1500,134.8000,0.0056686291000841042893187553,0.827151335311572700296735905,134.8000,3977,4357,3886,AtmStateInvalidation,B,579.0300,False,True,True,False,-3.0000,0.9000,0.0000,-8.0000,-6.2000,True,-0.5684125050751116524563540400,-0.1624035728786033292732440100,4.303694681282988225740966300,-0.9740259740259740259740259700,1.8000,3.6500,178,-829.5600
2026-09-08,2026-09-08,0,B,8,12:13:31.000,12:09:50.000,12:13:31.000,221,1,13000,23750.0000,23749.9000,-0.1000,-0.0004210526315789473684210500,0.1000,23750.0000,15.2000,97.5000,112.7000,0.0047452831380342654074332945,0.7302573203194321206743566992,112.7000,3607,7584,3325,AtmStateInvalidation,A,-829.5600,False,True,True,False,0.1000,-2.9000,6.4000,4.1000,14.6000,True,3.6184210526315789473684210500,1.3157894736842105263157894700,1.9736842105263157894736842100,3.2894736842105263157894736800,0.7000,0.7500,309,318.6200
2026-09-08,2026-09-08,0,A,9,12:52:14.000,12:46:39.000,12:52:14.000,335,1,13065,23751.1000,23751.9000,0.8000,0.0033682650487766882375974200,0.8000,23750.0000,12.7000,94.7000,107.4000,0.0045217435236760006567895621,0.7635009310986964618249534451,107.4000,2323,5930,2009,AtmStateInvalidation,B,318.6200,False,True,True,False,7.7000,1.6000,8.3000,8.0000,-1.9000,True,-5.5438225976768743400211193200,1.795142555438225976768743400,-2.7455121436114044350580781400,-5.8544303797468354430379746800,1.1000,9.1000,22,-3643.7600
2026-09-08,2026-09-08,0,B,10,14:01:36.000,13:57:23.000,14:01:36.000,253,1,13000,23739.0000,23736.0000,-3.0000,-0.012637432073802603311007200,3.0000,23750.0000,9.1500,103.7000,112.8500,0.0047543815301651499831479609,0.8378378378378378378378378378,112.8500,4162,6485,3875,AtmStateInvalidation,A,-3643.7600,False,True,True,False,2.0000,13.0000,19.0000,25.5000,12.0000,True,4.3715846994535519125683060100,7.1038251366120218579234972700,27.868852459016393442622950820,5.9782608695652173913043478300,1.1000,0.6000,206,353.5400
2026-09-08,2026-09-08,0,A,11,14:46:54.000,14:43:06.000,14:46:54.000,228,2,26325,23750.0000,23750.3000,0.3000,0.0012631578947368421052631600,0.3000,23750.0000,10.2500,99.4500,109.7000,0.0046188890245596897723397178,0.8131267092069279854147675479,109.7000,2718,6880,2370,AtmStateInvalidation,B,353.5400,False,True,True,False,6.2000,3.2000,-3.3000,-1.3000,-0.3000,True,-1.6591251885369532428355957800,2.8154851684263448969331322300,-1.4580191050779286073403720500,-1.4070351758793969849246231200,0.8000,4.4500,25,-949.8500
2026-09-08,2026-09-08,0,B,12,15:19:12.000,15:15:39.000,15:19:12.000,213,2,29250,23749.8000,23747.0000,-2.8000,-0.0117895729648249669470900800,2.8000,23750.0000,3.7500,95.2000,98.9500,0.0041668421274266223101865499,0.9242041435068216270843860536,98.9500,1938,4656,1790,AtmStateInvalidation,A,-949.8500,False,False,False,False,-6.5000,-7.0000,-7.0000,-12.0000,-3.4000,False,-73.333333333333333333333333330,-78.666666666666666666666666670,-85.33333333333333333333333333,,,,,
2026-09-09,2026-09-15,6,B,1,09:25:06.000,09:22:04.000,09:25:06.000,182,4,53170,23620.6000,23616.8000,-3.8000,-0.0160876523034977942981973400,3.8000,23600.0000,112.5500,150.6000,263.1500,0.0111424917855086209816740625,0.1445943378301349040471214136,269.5500,,,,,,,False,True,True,False,3.2000,9.7000,9.4000,2.6000,-2.9000,True,1.1106175033318525099955575300,2.5322079075966237227898711700,1.4660151043980453131941359400,0.5312084993359893758300132800,1.2000,1.2000,31,343.8700
2026-09-09,2026-09-15,6,A,2,09:36:42.000,09:32:37.000,09:36:42.000,245,3,59735,23620.0000,23623.5000,3.5000,0.014817950889077053344623200,3.5000,23600.0000,112.8500,148.2000,261.0500,0.0110504370647871822549579868,0.1354146715188661176019919556,267.6500,696,,658,AtmStateInvalidation,B,343.8700,False,True,True,False,0.0000,0.0000,6.5000,9.8000,13.5000,True,0,-0.9109311740890688259109311700,-4.824561403508771929824561400,-1.1096166778749159381304640200,0,2.2500,,-1132.2400
2026-09-09,2026-09-15,6,A,2,09:42:27.000,09:38:38.000,09:42:27.000,229,5,86060,23633.3000,23635.0000,1.7000,0.0071932400468829998349786100,1.7000,23650.0000,94.7000,168.9000,263.6000,0.0111529511317960651576052465,0.2814871016691957511380880121,263.6000,345,345,325,AtmStateInvalidation,A,-1132.2400,True,False,True,True,5.0000,-6.0000,-8.8000,-18.0000,-13.0000,True,-1.5689757252812314979277679100,1.036116044997039668442865600,4.7957371225577264653641207800,0,1.3000,6.3500,171,-68.8000
2026-09-09,2026-09-15,6,A,4,10:03:50.000,10:00:18.000,10:03:50.000,212,5,69355,23589.2000,23589.3000,0.1000,0.0004239228121343665745341100,0.1000,23600.0000,99.6500,162.8000,262.4500,0.0111258070396323756957603659,0.2406172604305582015622023243,262.4500,1283,1283,1112,AtmStateInvalidation,A,-68.8000,False,True,True,False,0.1000,0.7000,-6.9000,-4.3000,0.7000,True,0.4914004914004914004914004900,0.4914004914004914004914004900,1.3820638820638820638820638800,0.3680981595092024539877300600,1.7500,2.5000,3,323.5400
2026-09-09,2026-09-15,6,A,4,10:09:07.000,10:04:38.000,10:09:07.000,269,4,52455,23589.4000,23590.0000,0.6000,0.0025435153077229603126828200,0.6000,23600.0000,98.6000,166.3000,264.9000,0.0112293344637558287409919457,0.2555681389203473008682521706,264.9000,317,317,269,AtmStateInvalidation,A,323.5400,True,False,True,True,-0.6000,-3.1000,2.7000,3.8000,7.1000,True,-1.1725796752856283824413710200,-0.6915213469633193024654239300,-4.3896572459410703547805171400,-0.7539203860072376357056694800,0.4500,2.3000,5,-879.3500
2026-09-09,2026-09-15,6,B,5,10:29:39.000,10:26:33.000,10:29:39.000,186,3,40170,23654.0000,23653.8000,-0.2000,-0.0008455229559482539950959700,0.2000,23650.0000,100.0500,153.7000,253.7500,0.0107276632084485368101531255,0.2114285714285714285714285714,258.6500,1232,3873,1167,AtmStateInvalidation,A,-879.3500,False,True,True,False,2.7000,-2.7000,-7.8000,-5.1000,-25.9000,True,0.4497751124437781109445277400,-1.1994002998500749625187406300,-1.7991004497751124437781109400,0.3004506760140210315473209800,1.1500,0.3000,7,154.3100
2026-09-09,2026-09-15,6,A,6,10:30:55.000,10:27:55.000,10:30:55.000,180,4,53690,23651.0000,23651.1000,0.1000,0.0004228151029554775696587900,0.1000,23650.0000,98.8500,156.0500,254.9000,0.0107775114053891785160098262,0.2244017261671243624950961161,258.2500,76,1308,54,AtmStateInvalidation,B,154.3100,False,True,True,False,-5.1000,-2.4000,-23.2000,-25.1000,-35.1000,True,3.2361422620954822172380647200,1.0893944248638256968920217900,10.509452098686318487664210190,2.644996813256851497769279800,5.1000,1.4500,71,2632.0700
2026-09-09,2026-09-15,6,B,7,11:43:05.000,11:30:01.000,11:43:05.000,784,1,13000,23635.2000,23633.0000,-2.2000,-0.0093081505551042512862171700,2.2000,23650.0000,91.8500,159.0000,250.8500,0.0106143951254601616383870012,0.2676898544947179589396053418,250.8500,4330,4406,4242,AtmStateInvalidation,A,2632.0700,False,True,True,False,-12.0000,-24.5000,-27.7000,-28.0000,-36.4000,True,-4.9537289058247142079477408800,-9.907457811649428415895481760,-13.500272182906913445835601520,-5.1086956521739130434782608700,4.2000,4.9500,158,-3090.4700
2026-09-09,2026-09-15,6,A,8,12:07:43.000,12:04:15.000,12:07:43.000,208,2,28015,23582.0000,23587.3000,5.3000,0.0224747688915274361801373900,5.3000,23600.0000,92.4500,163.2000,255.6500,0.0108384596795733297155672756,0.2767455505574026990025425386,255.6500,1478,5808,1040,AtmStateInvalidation,B,-3090.4700,False,True,True,False,1.7000,0.6000,-2.3000,-0.1000,-3.3000,True,-2.6348039215686274509803921600,-1.3480392156862745098039215700,-5.2083333333333333333333333300,-1.529519730804527378403181400,0.3500,5.4500,15,-1690.3900
2026-09-09,2026-09-15,6,B,9,12:12:47.000,12:09:14.000,12:12:47.000,213,2,26520,23589.0000,23585.0000,-4.0000,-0.0169570562550341260757132600,4.0000,23600.0000,96.4000,156.1500,252.5500,0.0107080771676913292346830613,0.2365868144921797663828944763,252.5500,304,1782,92,AtmStateInvalidation,A,-1690.3900,False,True,True,False,2.2000,-1.0000,7.2000,5.0000,20.0000,True,0.2074688796680497925311203300,-0.4668049792531120331950207500,-0.0518672199170124481327800800,-0.4149377593360995850622406600,1.2000,2.3000,82,-299.0000
2026-09-09,2026-09-15,6,A,10,12:21:58.000,12:18:28.000,12:21:58.000,210,1,13065,23584.0000,23592.2000,8.2000,0.0347693351424694708276797800,8.2000,23600.0000,95.0000,159.0500,254.0500,0.0107683895524792092301692932,0.2521157252509348553434363314,254.0500,551,855,210,AtmStateInvalidation,B,-299.0000,False,True,True,False,-2.2000,12.8000,21.8000,37.3000,47.4000,True,-2.2948758252121974221942785300,-5.9100911662999056900345803200,-17.353033637220999685633448600,-2.448210922787193973634651600,3.0500,3.9000,55,-2598.1300
2026-09-09,2026-09-15,6,B,11,14:04:38.000,14:00:41.000,14:04:38.000,237,1,14495,23658.0000,23652.6000,-5.4000,-0.0228252599543494800913010400,5.4000,23650.0000,99.0500,141.0000,240.0500,0.010148989963048459788775864,0.174755259320974796917308894,247.6000,6160,6711,6032,AtmStateInvalidation,A,-2598.1300,False,True,True,False,7.5000,14.4000,-2.6000,-12.1000,-12.6000,True,-1.5143866733972741039878849100,-2.1201413427561837455830388700,-10.449268046441191317516405860,-1.2626262626262626262626262600,3.3000,1.4500,99,-852.2100
2026-09-09,2026-09-15,6,A,12,14:08:13.000,14:04:38.000,14:08:13.000,215,2,26520,23652.6000,23667.0000,14.4000,0.0608812561832525811115902700,14.4000,23650.0000,96.9500,142.6000,239.5500,0.0101216884269235644568386361,0.1905656439156752243790440409,245.7000,215,6375,66,AtmStateInvalidation,B,-852.2100,False,True,True,False,-17.0000,-26.5000,-27.0000,-16.9000,-25.1000,True,1.9985974754558204768583450200,5.6100981767180925666199158500,3.3309957924263674614305750400,1.8239214310768151525780427900,6.4500,0.7000,167,1631.0300
2026-09-10,2026-09-15,5,A,1,09:21:08.000,09:17:52.000,09:21:08.000,196,3,39780,23545.0000,23547.0000,2.0000,0.008494372478233170524527500,2.0000,23550.0000,86.9000,142.9000,229.8000,0.009759204994266785577780609,0.2436901653611836379460400348,232.1500,,,,,,,False,True,True,False,-1.0000,-22.0000,-26.3000,-31.5000,-18.9000,True,3.3939818054583624912526242100,10.496850944716585024492652200,10.356892932120363890832750170,2.4458420684835779175401816900,4.6500,6.5000,68,2215.4400
2026-09-10,2026-09-15,5,B,2,11:10:01.000,11:02:46.000,11:10:01.000,435,1,13000,23524.1000,23517.9000,-6.2000,-0.0263559498556799197418817300,6.2000,23500.0000,96.7000,123.7000,220.4000,0.0093715850479847265274535567,0.1225045372050816696914700544,226.9000,6533,,6465,AtmStateInvalidation,A,2215.4400,False,True,True,False,34.6000,22.4000,16.1000,7.1000,7.1000,True,10.548086866597724922440537750,6.2564632885211995863495346400,0.1551189245087900723888314400,10.548086866597724922440537750,11.5500,0.2500,292,6586.5700
2026-09-10,2026-09-15,5,A,3,12:23:44.000,12:17:50.000,12:23:44.000,354,2,28145,23553.0000,23561.6000,8.6000,0.0365133953211905065172164900,8.6000,23550.0000,86.5000,132.1000,218.6000,0.0092778079587124813255466522,0.208600182982616651418115279,224.5000,4423,10956,4128,AtmStateInvalidation,B,6586.5700,False,True,True,False,-9.6000,-12.1000,-15.5000,-29.6000,-44.0000,True,-0.3406510219530658591975775900,1.665404996214988644965934900,5.6018168054504163512490537500,-2.0461309523809523809523809500,0,6.4500,,-1840.9800
2026-09-10,2026-09-15,5,A,5,13:47:08.000,13:41:21.000,13:47:08.000,347,1,13520,23520.6000,23522.8000,2.2000,0.0093535028868311182537860400,2.2000,23500.0000,90.8500,118.6000,209.4500,0.0089041270597037767612699168,0.1324898543805204105991883504,216.9500,5004,5004,4707,AtmStateInvalidation,A,-1840.9800,False,True,True,False,-6.8000,-15.6000,-17.0000,-21.8000,-14.8000,True,1.0118043844856661045531197300,4.8060708263069139966273187200,6.3237774030354131534569983100,0.8435259384226064951497258500,4.8500,3.3500,107,601.4300
2026-09-10,2026-09-15,5,A,5,14:04:29.000,13:59:10.000,14:04:29.000,319,3,42900,23507.2000,23508.0000,0.8000,0.0034032126327252926762864100,0.8000,23500.0000,82.7500,126.4500,209.2000,0.0088990981793432023141058363,0.2088910133843212237093690249,215.5500,1041,1041,569,AtmStateInvalidation,A,601.4300,True,False,True,True,-6.4000,-8.0000,-16.0000,-19.2000,-19.0000,True,-2.2143139580862000790826413600,0.3558718861209964412811387900,4.744958481613285883748517200,-2.2099447513812154696132596700,5.2000,3.1500,35,-1870.3300
2026-09-10,2026-09-15,5,B,6,14:07:05.000,14:03:08.000,14:07:05.000,237,3,42445,23505.8000,23501.6000,-4.2000,-0.0178679304682248636506734500,4.2000,23500.0000,83.8000,123.6500,207.4500,0.0088270585832453960581407223,0.1920944805977343938298385153,214.8500,156,10624,0,AtmStateInvalidation,A,-1870.3300,False,True,True,False,-1.6000,-9.6000,-12.8000,-12.6000,-11.6000,True,-1.1933174224343675417661097900,-3.1026252983293556085918854400,-5.4892601431980906921241050100,-1.5485407980941036331149493700,0,3.4500,,-878.5800
2026-09-10,2026-09-15,5,A,7,14:29:54.000,14:21:25.000,14:29:54.000,509,1,13130,23499.0000,23500.0000,1.0000,0.0042555002340525128728882100,1.0000,23500.0000,83.0000,127.3500,210.3500,0.0089510638297872340425531915,0.2108390777275968623722367483,216.0000,1369,1525,1059,AtmStateInvalidation,B,-878.5800,False,True,True,False,-17.1000,-22.0000,-13.2000,3.5000,5.0000,True,5.2218296034550451511582253600,9.736945425991362387122104440,-2.2379269729093050647820965800,4.7861906630051000392310710100,6.6000,1.9000,478,3910.7500
2026-09-10,2026-09-15,5,A,7,15:06:49.000,15:03:49.000,15:06:49.000,180,3,40690,23464.2000,23465.6000,1.4000,0.0059665362552313737523546500,1.4000,23450.0000,92.6000,116.7500,209.3500,0.0089215702986499386335742534,0.1153570575591115357057559112,215.3500,2215,2215,1735,AtmStateInvalidation,A,3910.7500,True,False,False,False,-1.2000,-3.1000,-0.6000,0.8000,3.6000,False,-1.5845824411134903640256959300,-1.4132762312633832976445396100,-1.9271948608137044967880085700,,,,,
2026-09-10,2026-09-15,5,A,9,15:14:12.000,15:10:19.000,15:14:12.000,233,6,91975,23465.0000,23475.0000,10.0000,0.0426166631152780737268271900,10.0000,23450.0000,91.3500,118.0500,209.4000,0.0089201277955271565495207668,0.1275071633237822349570200573,217.1500,443,443,2178,AtmStateInvalidation,A,3910.7500,False,False,False,False,-5.6000,-11.7000,-15.0000,-7.4000,18.5000,False,-5.8873358746293943244387971200,-2.0753917831427361287590004200,-4.5319779754341380770859805200,,,,,
2026-09-10,2026-09-15,5,B,10,15:16:24.000,15:13:01.000,15:16:24.000,203,3,44590,23470.0000,23469.4000,-0.6000,-0.002556455048998721772475500,0.6000,23450.0000,94.5000,111.1000,205.6000,0.0087603432554730841009995995,0.0807392996108949416342412451,211.8500,132,4159,2310,AtmStateInvalidation,A,3910.7500,False,False,False,False,-6.1000,-9.4000,-1.8000,24.1000,15.6000,False,-2.4867724867724867724867724900,-4.0740740740740740740740740700,6.2433862433862433862433862400,,,,,
2026-09-10,2026-09-15,5,A,11,15:26:35.000,15:23:24.000,15:26:35.000,191,2,26195,23485.0000,23492.0000,7.0000,0.0298062593144560357675111800,7.0000,23500.0000,75.9000,130.9000,206.8000,0.0088029967648561212327600885,0.2659574468085106382978723404,207.1000,611,743,2921,AtmStateInvalidation,A,3910.7500,False,False,False,False,2.9000,3.8000,10.0000,10.2000,,False,-0.8021390374331550802139037400,0.1145912910618792971734148200,-6.7608861726508785332314744100,,,,,
2026-09-10,2026-09-15,5,A,11,15:28:56.000,15:24:04.000,15:28:56.000,292,3,44330,23483.5000,23495.8000,12.3000,0.0523772010134775480656631300,12.3000,23500.0000,76.3000,131.0500,207.3500,0.0088249814860528264626018267,0.2640462985290571497468049192,208.0500,141,141,3062,AtmStateInvalidation,A,3910.7500,False,False,False,False,6.2000,6.4000,,,,False,-8.088515833651278138115223200,-6.8676077832888210606638687500,,,,,,
2026-09-11,2026-09-15,4,B,1,09:24:42.000,09:21:39.000,09:24:42.000,183,5,66560,23315.0000,23310.0000,-5.0000,-0.0214454214025305597254986100,5.0000,23300.0000,87.1000,122.9500,210.0500,0.009011154011154011154011154,0.1706736491311592477981432992,218.5000,,,,,,,False,True,True,False,6.4000,9.1000,6.6000,8.5000,8.7000,True,0.2870264064293915040183696900,1.3203214695752009184845005700,0.8036739380022962112514351300,0.1720183486238532110091743100,0.6500,1.1500,4,62.0100
2026-09-11,2026-09-15,4,B,3,11:08:33.000,11:03:22.000,11:08:33.000,311,2,26390,23361.9000,23355.4000,-6.5000,-0.0278230794584344595259803400,6.5000,23350.0000,84.0000,126.7000,210.7000,0.0090214682685802855014257945,0.2026578073089700996677740864,215.7000,6231,6231,6194,AtmStateInvalidation,B,62.0100,False,True,True,False,9.0000,15.6000,22.6000,25.9000,27.3000,True,2.8571428571428571428571428600,4.7619047619047619047619047600,13.452380952380952380952380950,2.372479240806642941874258600,3.6500,1.1500,78,1264.9400
2026-09-11,2026-09-15,4,B,3,12:26:45.000,12:21:00.000,12:26:45.000,345,1,13000,23410.0000,23403.2000,-6.8000,-0.0290474156343442973088423800,6.8000,23400.0000,83.9500,126.9500,210.9000,0.0090115881588842551445956109,0.2038880986249407302038880986,218.8500,4692,4692,4582,AtmStateInvalidation,B,1264.9400,True,False,True,True,19.4000,15.9000,4.4000,4.7000,16.8000,True,2.9184038117927337701012507400,2.0845741512805241215008933900,3.2162001191185229303156640900,1.7231134878193701723113487800,2.2500,4.0000,355,907.7200
2026-09-11,2026-09-15,4,B,5,12:43:12.000,12:39:02.000,12:43:12.000,250,3,40885,23420.0000,23416.5000,-3.5000,-0.0149444918872758326216908600,3.5000,23400.0000,91.0000,118.5000,209.5000,0.0089466828945401746631648624,0.1312649164677804295942720764,216.7500,987,987,632,AtmStateInvalidation,B,907.7200,False,True,True,False,-11.4000,-9.8000,-13.5000,-6.5000,-13.8000,True,-8.571428571428571428571428570,-8.406593406593406593406593410,-11.263736263736263736263736260,-9.645776566757493188010899180,0.7000,9.7000,15,-5786.1800
2026-09-11,2026-09-15,4,A,6,12:51:11.000,12:47:59.000,12:51:11.000,192,2,27820,23406.7000,23410.0000,3.3000,0.0140985273447346272648429700,3.3000,23400.0000,80.7500,126.7500,207.5000,0.0088637334472447671935070483,0.2216867469879518072289156627,214.4500,479,,265,AtmStateInvalidation,B,-5786.1800,False,True,True,False,-7.3000,-10.6000,-6.3000,-7.5000,-2.6000,True,1.8934911242603550295857988200,0.2761341222879684418145956600,-1.7751479289940828402366863900,1.7322834645669291338582677200,2.3000,0.6000,39,1377.5100
2026-09-11,2026-09-15,4,A,6,12:52:38.000,12:49:01.000,12:52:38.000,217,4,55380,23403.0000,23403.7000,0.7000,0.0029910695210015809938896700,0.7000,23400.0000,82.5000,124.9000,207.4000,0.0088618466310882467302178715,0.2044358727097396335583413693,215.1500,87,87,46,AtmStateInvalidation,A,1377.5100,True,False,True,True,-1.2000,3.7000,15.3000,6.3000,4.3000,True,-0.3202562049639711769415532400,-2.241793434747798238590872700,-1.5612489991993594875900720600,0.2805611222444889779559118200,1.3500,0.7000,9,176.6800
2026-09-11,2026-09-15,4,B,7,12:54:16.000,12:51:11.000,12:54:16.000,185,5,68380,23410.0000,23407.4000,-2.6000,-0.0111063648013669372063220800,2.6000,23400.0000,84.5000,122.1000,206.6000,0.0088262686159077898442372925,0.18199419167473378509196515,215.3500,98,664,73,AtmStateInvalidation,A,176.6800,False,True,True,False,11.6000,2.6000,0.6000,0.1000,14.6000,True,-0.7100591715976331360946745600,-0.1775147928994082840236686400,-0.8284023668639053254437869800,-0.5322294500295683027794204600,0.9500,1.2000,28,-326.6700
2026-09-11,2026-09-15,4,A,8,12:58:01.000,12:54:16.000,12:58:01.000,225,4,53560,23407.4000,23407.5000,0.1000,0.0004272153250681408443483700,0.1000,23400.0000,83.8000,123.4500,207.2500,0.0088539997863932500267008437,0.1913148371531966224366706876,215.2000,225,323,179,AtmStateInvalidation,B,-326.6700,False,True,True,False,14.5000,7.4000,-21.3000,-26.7000,-22.4000,True,-1.9846091535034426893479141400,1.7010935601458080194410692600,10.368570271364925070878898340,-2.2312373225152129817444219100,0.2500,5.5000,1,-1836.4500
2026-09-11,2026-09-15,4,A,8,13:01:26.000,12:58:01.000,13:01:26.000,205,2,26975,23407.5000,23414.9000,7.4000,0.0316137989960482751254939700,7.4000,23400.0000,81.0500,125.5500,206.6000,0.0088234414838414855497994867,0.2153920619554695062923523717,213.7000,205,205,126,AtmStateInvalidation,A,-1836.4500,True,False,True,True,-28.7000,-34.1000,-29.8000,-9.9000,-8.6000,True,5.416168857029072082835523700,8.522500995619275189167662290,-1.1549183592194344882516925500,4.7054171609331751680506128900,7.0500,2.4500,214,3813.7100
2026-09-11,2026-09-15,4,A,8,13:36:12.000,13:31:21.000,13:36:12.000,291,1,13065,23406.3000,23410.4000,4.1000,0.017516651499809880245916700,4.1000,23400.0000,79.8500,124.5000,204.3500,0.0087290264156101561699073916,0.2184976755566430144360166381,211.7500,2086,2086,1868,AtmStateInvalidation,A,3813.7100,True,False,True,True,-2.9000,-7.2000,-35.3000,-20.0000,-10.4000,True,1.6064257028112449799196787100,4.8594377510040160642570281100,3.0522088353413654618473895600,1.042920176494183714400320900,3.1000,1.3500,78,793.8300
2026-09-11,2026-09-15,4,B,9,13:44:31.000,13:41:19.000,13:44:31.000,192,2,26390,23403.2000,23390.4000,-12.8000,-0.0546933752649210364394612700,12.8000,23400.0000,77.8000,128.3000,206.1000,0.0088113072029550584855325262,0.2450266860747210092188258127,210.8000,499,3015,309,AtmStateInvalidation,A,793.8300,False,True,True,False,9.6000,18.8000,17.7000,19.1000,15.2000,True,-1.8637532133676092544987146500,-0.8997429305912596401028277600,-0.9640102827763496143958868900,-1.8661518661518661518661518700,0.6000,6.5500,2,-973.4800
2026-09-11,2026-09-15,4,A,10,13:48:43.000,13:44:31.000,13:48:43.000,252,5,72540,23390.4000,23405.6000,15.2000,0.0649839250290717559340584200,15.2000,23400.0000,74.8500,129.0500,203.9000,0.00871159038862494445773661,0.265816576753310446297204512,207.8000,252,751,86,AtmStateInvalidation,B,-973.4800,False,True,True,False,-0.7000,-0.6000,24.4000,25.1000,9.8000,True,-3.9132119333591631150716776400,-5.0755521115846571096474234800,-11.894614490507555211158465710,-3.5755926933540614069179945600,1.1000,8.5000,18,-3040.4000
2026-09-11,2026-09-15,4,B,11,13:52:06.000,13:48:43.000,13:52:06.000,203,1,13325,23405.6000,23404.9000,-0.7000,-0.0029907372594592747034897600,0.7000,23400.0000,79.9500,124.0000,203.9500,0.0087139872419877888818153464,0.2159843098798725177739642069,211.2500,203,455,0,AtmStateInvalidation,A,-3040.4000,False,True,True,False,0.1000,25.1000,25.8000,10.5000,5.1000,True,1.6260162601626016260162601600,13.696060037523452157598499060,10.193871169480925578486554100,10.169491525423728813559322030,11.2500,0.1500,130,5229.3500
2026-09-15,2026-09-15,0,A,1,09:33:14.000,09:29:39.000,09:33:14.000,215,3,40820,23486.1000,23494.0000,7.9000,0.0336369171552535329407607100,7.9000,23500.0000,38.0000,81.8000,119.8000,0.0050991742572571720439261088,0.3656093489148580968280467446,127.3500,,,,,,,False,True,True,False,-5.8000,-6.1000,-10.9000,-13.4000,-2.0000,True,-6.5403422982885085574572127100,-1.0391198044009779951100244500,1.7726161369193154034229828900,-6.5403422982885085574572127100,1.6000,5.3500,18,-3508.5600
2026-09-15,2026-09-15,0,A,1,10:52:24.000,10:47:05.000,10:52:24.000,319,2,27170,23373.5000,23374.0000,0.5000,0.0021391747063982715468372300,0.5000,23350.0000,53.3500,64.2500,117.6000,0.0050312312826217164370668264,0.0926870748299319727891156463,129.0000,4750,4750,4635,AtmStateInvalidation,A,-3508.5600,True,False,True,True,-4.0000,-4.1000,1.0000,9.0000,5.5000,True,2.2568093385214007782101167300,1.9455252918287937743190661500,-13.151750972762645914396887160,1.7829457364341085271317829500,3.2500,1.7000,7,720.8300
2026-09-15,2026-09-15,0,A,1,11:18:38.000,11:14:05.000,11:18:38.000,273,1,13715,23375.0000,23377.5000,2.5000,0.0106951871657754010695187200,2.5000,23400.0000,33.5000,91.0000,124.5000,0.0053256336220725056143727944,0.4618473895582329317269076305,124.5000,1574,1574,1479,AtmStateInvalidation,A,720.8300,True,False,True,True,-13.7000,-3.4000,-21.6000,-11.5000,-10.2000,True,2.2527472527472527472527472500,0,4.395604395604395604395604400,4.7804335742078932740411339600,10.2500,0,118,2756.7100
2026-09-15,2026-09-15,0,A,1,11:42:11.000,11:38:57.000,11:42:11.000,194,2,27235,23374.3000,23380.0000,5.7000,0.0243857570066269364216254600,5.7000,23400.0000,33.3500,90.0000,123.3500,0.0052758768177929854576561163,0.4592622618565058775841102554,123.3500,1413,1413,1208,AtmStateInvalidation,A,2756.7100,True,False,True,True,0.0000,0.0000,-3.5000,4.5000,0.0000,True,0.9444444444444444444444444400,2.9444444444444444444444444400,-3.1111111111111111111111111100,-4.8943270300333704115684093400,2.9000,5.8500,62,-2894.7300
2026-09-15,2026-09-15,0,B,2,11:44:33.000,11:41:07.000,11:44:33.000,206,4,54015,23384.3000,23376.5000,-7.8000,-0.033355713021129561286846300,7.8000,23400.0000,35.6500,85.7500,121.4000,0.0051932496310397193762967082,0.4126853377265238879736408567,121.4000,142,,0,AtmStateInvalidation,A,-2894.7300,False,True,True,False,8.0000,3.5000,3.5000,3.5000,-0.5000,True,-3.3660589060308555399719495100,-11.921458625525946704067321180,-9.116409537166900420757363250,-2.6685393258426966292134831500,0.7500,2.3500,18,-631.5800
2026-09-15,2026-09-15,0,A,3,11:49:26.000,11:44:33.000,11:49:26.000,293,1,13650,23376.5000,23384.5000,8.0000,0.0342224028404594357581331700,8.0000,23400.0000,34.4500,87.2000,121.6500,0.0052021638264662490110970942,0.4336210439786272092067406494,121.6500,293,435,0,AtmStateInvalidation,B,-631.5800,False,True,True,False,-4.5000,-4.5000,-4.5000,-8.5000,0.1000,True,5.7339449541284403669724770600,5.7339449541284403669724770600,8.199541284403669724770642200,7.8295912492803684513529073100,10.0500,0.3500,273,4381.9500
2026-09-15,2026-09-15,0,A,5,13:03:11.000,12:59:24.000,13:03:11.000,227,2,44720,23346.0000,23349.2000,3.2000,0.0137068448556497901139381500,3.2000,23350.0000,28.2000,74.9500,103.1500,0.0044177102427492162472375927,0.4532234609791565681047018905,104.1000,4425,4425,4089,AtmStateInvalidation,A,4381.9500,False,True,True,False,0.0000,4.9000,-6.7000,-22.2000,-21.1000,True,0,-6.3375583722481654436290860600,12.208138759172781854569713140,-4.481605351170568561872909700,0.4500,5.1500,1,-2206.5100
2026-09-15,2026-09-15,0,B,6,13:15:14.000,13:11:49.000,13:15:14.000,205,2,26845,23327.0000,23326.2000,-0.8000,-0.003429502293479658764521800,0.8000,23350.0000,24.1000,78.8000,102.9000,0.0044113486122900429559894025,0.5315840621963070942662779397,102.9000,723,5441,651,AtmStateInvalidation,A,-2206.5100,False,True,True,False,4.5000,3.8000,-1.2000,2.8000,-2.2000,True,-8.091286307053941908713692950,-6.8464730290456431535269709500,-14.315352697095435684647302900,-9.053497942386831275720164610,0.3500,2.3000,5,-1438.9800
2026-09-15,2026-09-15,0,A,7,13:16:53.000,13:12:47.000,13:16:53.000,246,2,26780,23328.1000,23330.7000,2.6000,0.0111453568871875549230327400,2.6000,23350.0000,22.1500,83.4500,105.6000,0.004526225102547287479586982,0.5804924242424242424242424242,105.6000,99,822,0,AtmStateInvalidation,B,-1438.9800,False,True,True,False,-0.7000,-5.7000,-1.7000,-6.7000,6.0000,True,-1.0185739964050329538645895700,-3.5949670461354104254044337900,0.5392450569203115638106650700,-3.3052884615384615384615384600,5.5000,8.0000,4,-1820.1800
2026-09-15,2026-09-15,0,B,8,13:20:35.000,13:16:53.000,13:20:35.000,222,2,26065,23330.7000,23325.0000,-5.7000,-0.0244313286785222903727706400,5.7000,23350.0000,23.6000,80.4500,104.0500,0.0044608788853161843515541265,0.5463719365689572320999519462,104.0500,222,321,0,AtmStateInvalidation,A,-1820.1800,False,True,True,False,4.0000,-1.0000,11.7000,-4.1000,-17.0000,True,-12.500,-9.745762711864406779661016950,-16.313559322033898305084745760,-13.713080168776371308016877640,0,3.5000,,-2120.8100
2026-09-15,2026-09-15,0,A,9,13:57:04.000,13:52:51.000,13:57:04.000,253,1,13260,23311.3000,23324.2000,12.9000,0.0553379691394302334061163500,12.9000,23300.0000,36.2000,60.0000,96.2000,0.0041244715788751597053703878,0.2474012474012474012474012474,113.5500,2189,2411,2030,AtmStateInvalidation,B,-2120.8100,False,True,True,False,-4.2000,-9.2000,-14.7000,-30.3000,-42.2000,True,0.5833333333333333333333333300,1.00,12.583333333333333333333333330,-0.2481389578163771712158808900,0.8500,2.7500,104,-122.0000
2026-09-15,2026-09-15,0,A,11,14:45:04.000,14:41:30.000,14:45:04.000,214,5,66950,23254.0000,23254.3000,0.3000,0.0012901006278489722198331500,0.3000,23250.0000,34.9000,66.4500,101.3500,0.0043583337275256619205910305,0.3112974839664528860384805131,114.6000,2880,2880,2704,AtmStateInvalidation,A,-122.0000,False,True,True,False,-2.7000,-6.3000,-29.3000,-29.8000,-52.7000,True,3.9879608728367193378480060200,7.449209932279909706546275400,26.787057938299473288186606470,4.4039483675018982536066818500,3.4500,0,49,1857.0700
2026-09-15,2026-09-15,0,B,12,14:56:26.000,14:52:19.000,14:56:26.000,247,8,120185,23223.0000,23221.6000,-1.4000,-0.0060285062222796365671963100,1.4000,23200.0000,42.3000,53.4500,95.7500,0.0041233162228270231164088607,0.1164490861618798955613577023,108.5500,682,5751,631,AtmStateInvalidation,A,1857.0700,False,True,True,False,-13.5000,-11.7000,-1.7000,0.4000,11.9000,True,-0.8274231678486997635933806100,-2.8368794326241134751773049600,-5.5555555555555555555555555600,-3.0660377358490566037735849100,0.3500,1.9000,87,-861.7000
2026-09-15,2026-09-15,0,B,12,15:03:41.000,14:59:55.000,15:03:41.000,226,4,60970,23219.9000,23214.1000,-5.8000,-0.0249785744124651699619722700,5.8000,23200.0000,41.1500,54.6000,95.7500,0.0041246483818024390348968946,0.1404699738903394255874673629,109.0500,435,435,303,AtmStateInvalidation,B,-861.7000,True,False,False,False,15.9000,12.9000,3.9000,19.3000,7.9000,False,15.431348724179829890643985420,4.7387606318347509113001215100,14.337788578371810449574726610,,,,,
2026-09-15,2026-09-15,0,B,12,15:11:21.000,15:07:38.000,15:11:21.000,223,3,40560,23233.4000,23229.9000,-3.5000,-0.015064519183589143216231800,3.5000,23250.0000,29.8500,75.1000,104.9500,0.0045178842784514784824730197,0.4311576941400666984278227727,108.7500,460,460,763,AtmStateInvalidation,B,-861.7000,True,False,False,False,13.1000,1.5000,4.7000,-2.9000,0.1000,False,4.3551088777219430485762144100,1.1725293132328308207705192600,-5.1926298157453936348408710200,,,,,
2026-09-15,2026-09-15,0,A,13,15:15:05.000,15:11:21.000,15:15:05.000,224,3,40430,23229.9000,23234.6000,4.7000,0.0202325451250328240758677400,4.7000,23250.0000,23.8000,87.2500,111.0500,0.0047795098689024127809387723,0.5713642503376857271499324629,111.0500,224,1801,987,AtmStateInvalidation,B,-861.7000,False,False,False,False,-7.6000,-4.6000,-2.8000,5.6000,-3.1000,False,-25.558739255014326647564469910,1.3753581661891117478510028700,-4.126074498567335243553008600,,,,,
2026-09-16,2026-09-22,6,A,1,09:22:21.000,09:19:11.000,09:22:21.000,190,4,56225,23308.7000,23311.7000,3.0000,0.0128707306713802142547632400,3.0000,23300.0000,145.1000,173.3500,318.4500,0.0136605223986238669852477511,0.0887109436332234259695399592,322.8000,,,,,,,False,True,True,False,2.9000,-8.7000,-22.3000,-26.1000,-21.0000,True,-1.8459763484280357657917507900,1.3267955004326507066628208800,5.2783386212864147678107874200,1.8367346938775510204081632700,4.1500,6.3500,105,1976.5500
2026-09-16,2026-09-22,6,B,2,09:34:01.000,09:30:44.000,09:34:01.000,197,5,71435,23260.0000,23254.9000,-5.1000,-0.0219260533104041272570937200,5.1000,23250.0000,157.7500,172.3500,330.1000,0.0141948578579138160129693097,0.0442290215086337473492880945,335.2000,700,,595,AtmStateInvalidation,A,1976.5500,False,True,True,False,25.1000,-2.9000,-17.9000,-30.9000,-27.8000,True,3.4548335974643423137876386700,-4.81774960380348652931854200,-11.251980982567353407290015850,3.4920634920634920634920634900,6.4000,0.4500,46,3508.7800
2026-09-16,2026-09-22,6,A,3,12:23:32.000,12:17:27.000,12:23:32.000,365,1,13000,23285.0000,23289.4000,4.4000,0.0188962851621215374704745500,4.4000,23300.0000,137.1000,178.1500,315.2500,0.0135362010184890980446039829,0.1302141157811260904044409199,318.6000,10171,10871,10119,AtmStateInvalidation,B,3508.7800,False,True,True,False,0.6000,25.6000,10.6000,17.6000,13.9000,True,-2.7224249228178501262980634300,-6.9042941341566095986528206600,-6.0623070446253157451585742400,-1.8477043673012318029115341500,6.7500,5.3000,271,-2216.2200
2026-09-16,2026-09-22,6,A,5,13:17:05.000,13:12:46.000,13:17:05.000,259,4,59735,23320.5000,23322.0000,1.5000,0.0064321090885701421496108600,1.5000,23300.0000,147.1500,163.0000,310.1500,0.0132986021782008404081982677,0.0511043043688537804288247622,314.8000,3213,3213,2717,AtmStateInvalidation,A,-2216.2200,False,True,True,False,-7.4000,-25.4000,-41.9000,-49.0000,-50.1000,True,-1.5337423312883435582822085900,3.2208588957055214723926380400,12.024539877300613496932515340,-1.0477657935285053929121725700,1.7000,9.1000,7,-1170.2200
2026-09-16,2026-09-22,6,B,6,13:21:56.000,13:17:05.000,13:21:56.000,291,1,13390,23322.0000,23314.6000,-7.4000,-0.0317296972815367464196895600,7.4000,23300.0000,148.5000,160.5000,309.0000,0.0132534978082403300935894247,0.0388349514563106796116504854,313.5500,291,13675,0,AtmStateInvalidation,A,-1170.2200,False,True,True,False,-18.0000,-34.5000,-41.6000,-42.7000,-36.1000,True,-5.7239057239057239057239057200,-11.919191919191919191919191920,-12.289562289562289562289562290,-5.8507061197041022192333557500,1.2000,10.1500,8,-5711.8800
2026-09-16,2026-09-22,6,A,7,13:37:39.000,13:33:55.000,13:37:39.000,224,1,13000,23271.9000,23278.5000,6.6000,0.0283603831229938251711291300,6.6000,23300.0000,128.0500,185.7500,313.8000,0.0134802500161092853921000064,0.1838750796685787125557680051,317.8500,943,1234,706,AtmStateInvalidation,B,-5711.8800,False,True,True,False,-18.5000,-23.5000,-4.0000,-18.3000,-8.5000,True,1.8573351278600269179004037700,3.2570659488559892328398384900,1.18438761776581426648721400,1.424731182795698924731182800,9.7000,3.4000,166,1645.8600
2026-09-16,2026-09-22,6,A,7,14:20:54.000,14:13:11.000,14:20:54.000,463,2,26000,23275.9000,23280.8000,4.9000,0.02105181754518622265948900,4.9000,23300.0000,128.4500,181.0500,309.5000,0.0132942166935844129067729631,0.1699515347334410339256865913,313.0500,2595,2595,2386,AtmStateInvalidation,A,1645.8600,True,False,True,True,-5.8000,-12.8000,-10.8000,-7.8000,-0.8000,True,-0.5523336095001380834023750300,2.1541010770505385252692626300,-0.0276166804750069041701187500,-0.2212389380530973451327433600,5.2000,7.2500,443,-333.2900
2026-09-16,2026-09-22,6,B,8,14:29:16.000,14:20:54.000,14:29:16.000,502,1,13195,23280.8000,23275.0000,-5.8000,-0.0249132332222260403422562800,5.8000,23250.0000,156.9500,156.1000,313.0500,0.0134500537056928034371643394,0.0027152212106692221689825906,313.9500,502,4040,0,AtmStateInvalidation,A,-333.2900,False,True,True,False,-7.0000,-5.0000,-2.0000,5.0000,14.5000,True,-2.1981522777954762663268556900,-3.5361580121057661675692895800,2.2300095571838165020707231600,-2.075351213282247765006385700,2.9000,4.4500,18,-2174.8000
2026-09-17,2026-09-22,5,A,1,10:15:53.000,10:11:59.000,10:15:53.000,234,3,46800,23364.0000,23365.0000,1.0000,0.004280089025851737716144500,1.0000,23350.0000,120.1000,136.6000,256.7000,0.0109865182965974748555531778,0.064277366575769380599922088,262.4500,,,,,,,False,True,True,False,-10.0000,-8.2000,-39.0000,-44.9000,-50.0000,True,3.7335285505124450951683748200,3.1478770131771595900439238700,10.614934114202049780380673500,3.8193169298567756151303709100,6.8500,0,175,3322.5800
2026-09-17,2026-09-22,5,A,1,11:46:42.000,11:43:13.000,11:46:42.000,209,1,13000,23307.1000,23308.0000,0.9000,0.0038614842687421429521476300,0.9000,23300.0000,112.6000,135.1000,247.7000,0.0106272524455122704650763686,0.0908356883326604763827210335,251.2500,5449,5449,5269,AtmStateInvalidation,A,3322.5800,True,False,True,True,24.0000,32.0000,43.0000,48.0000,42.0000,True,-10.769800148038490007401924500,-13.989637305699481865284974090,-16.617320503330866025166543300,-10.934613963797561876616180270,1.8500,16.7000,25,-9668.9700
2026-09-17,2026-09-22,5,B,2,12:17:28.000,12:14:26.000,12:17:28.000,182,1,14950,23390.0000,23389.8000,-0.2000,-0.0008550662676357417699871700,0.2000,23400.0000,105.9000,138.2000,244.1000,0.0104361730326894629282849789,0.1323228185170012290045063499,248.2500,1846,,1483,AtmStateInvalidation,A,-9668.9700,False,True,True,False,4.2000,3.2000,9.2000,10.2000,13.8000,True,0.8498583569405099150141643100,-0.5193578847969782813975448500,3.8715769593956562795089707300,-0.0942951438000942951438000900,1.1500,1.5500,34,-108.0400
2026-09-17,2026-09-22,5,B,2,13:47:11.000,13:42:16.000,13:47:11.000,295,1,24180,23310.0000,23303.8000,-6.2000,-0.0265980265980265980265980300,6.2000,23300.0000,112.8500,126.6000,239.4500,0.0102751482590822097683639578,0.0574232616412612236375026101,245.0500,5383,5383,5342,AtmStateInvalidation,B,-108.0400,True,False,True,True,-3.8000,12.9000,1.9000,1.2000,1.0000,True,-1.2405848471422241914045192700,-1.9051838723969871510855117400,-4.0762073548958794860434204700,-1.951219512195121951219512200,1.4500,2.0500,5,-1474.9100
2026-09-17,2026-09-22,5,A,3,14:34:19.000,14:29:27.000,14:34:19.000,292,2,26260,23306.0000,23318.2000,12.2000,0.0523470350982579593237792800,12.2000,23300.0000,109.7500,126.9000,236.6500,0.0101487250302338945544681837,0.0724698922459328121698711177,241.5000,2828,10057,2797,AtmStateInvalidation,B,-1474.9100,False,True,True,False,19.0000,26.6000,-0.2000,16.8000,2.9000,True,-12.805358550039401103230890460,-11.702127659574468085106382980,-9.850275807722616233254531130,-12.475325700750098697196999610,2.0500,16.0000,23,-10315.0300
2026-09-17,2026-09-22,5,B,4,15:14:10.000,15:10:53.000,15:14:10.000,197,1,13130,23332.0000,23330.0000,-2.0000,-0.0085719183953368763929367400,2.0000,23350.0000,94.8000,136.8500,231.6500,0.0099292756108015430775825118,0.1815238506367364558601338226,238.0000,2391,5219,2185,AtmStateInvalidation,A,-10315.0300,False,False,False,False,3.6000,1.3000,-1.3000,4.0000,-3.0000,False,0.9493670886075949367088607600,0.2637130801687763713080168800,-0.1582278481012658227848101300,,,,,
2026-09-18,2026-09-22,4,A,1,09:35:33.000,09:31:07.000,09:35:33.000,266,2,26065,23317.5000,23323.2000,5.7000,0.0244451592151817304599549700,5.7000,23300.0000,111.5000,112.5000,224.0000,0.0096041709542429855251423475,0.0044642857142857142857142857,231.2000,,,,,,,False,True,True,False,14.0000,25.6000,11.8000,21.8000,25.9000,True,-13.155555555555555555555555560,-14.666666666666666666666666670,-11.911111111111111111111111110,-13.143872113676731793960923620,0.1000,16.5500,3,-9659.7300
2026-09-18,2026-09-22,4,B,2,10:00:18.000,09:56:14.000,10:00:18.000,244,1,13325,23349.1000,23344.0000,-5.1000,-0.0218423836464788792715779200,5.1000,23350.0000,97.0000,114.6500,211.6500,0.0090665695681973954763536669,0.0833923931018190408693597921,216.5000,1485,,1221,AtmStateInvalidation,A,-9659.7300,False,True,True,False,1.0000,8.1000,-14.0000,-1.0000,-16.6000,True,-4.845360824742268041237113400,3.0412371134020618556701030900,-5.4639175257731958762886597900,-5.3442959917780061664953751300,3.5500,5.0000,55,-3417.4200
2026-09-18,2026-09-22,4,A,3,10:07:05.000,10:00:18.000,10:07:05.000,407,1,13000,23344.0000,23345.0000,1.0000,0.0042837559972583961617546300,1.0000,23350.0000,92.3000,120.9000,213.2000,0.0091325765688584279288926965,0.1341463414634146341463414634,218.8000,407,1892,0,AtmStateInvalidation,B,-3417.4200,False,True,True,False,7.1000,-15.0000,-2.0000,-17.6000,-15.3000,True,-9.429280397022332506203473950,0.7444168734491315136476426800,4.0115798180314309346567411100,-9.525773195876288659793814430,0.5500,12.6000,5,-7552.0700
2026-09-18,2026-09-22,4,A,3,10:40:45.000,10:36:03.000,10:40:45.000,282,1,13780,23327.4000,23329.7000,2.3000,0.0098596500252921457170537700,2.3000,23350.0000,83.2500,128.6500,211.9000,0.009082842899822972434279052,0.2142520056630486078338839075,219.4000,2020,2020,1607,AtmStateInvalidation,A,-7552.0700,True,False,True,True,-4.0000,10.2000,-7.6000,-4.7000,-4.7000,True,-1.7489312087057909055577147300,-7.5009716284492809949475320600,-2.8371550719005052467936261200,-1.2475633528265107212475633500,1.0500,7.6500,22,-1091.4500
2026-09-18,2026-09-22,4,B,4,10:49:37.000,10:40:45.000,10:49:37.000,532,1,13000,23329.7000,23325.7000,-4.0000,-0.0171455269463387870396961800,4.0000,23350.0000,84.5000,126.4000,210.9000,0.0090415293002996694632958496,0.1986723565670934091986723566,219.6000,532,2959,0,AtmStateInvalidation,A,-1091.4500,False,True,True,False,14.2000,-3.6000,-0.7000,-0.7000,7.7000,True,5.1479289940828402366863905300,-1.834319526627218934911242600,-5.0887573964497041420118343200,4.7225501770956316410861865400,6.2500,0,158,2563.9700
2026-09-18,2026-09-22,4,A,5,12:25:51.000,12:18:02.000,12:25:51.000,469,1,13195,23349.0000,23352.4000,3.4000,0.0145616514625894042571416300,3.4000,23350.0000,86.6500,111.2000,197.8500,0.0084723625837173052876792107,0.1240839019459186252211271165,203.9000,5774,6306,5392,AtmStateInvalidation,B,2563.9700,False,True,True,False,6.6000,10.3000,-1.4000,12.6000,19.7000,True,-7.8687050359712230215827338100,-8.498201438848920863309352520,-13.938848920863309352517985610,-8.026905829596412556053811660,1.0000,9.0500,7,-5859.1600
2026-09-18,2026-09-22,4,B,6,13:47:35.000,13:44:14.000,13:47:35.000,201,1,13065,23348.5000,23339.9000,-8.6000,-0.036833201276313253528063900,8.6000,23350.0000,79.7000,104.9000,184.6000,0.0079092026958127498404020583,0.1365113759479956663055254605,190.4500,4904,10678,4268,AtmStateInvalidation,A,-5859.1600,False,True,True,False,0.4000,16.7000,23.1000,25.1000,35.2000,True,-1.2547051442910915934755332500,4.5796737766624843161856963600,10.790464240903387703889585950,1.1642949547218628719275549800,3.0500,0.6500,2,553.2300
2026-09-18,2026-09-22,4,B,6,14:34:04.000,14:29:07.000,14:34:04.000,297,4,54015,23395.0000,23394.0000,-1.0000,-0.0042744176106005556742893800,1.0000,23400.0000,81.0000,105.0500,186.0500,0.0079528939044199367359151919,0.1292663262563826928245095404,192.0000,2789,2789,2692,AtmStateInvalidation,B,553.2300,True,False,True,True,-0.9000,3.0000,4.0000,-3.0000,6.8000,True,-0.4320987654320987654320987700,-0.5555555555555555555555555600,0.1851851851851851851851851900,-0.5569306930693069306930693100,2.6000,1.7000,17,-325.1400
2026-09-18,2026-09-22,4,B,8,15:14:21.000,15:10:53.000,15:14:21.000,208,4,55380,23381.8000,23381.0000,-0.8000,-0.00342146455790401081182800,0.8000,23400.0000,69.5500,109.3000,178.8500,0.0076493734228647192164578076,0.2222532848755940732457366508,187.9500,2417,2417,2317,AtmStateInvalidation,B,-325.1400,False,False,False,False,5.7000,5.5000,-1.0000,-6.0000,-8.5000,False,-2.1567217828900071890726096300,0.5032350826743350107836089100,-4.6728971962616822429906542100,,,,,
2026-09-21,2026-09-22,1,B,2,09:32:29.000,09:28:50.000,09:32:29.000,219,2,26325,23410.0000,23409.2000,-0.8000,-0.003417343015805211448099100,0.8000,23400.0000,75.4500,74.1000,149.5500,0.0063885139176050441706679425,0.0090270812437311935807422267,157.8000,,,,,,,False,True,True,False,2.8000,6.8000,-4.2000,-15.4000,-9.2000,True,-3.9098740888005301524188204100,-1.2591119946984758117958913200,-11.332007952286282306163021870,-3.9708802117802779616148246200,0.2500,6.2500,2,-1979.4700
2026-09-21,2026-09-22,1,A,3,09:35:29.000,09:32:29.000,09:35:29.000,180,1,13260,23409.2000,23412.0000,2.8000,0.0119611093074517710985424500,2.8000,23400.0000,72.5000,76.0500,148.5500,0.0063450367332991628224841961,0.0238976775496465836418714238,156.1500,180,,0,AtmStateInvalidation,B,-1979.4700,False,True,True,False,4.0000,-7.0000,-18.2000,-12.0000,0.0000,True,-2.6955950032873109796186719300,2.0381328073635765943458251200,0.3944773175542406311637080900,-4.0843214756258234519104084300,0.1500,3.2000,1,-2044.5800
2026-09-21,2026-09-22,1,B,4,11:05:45.000,11:00:58.000,11:05:45.000,287,1,13130,23402.0000,23397.2000,-4.8000,-0.0205110674301341765661054600,4.8000,23400.0000,63.5000,76.7000,140.2000,0.0059921700032482519275810781,0.0941512125534950071326676177,146.7000,5416,5596,5378,AtmStateInvalidation,A,-2044.5800,False,True,True,False,9.4000,3.9000,12.8000,7.0000,8.7000,True,2.5984251968503937007874015700,1.574803149606299212598425200,-4.0157480314960629921259842500,3.4126984126984126984126984100,2.3500,0.5500,143,1371.0300
2026-09-21,2026-09-22,1,B,4,11:08:30.000,11:00:58.000,11:08:30.000,452,3,41730,23402.0000,23401.1000,-0.9000,-0.0038458251431501581061447700,0.9000,23400.0000,64.5000,73.8000,138.3000,0.0059099785907500074782809355,0.0672451193058568329718004338,145.3500,165,165,18,AtmStateInvalidation,B,1371.0300,True,False,True,True,8.9000,3.1000,4.8000,8.1000,7.0000,True,2.3255813953488372093023255800,-5.5038759689922480620155038800,2.9457364341085271317829457400,2.0914020139426800929512006200,3.2500,0.4500,178,850.7300
2026-09-21,2026-09-22,1,B,4,12:01:10.000,11:56:15.000,12:01:10.000,295,3,44785,23433.8000,23430.9000,-2.9000,-0.0123752869786376942706688600,2.9000,23450.0000,53.7500,83.6000,137.3500,0.0058619173826016072792765109,0.2173279941754641427011285038,149.3000,3160,3160,2966,AtmStateInvalidation,B,850.7300,True,False,True,True,-5.9000,-5.1000,-1.9000,-2.4000,-3.6000,True,-6.5116279069767441860465116300,-2.8837209302325581395348837200,-5.3023255813953488372093023300,-6.7970204841713221601489757900,0,4.3500,,-2392.8300
2026-09-21,2026-09-22,1,A,5,12:11:25.000,12:06:19.000,12:11:25.000,306,2,36790,23425.8000,23428.5000,2.7000,0.0115257536562251876136567400,2.7000,23450.0000,50.9000,86.9000,137.8000,0.005881725249162345007149412,0.2612481857764876632801161103,149.7500,615,9356,436,AtmStateInvalidation,B,-2392.8300,False,True,True,False,-1.2000,7.3000,-3.4000,-5.3000,2.4000,True,0.287686996547756041426927500,-0.6329113924050632911392405100,1.8987341772151898734177215200,-0.7458405048766494549627079700,1.3500,0.8000,105,-457.6400
2026-09-21,2026-09-22,1,A,5,13:09:16.000,13:05:17.000,13:09:16.000,239,2,26780,23411.5000,23416.9000,5.4000,0.0230655874249834483053200400,5.4000,23400.0000,66.8500,66.5000,133.3500,0.0056946051783113904914826471,0.002624671916010498687664042,142.5000,3471,3471,3314,AtmStateInvalidation,A,-457.6400,True,False,True,True,-1.9000,12.0000,12.1000,14.6000,12.1000,True,-1.0526315789473684210526315800,-9.022556390977443609022556390,-15.789473684210526315789473680,-0.8258258258258258258258258300,2.7500,0.9500,141,-384.3300
2026-09-21,2026-09-22,1,A,5,14:59:09.000,14:53:28.000,14:59:09.000,341,2,26130,23448.6000,23454.6000,6.0000,0.0255878815792840510734116300,6.0000,23450.0000,59.5000,66.7000,126.2000,0.0053806076419977317882206475,0.0570522979397781299524564184,135.0500,6593,6593,6348,AtmStateInvalidation,A,-384.3300,True,False,True,True,-7.5000,-4.6000,-4.6000,-6.2000,-4.2000,True,-0.5247376311844077961019490300,0.5997001499250374812593703100,3.2233883058470764617691154400,0.2253944402704733283245679900,2.8000,2.0000,73,70.4000
2026-09-21,2026-09-22,1,A,7,15:06:37.000,15:03:20.000,15:06:37.000,197,2,28990,23447.1000,23450.0000,2.9000,0.0123682672910509188769613300,2.9000,23450.0000,59.1000,67.0000,126.1000,0.0053773987206823027718550107,0.0626486915146708961141950833,135.6000,448,448,197,AtmStateInvalidation,A,70.4000,False,False,False,False,-1.6000,0.4000,-2.3000,-3.6000,-1.1000,False,2.7611940298507462686567164200,0.0746268656716417910447761200,2.0895522388059701492537313400,,,,,
2026-09-21,2026-09-22,1,B,8,15:17:22.000,15:13:42.000,15:17:22.000,220,3,41600,23448.9000,23441.1000,-7.8000,-0.0332638204777196371684812500,7.8000,23450.0000,58.9500,64.4500,123.4000,0.0052642580766260968981831057,0.0445705024311183144246353323,134.0000,645,11772,842,AtmStateInvalidation,A,70.4000,False,False,False,False,8.9000,8.9000,6.9000,6.1000,7.4000,False,-2.4597116200169635284139100900,2.7989821882951653944020356200,-2.7141645462256149279050042400,,,,,
2026-09-21,2026-09-22,1,B,8,15:19:36.000,15:15:49.000,15:19:36.000,227,3,40235,23450.5000,23450.0000,-0.5000,-0.0021321507004115050851794200,0.5000,23450.0000,60.6000,62.2500,122.8500,0.0052388059701492537313432836,0.0134310134310134310134310134,134.4500,134,134,976,AtmStateInvalidation,A,70.4000,False,False,False,False,-2.0000,-2.8000,-1.5000,-5.8000,-5.8000,False,-3.795379537953795379537953800,-5.3630363036303630363036303600,-8.663366336633663366336633660,,,,,
