TradingDate,TradeCount,NetPnl,WinRatePct,AvgPnlPerTrade,StdDevPnl,IntradaySharpe,MedianMAE,MedianMFE
2026-09-04,2,21708.9800,100,10854.4900,2294.39179932286,4.730879008198804,12.4000,33.7500
2026-09-08,8,7324.6900,50,915.58625,2654.16062444251,0.3449626377425116,3.4000,9.3000
2026-09-09,11,-55473.2700,18.181818181818183,-5043.0245454545454545454545455,12560.9109443849,-0.40148557439688937,4.1500,3.6500
2026-09-10,6,25178.0200,66.66666666666667,4196.3366666666666666666666667,4891.00448515299,0.8579703166098008,6.4500,22.1500
2026-09-11,9,33322.3000,33.333333333333336,3702.4777777777777777777777778,11858.0580891843,0.3122330612593977,5.0000,2.4500
2026-09-15,10,89213.8700,50,8921.3870,18097.7227954729,0.49295632941353607,7.8000,10.0500
2026-09-16,7,-8169.4000,28.571428571428573,-1167.0571428571428571428571429,9624.05445609544,-0.12126460299878933,15.0500,9.0000
2026-09-17,3,-47602.6600,0,-15867.553333333333333333333333,9120.21607497505,-1.7398220834780762,21.4500,8.9000
2026-09-18,6,-765.3100,50,-127.55166666666666666666666667,8863.69686313655,-0.01439034622191836,13.1500,8.6500
2026-09-21,4,-6358.6200,50,-1589.6550,8932.58574111849,-0.1779613480430978,6.2500,15.4000
