TradeNum,Pattern,TriggerTimeIST,EntryTimeIST,ExitTimeIST,OptionType,Strike,EntryPremium,ExitPremium,Quantity,GrossPnl,Costs,NetPnl,HoldingSeconds,UnderlyingEntry,UnderlyingExit,UnderlyingReturnPct,OptionReturnPct,MaePercent,MfePercent
1,PatternB,09:46:50,09:46:50,09:47:27,Call,23350.0000,121.2500,121.7500,650,325.0000,49.46,275.5400,37,23467.5000,23475.0000,0.031959092361776925535314800,0.4123711340206185567010309300,0.4948453608247422680412371100,1.7731958762886597938144329900
2,PatternA,10:10:50,10:10:50,10:11:49,Put,23550.0000,102.0000,100.5000,650,-975.0000,40.83,-1015.8300,59,23474.8000,23474.5000,-0.0012779661594560976025354800,-1.4705882352941176470588235300,4.1666666666666666666666666700,1.0294117647058823529411764700
3,PatternA,10:18:51,10:18:52,10:23:26,Put,23550.0000,103.8500,116.1000,650,7962.5000,47.17,7915.3300,274,23468.0000,23451.3000,-0.071160729504005454235554800,11.79585941261434761675493500,1.7814155031295137217140105900,17.284545016851227732306210880
4,PatternA,10:24:09,10:24:09,10:25:23,Put,23550.0000,119.0000,120.1000,650,715.0000,48.79,666.2100,74,23458.8000,23447.1000,-0.0498746738963629853189421500,0.9243697478991596638655462200,2.6050420168067226890756302500,1.1764705882352941176470588200
5,PatternA,10:27:31,10:27:31,10:28:22,Put,23550.0000,121.6000,122.0000,650,260.0000,49.56,210.4400,51,23450.0000,23445.0000,-0.0213219616204690831556503200,0.3289473684210526315789473700,2.1381578947368421052631578900,0.6167763157894736842105263200
6,PatternA,10:39:56,10:39:56,10:40:25,Put,23500.0000,108.8000,104.0000,650,-3120.0000,42.25,-3162.2500,29,23412.3000,23415.7000,0.0145222810232228358597831100,-4.4117647058823529411764705900,6.1121323529411764705882352900,0.4136029411764705882352941200
7,PatternB,10:56:04,10:56:04,10:56:25,Call,23300.0000,101.3500,100.1500,650,-780.0000,40.69,-820.6900,21,23386.1000,23395.5000,0.0401948165790790255750210600,-1.1840157868771583621114948200,1.9240256536753823384311790800,0.5426739023186975826344351300
8,PatternA,10:56:42,10:56:42,10:57:06,Put,23500.0000,136.2000,134.0000,650,-1430.0000,54.44,-1484.4400,24,23397.2000,23396.3000,-0.0038466141247670661446668800,-1.6152716593245227606461086600,2.0558002936857562408223201200,0.3303964757709251101321585900
9,PatternB,10:57:45,10:57:45,11:00:14,Call,23300.0000,101.3000,101.0500,650,-162.5000,41.05,-203.5500,149,23393.0000,23398.2000,0.0222288718847518488436711800,-0.2467917077986179664363277400,0.4935834155972359328726554800,3.7512339585389930898321816400
10,PatternB,13:41:42,13:41:42,13:45:55,Call,23200.0000,143.9000,134.9500,650,-5817.5000,54.82,-5872.3200,253,23352.6000,23351.9000,-0.0029975249008675693498796700,-6.2195969423210562890896455900,8.339124391938846421125781790,6.4628214037526059763724808900
11,PatternA,13:46:33,13:46:33,13:52:35,Put,23450.0000,129.4500,139.6500,650,6630.0000,56.73,6573.2700,362,23354.4000,23331.0000,-0.1001952522865070393587503900,7.879490150637311703360370800,2.3947470065662417921977597500,11.973735032831208960988798760
