TradingDate,Pattern,SignalTimestampIST,FuturesEnd,IsAdditionalOpportunityFromInvalidation,Forward8Pts,OptionMtm4
2026-09-04,B,09:37:51.000,24033.2000,False,-0.2000,1.937657961246840775063184500
2026-09-04,B,09:40:42.000,24033.1000,True,-0.1000,-0.7431874483897605284888521900
2026-09-04,A,09:40:59.000,24039.2000,False,-6.2000,0.7149821254468638284042898900
2026-09-04,A,09:43:16.000,24033.0000,True,12.1000,-2.3581899298916507329509241600
2026-09-04,B,09:44:19.000,24033.0000,False,12.1000,1.2366034624896949711459192100
2026-09-04,A,10:00:05.000,24073.1000,False,9.9000,-4.1997729852440408626560726400
2026-09-04,B,10:03:38.000,24085.0000,False,-21.6000,-6.0164083865086599817684594300
2026-09-04,A,11:04:14.000,24093.8000,False,4.9000,0.5157962604771115409413281800
2026-09-04,A,11:30:20.000,24103.5000,True,6.5000,-3.4295415959252971137521222400
2026-09-04,A,11:37:55.000,24110.0000,True,1.0000,-2.6388888888888888888888888900
2026-09-04,B,12:28:46.000,24063.1000,False,-7.1000,-2.8346456692913385826771653500
2026-09-04,B,12:31:23.000,24057.4000,True,5.5000,-0.9669621273166800966962127300
2026-09-04,A,13:25:56.000,24073.9000,False,-14.0000,4.492187500
2026-09-04,A,14:39:26.000,24069.0000,True,-4.0000,1.1359185272228750489620054800
2026-09-04,B,14:55:37.000,24060.0000,False,-3.0000,-1.8248175182481751824817518200
2026-09-04,B,15:10:48.000,24056.7000,False,2.4000,0.4562043795620437956204379600
2026-09-04,B,15:13:51.000,24058.8000,False,-17.2000,3.9233576642335766423357664200
2026-09-04,B,15:15:07.000,24056.3000,False,-10.8000,2.1897810218978102189781021900
2026-09-04,B,15:16:28.000,24059.1000,False,-18.5000,-17.153284671532846715328467150
2026-09-04,B,15:25:09.000,24040.6000,False,-5.8000,-17.335766423357664233576642340
2026-09-08,B,09:25:44.000,23779.2000,False,1.1000,-2.2038567493112947658402203900
2026-09-08,B,09:26:22.000,23779.9000,True,-7.9000,-2.2408963585434173669467787100
2026-09-08,A,09:28:43.000,23780.3000,False,-0.7000,2.1015067406819984139571768400
2026-09-08,A,09:34:10.000,23780.0000,True,12.0000,-6.7087608524072612470402525700
2026-09-08,A,09:57:06.000,23784.0000,True,-4.0000,5.2966945440063719633612106700
2026-09-08,B,10:16:27.000,23804.5000,False,-5.1000,-2.5252525252525252525252525300
2026-09-08,B,10:43:18.000,23765.0000,True,3.0000,27.294685990338164251207729470
2026-09-08,B,11:43:37.000,23773.0000,False,-21.0000,-8.771929824561403508771929820
2026-09-08,B,12:20:27.000,23749.3000,True,13.2000,0
2026-09-08,A,13:15:45.000,23760.2000,False,-15.1000,5.3131991051454138702460850100
2026-09-08,B,14:02:52.000,23732.5000,False,24.5000,26.136363636363636363636363640
2026-09-08,A,14:24:27.000,23748.0000,False,2.0000,-5.7447890188103711235383833200
2026-09-08,A,14:45:05.000,23760.5000,True,-10.5000,1.3402061855670103092783505200
2026-09-08,A,14:47:49.000,23752.5000,True,1.5000,2.8934010152284263959390862900
2026-09-08,B,14:58:38.000,23751.2000,False,12.7000,0
2026-09-08,A,15:13:23.000,23753.5000,False,-4.3000,
2026-09-09,B,09:19:27.000,23617.0000,False,6.0000,0.3631411711302768951429868400
2026-09-09,A,09:19:59.000,23618.6000,False,-2.5000,-4.3630573248407643312101910800
2026-09-09,B,09:20:43.000,23618.0000,False,-2.5000,-0.5415162454873646209386281600
2026-09-09,A,09:22:19.000,23616.1000,False,1.9000,1.3879922530664945125887669500
2026-09-09,B,09:24:49.000,23610.0000,False,2.0000,1.2016021361815754339118825100
2026-09-09,B,09:34:31.000,23625.0000,True,-1.5000,-2.6259378349410503751339764200
2026-09-09,A,09:36:42.000,23623.5000,False,9.8000,-0.4034969737726967047747141900
2026-09-09,A,09:36:43.000,23623.5000,True,13.5000,-3.3915379449294828744123572900
2026-09-09,B,09:43:20.000,23631.9000,False,-16.9000,-3.8580246913580246913580246900
2026-09-09,B,09:51:06.000,23603.0000,False,-1.5000,1.9083969465648854961832061100
2026-09-09,A,10:00:30.000,23593.8000,False,-3.8000,3.1918190269600247908273938600
2026-09-09,A,10:47:56.000,23628.2000,True,12.8000,-3.1138790035587188612099644100
2026-09-09,B,11:13:40.000,23635.0000,False,-19.0000,-3.4707158351409978308026030400
2026-09-09,A,11:19:36.000,23639.3000,False,-30.8000,-2.1237303785780240073868882700
2026-09-09,B,11:46:46.000,23639.1000,False,-34.1000,-12.815013404825737265415549600
2026-09-09,B,12:03:40.000,23580.1000,True,-3.0000,-0.7391763463569165786694825800
2026-09-09,A,12:07:43.000,23587.3000,False,-0.1000,-1.4989293361884368308351177700
2026-09-09,B,12:09:55.000,23577.1000,False,10.9000,2.9946524064171122994652406400
2026-09-09,B,12:11:51.000,23579.9000,True,-2.1000,0.4230565838180856689582231600
2026-09-09,B,12:13:42.000,23586.0000,True,14.0000,-1.1428571428571428571428571400
2026-09-09,B,12:16:39.000,23581.0000,True,29.0000,-1.2638230647709320695102685600
2026-09-09,A,12:20:28.000,23588.0000,False,34.0000,-5.6971986150456405413912496100
2026-09-09,A,12:45:00.000,23670.0000,False,-26.5000,0.7092198581560283687943262400
2026-09-09,B,12:53:09.000,23660.8000,False,-6.4000,3.6363636363636363636363636400
2026-09-09,A,13:01:03.000,23669.1000,False,-7.6000,-1.1498257839721254355400696900
2026-09-09,A,13:08:07.000,23670.1000,True,-12.1000,3.6632617118703768932722789700
2026-09-09,A,13:10:07.000,23661.5000,True,-1.5000,-0.8157715839564921821889870800
2026-09-09,B,13:44:05.000,23659.9000,False,1.8000,-4.4110275689223057644110275700
2026-09-09,B,14:04:38.000,23652.6000,True,-12.1000,-2.0707070707070707070707070700
2026-09-09,A,14:10:00.000,23655.0000,False,-5.0000,3.600543478260869565217391300
2026-09-09,B,14:35:49.000,23616.3000,False,-20.0000,-4.0369649805447470817120622600
2026-09-09,B,14:56:18.000,23599.9000,True,-19.9000,-4.3433827286663260091977516600
2026-09-09,A,15:06:56.000,23570.0000,False,5.0000,
2026-09-09,B,15:07:29.000,23570.0000,False,10.0000,
2026-09-09,B,15:09:23.000,23575.0000,False,8.5000,
2026-09-09,B,15:10:09.000,23580.0000,False,0.4000,
2026-09-09,A,15:15:00.000,23583.5000,False,-4.5000,
2026-09-09,B,15:22:15.000,23562.8000,False,-6.6000,
2026-09-09,A,15:26:36.000,23560.0000,False,-6.2000,
2026-09-09,A,15:28:45.000,23560.0000,False,-8.3000,
2026-09-09,A,15:28:58.000,23553.0000,False,-3.4000,
2026-09-10,A,09:16:00.000,23555.0000,False,-3.0000,4.9300699300699300699300699300
2026-09-10,A,10:06:34.000,23526.3000,True,6.6000,5.3565768621236133122028526100
2026-09-10,B,10:16:23.000,23525.0000,False,16.7000,-2.2716049382716049382716049400
2026-09-10,A,10:48:26.000,23535.0000,False,5.0000,9.050847457627118644067796610
2026-09-10,A,11:05:52.000,23526.5000,True,19.4000,-11.931634956465656239922605610
2026-09-10,B,12:23:32.000,23554.1000,False,-6.1000,-8.738938053097345132743362830
2026-09-10,A,13:11:12.000,23525.4000,False,-17.4000,-2.2487223168654173764906303200
2026-09-10,B,14:07:05.000,23501.6000,False,-12.6000,-3.2757593805836807623585467500
2026-09-10,B,15:01:46.000,23470.2000,False,-2.4000,9.767718880285884455032757590
2026-09-10,A,15:06:34.000,23465.0000,False,4.0000,
2026-09-10,B,15:11:27.000,23466.4000,False,8.6000,
2026-09-10,A,15:11:38.000,23470.0000,False,-0.6000,
2026-09-10,A,15:13:16.000,23470.0000,False,-9.7000,
2026-09-10,B,15:16:24.000,23469.4000,False,24.1000,
2026-09-10,B,15:18:50.000,23460.3000,False,23.7000,
2026-09-10,A,15:28:37.000,23496.0000,False,,
2026-09-10,B,15:29:09.000,23487.2000,False,,
2026-09-11,A,09:17:03.000,23305.2000,False,2.3000,0.7558578987150415721844293300
2026-09-11,A,09:17:48.000,23304.3000,True,8.7000,-1.2947448591012947448591012900
2026-09-11,A,09:26:12.000,23312.8000,False,3.2000,0.2380952380952380952380952400
2026-09-11,A,09:40:27.000,23319.1000,True,-9.1000,-0.811359026369168356997971600
2026-09-11,B,10:14:32.000,23342.0000,False,14.8000,-0.0627352572145545796737766600
2026-09-11,B,10:22:22.000,23359.6000,True,-24.4000,-7.6033057851239669421487603300
2026-09-11,B,10:23:09.000,23361.9000,True,-14.9000,-13.752030319436924742826204660
2026-09-11,A,11:03:22.000,23361.9000,False,9.1000,-2.1999228097259745272095715900
2026-09-11,B,11:15:37.000,23406.8000,False,19.9000,9.380530973451327433628318580
2026-09-11,A,11:19:01.000,23427.4000,False,-2.4000,-2.3345059162136232811000959400
2026-09-11,B,11:23:22.000,23415.9000,False,12.1000,5.9595407326407873154729360300
2026-09-11,A,11:25:59.000,23434.6000,False,-17.1000,1.2048192771084337349397590400
2026-09-11,B,11:33:22.000,23417.5000,False,11.8000,-1.4516129032258064516129032300
2026-09-11,A,11:42:14.000,23428.6000,False,-10.1000,-4.5513234344738540994189799900
2026-09-11,B,11:46:36.000,23430.5000,False,-17.4000,-7.1332436069986541049798115700
2026-09-11,B,12:33:17.000,23403.4000,True,2.2000,5.4512416717141126589945487600
2026-09-11,B,12:37:39.000,23407.6000,True,12.4000,-0.2329644729178800232964472900
2026-09-11,A,12:39:02.000,23420.0000,False,-14.9000,-1.9976028765481422293248102300
2026-09-11,B,12:44:54.000,23406.4000,False,-7.9000,-4.2815249266862170087976539600
2026-09-11,A,12:50:52.000,23410.0000,False,-6.1000,1.8081761006289308176100628900
2026-09-11,B,12:52:35.000,23402.4000,False,16.6000,2.6267562614538790470372632900
2026-09-11,A,13:03:24.000,23408.0000,False,-5.2000,1.0501750291715285880980163400
2026-09-11,A,13:22:14.000,23398.3000,True,4.8000,-9.49699699699699699699699700
2026-09-11,A,13:39:22.000,23407.5000,True,-7.5000,9.900990099009900990099009900
2026-09-11,B,13:51:24.000,23404.0000,False,11.4000,10.150375939849624060150375940
2026-09-11,B,13:53:19.000,23405.0000,True,5.0000,10.858895705521472392638036810
2026-09-11,B,13:54:51.000,23415.4000,True,24.6000,4.9347702779353374929098128200
2026-09-11,B,13:57:34.000,23442.1000,True,13.9000,-3.2113037893384714193962748900
2026-09-11,B,13:58:37.000,23441.7000,True,24.3000,8.218277449046679815910585140
2026-09-11,A,13:59:45.000,23454.7000,False,22.3000,-5.6773688332028191072826938100
2026-09-11,B,14:02:06.000,23457.8000,False,32.4000,24.970760233918128654970760230
2026-09-11,B,14:17:27.000,23479.0000,False,11.0000,-2.9993183367416496250852079100
2026-09-11,A,14:23:48.000,23475.3000,False,23.7000,-3.7356321839080459770114942500
2026-09-11,B,14:24:34.000,23476.8000,False,22.2000,4.3360433604336043360433604300
2026-09-11,B,14:44:09.000,23495.2000,True,-22.2000,-2.0754716981132075471698113200
2026-09-15,B,09:20:07.000,23518.7000,False,-14.4000,-5.5449330783938814531548757200
2026-09-15,A,09:28:14.000,23500.0000,False,-6.0000,-3.7179487179487179487179487200
2026-09-15,A,09:30:52.000,23504.3000,True,-16.4000,9.212283044058744993324432580
2026-09-15,A,09:33:14.000,23494.0000,True,-13.4000,-1.0391198044009779951100244500
2026-09-15,A,09:36:06.000,23487.9000,True,2.1000,2.4615384615384615384615384600
2026-09-15,B,10:04:42.000,23425.7000,False,4.3000,2.4327784891165172855313700400
2026-09-15,A,10:06:35.000,23426.0000,False,4.0000,-1.0874938210578348986653484900
2026-09-15,A,10:06:42.000,23430.0000,True,-6.5000,-0.4453240969816922315685304300
2026-09-15,B,10:11:54.000,23428.9000,False,-1.9000,-2.6785714285714285714285714300
2026-09-15,A,10:25:16.000,23427.8000,False,-28.3000,-3.3433133732534930139720558900
2026-09-15,A,10:50:48.000,23383.7000,False,-8.7000,10.526315789473684210526315790
2026-09-15,A,10:53:12.000,23375.4000,True,2.5000,-1.7675415104445634708087841500
2026-09-15,B,11:01:25.000,23375.0000,False,-1.0000,11.798561151079136690647482010
2026-09-15,A,11:18:38.000,23377.5000,False,-11.5000,1.1673151750972762645914396900
2026-09-15,A,11:42:29.000,23380.0000,True,0.0000,1.7601760176017601760176017600
2026-09-15,B,11:44:33.000,23376.5000,False,3.5000,-11.797752808988764044943820220
2026-09-15,A,11:50:18.000,23380.0000,False,-5.7000,4.8448557430593358737071311900
2026-09-15,B,12:06:17.000,23375.0000,False,5.0000,-3.7425149700598802395209580800
2026-09-15,A,12:12:47.000,23380.0000,False,-11.2000,0.1716247139588100686498855800
2026-09-15,A,12:17:02.000,23386.3000,True,-11.8000,1.3667425968109339407744874700
2026-09-15,A,13:03:11.000,23349.2000,False,-22.2000,-6.086956521739130434782608700
2026-09-15,B,13:06:42.000,23345.5000,False,-16.5000,-22.742474916387959866220735790
2026-09-15,A,13:16:53.000,23330.7000,False,-6.7000,-3.3052884615384615384615384600
2026-09-15,A,13:18:52.000,23334.4000,True,-12.4000,2.7950310559006211180124223600
2026-09-15,B,13:20:35.000,23325.0000,False,-4.1000,-10.126582278481012658227848100
2026-09-15,A,13:26:33.000,23329.0000,False,-17.9000,12.736136502132845825716026810
2026-09-15,B,13:29:16.000,23322.0000,False,-14.0000,-25.396825396825396825396825400
2026-09-15,A,13:30:36.000,23320.9000,False,-9.8000,9.435707678075855689176688250
2026-09-15,A,13:40:42.000,23310.0000,True,-15.0000,12.130885873902633679169992020
2026-09-15,B,13:42:53.000,23295.0000,False,16.3000,15.080789946140035906642728900
2026-09-15,A,14:01:34.000,23323.5000,False,-43.4000,6.5681444991789819376026272600
2026-09-15,A,14:14:37.000,23281.9000,False,-38.2000,23.877917414721723518850987430
2026-09-15,B,14:16:20.000,23247.3000,False,3.6000,-4.296296296296296296296296300
2026-09-15,A,14:17:36.000,23250.0000,False,0.0000,-0.9783368273934311670160726800
2026-09-15,B,14:20:16.000,23242.7000,False,14.7000,7.2837632776934749620637329300
2026-09-15,B,14:31:16.000,23240.0000,True,5.0000,2.9366306027820710973724884100
2026-09-15,A,14:31:50.000,23245.0000,False,3.0000,-4.1666666666666666666666666700
2026-09-15,B,14:43:02.000,23245.1000,False,7.5000,-4.092769440654843110504774900
2026-09-15,A,14:44:27.000,23254.0000,False,-29.0000,1.992619926199261992619926200
2026-09-15,B,14:54:42.000,23216.8000,False,-11.2000,5.01882057716436637390213300
2026-09-15,B,14:56:05.000,23213.2000,True,-7.2000,2.7397260273972602739726027400
2026-09-15,B,14:57:09.000,23208.1000,True,25.4000,-5.8402860548271752085816448200
2026-09-15,A,15:00:44.000,23212.0000,False,14.2000,
2026-09-15,B,15:04:38.000,23230.0000,False,-8.0000,
2026-09-15,B,15:09:38.000,23222.0000,False,9.4000,
2026-09-15,A,15:14:57.000,23234.9000,False,-6.1000,
2026-09-15,A,15:18:46.000,23228.8000,False,-4.8000,
2026-09-15,A,15:20:34.000,23231.5000,False,-12.6000,
2026-09-15,A,15:26:00.000,23233.9000,False,7.1000,
2026-09-15,A,15:26:37.000,23231.7000,False,3.3000,
2026-09-16,A,09:20:09.000,23309.1000,False,2.5000,-2.1064950263311878291398478600
2026-09-16,A,09:20:52.000,23310.0000,True,-12.0000,-2.0312040035325287017957020900
2026-09-16,A,09:22:21.000,23311.7000,True,-26.1000,2.4198250728862973760932944600
2026-09-16,A,09:23:12.000,23314.6000,True,-23.9000,4.0129831808793154322809088200
2026-09-16,A,09:37:10.000,23255.0000,False,-26.7000,5.1933701657458563535911602200
2026-09-16,A,09:40:34.000,23228.3000,True,-18.4000,4.6221760581667099454687094300
2026-09-16,A,09:44:52.000,23209.0000,True,-3.8000,-2.0511379601011520089912896900
2026-09-16,A,09:47:29.000,23205.2000,True,48.8000,-8.144044321329639889196675900
2026-09-16,A,10:00:33.000,23303.8000,True,-40.7000,8.335625859697386519944979370
2026-09-16,B,10:41:24.000,23303.9000,False,11.0000,2.9381965552178318135764944300
2026-09-16,B,10:45:14.000,23302.8000,True,-15.3000,3.1425736023817399933840555700
2026-09-16,B,12:06:55.000,23265.0000,True,20.0000,3.3409017191047680830360038900
2026-09-16,A,12:18:16.000,23284.1000,False,15.9000,-6.2123700054734537493158182800
2026-09-16,B,12:52:09.000,23295.1000,False,36.0000,3.4544159544159544159544159500
2026-09-16,B,13:16:53.000,23317.7000,True,-37.6000,-1.0329890036654448517160946400
2026-09-16,B,13:35:13.000,23278.8000,True,-9.3000,-6.0571858540255831452219714100
2026-09-16,B,14:49:28.000,23273.0000,False,-3.0000,3.4315312398834574295888637100
2026-09-16,A,15:11:16.000,23273.0000,False,2.9000,
2026-09-16,A,15:14:10.000,23270.0000,False,8.4000,
2026-09-16,B,15:21:36.000,23271.8000,False,,
2026-09-17,A,10:07:28.000,23348.5000,False,19.5000,-7.2193436960276338514680483600
2026-09-17,A,10:39:31.000,23330.0000,False,-14.9000,7.7637690776376907763769077600
2026-09-17,A,11:03:13.000,23286.7000,True,-36.7000,8.961785593506932702062901590
2026-09-17,B,11:32:18.000,23280.5000,False,38.8000,10.333489901362141850634100520
2026-09-17,B,12:11:44.000,23394.0000,True,-1.0000,-2.7548209366391184573002754800
2026-09-17,B,12:17:28.000,23389.8000,True,10.2000,-0.6600660066006600660066006600
2026-09-17,A,12:24:19.000,23412.0000,False,-2.7000,7.4783915821119879744456971100
2026-09-17,B,13:47:34.000,23300.0000,False,10.8000,-3.0452306314375279892521271800
2026-09-17,A,13:48:34.000,23315.0000,False,5.0000,0.8021390374331550802139037400
2026-09-17,B,14:26:41.000,23313.0000,False,4.5000,0.5785491766800178015131286200
2026-09-17,A,14:35:18.000,23317.5000,False,9.6000,-8.224076281287246722288438620
2026-09-17,B,15:14:58.000,23330.0000,False,5.0000,
2026-09-17,A,15:29:37.000,23324.9000,False,,
2026-09-18,A,10:07:05.000,23345.0000,False,-17.6000,0.4536082474226804123711340200
2026-09-18,A,10:38:56.000,23335.0000,True,-3.0000,-2.4489795918367346938775510200
2026-09-18,A,11:30:15.000,23333.4000,True,1.6000,5.8486707566462167689161554200
2026-09-18,A,11:30:25.000,23332.0000,True,8.0000,1.9951140065146579804560260600
2026-09-18,B,13:02:50.000,23365.0000,False,-13.0000,-1.8927444794952681388012618300
2026-09-18,A,13:35:47.000,23353.0000,False,3.6000,2.2915650901999024865919063900
2026-09-18,A,14:35:45.000,23401.1000,True,0.5000,-0.0472813238770685579196217500
2026-09-18,B,14:36:33.000,23398.0000,False,0.0000,-0.2464571780653111521873074600
2026-09-18,A,14:47:00.000,23390.8000,False,19.5000,-4.8068283917340521114106019800
2026-09-18,B,15:15:40.000,23386.5000,False,-6.5000,
2026-09-18,B,15:26:29.000,23371.1000,False,13.9000,
2026-09-21,B,09:24:29.000,23395.0000,False,20.0000,3.9291217257318952234206471500
2026-09-21,B,09:32:29.000,23409.2000,True,-15.4000,-1.3898080741230972865651886200
2026-09-21,B,09:56:47.000,23402.0000,False,-5.4000,-9.110629067245119305856832970
2026-09-21,B,11:05:45.000,23397.2000,False,7.0000,2.3809523809523809523809523800
2026-09-21,B,11:08:30.000,23401.1000,True,8.1000,-5.5770720371804802478698683200
2026-09-21,A,11:21:54.000,23403.0000,False,19.3000,-4.648074369189907038512616200
2026-09-21,B,11:40:34.000,23402.0000,False,19.4000,15.015479876160990712074303410
2026-09-21,B,12:00:12.000,23425.3000,True,-2.3000,-5.042016806722689075630252100
2026-09-21,A,12:06:19.000,23425.8000,False,10.0000,0.8120649651972157772621809700
2026-09-21,A,12:11:25.000,23428.5000,True,-2.5000,-0.0573723465289730349971313800
2026-09-21,A,12:13:09.000,23433.9000,True,2.7000,-2.2058823529411764705882352900
2026-09-21,A,12:32:02.000,23430.3000,False,-7.8000,5.3148469093009820912767186600
2026-09-21,A,12:39:05.000,23431.5000,True,-14.9000,-0.732394366197183098591549300
2026-09-21,B,13:36:00.000,23439.6000,False,3.4000,-6.7281105990783410138248847900
2026-09-21,B,13:52:06.000,23438.0000,True,17.0000,11.384335154826958105646630240
2026-09-21,A,14:00:47.000,23465.0000,False,-11.4000,3.4782608695652173913043478300
2026-09-21,A,15:06:37.000,23450.0000,False,-3.6000,6.0079051383399209486166007900
2026-09-21,A,15:09:09.000,23448.4000,False,0.5000,8.063241106719367588932806320
2026-09-21,B,15:17:22.000,23441.1000,False,6.1000,
2026-09-21,A,15:20:06.000,23444.3000,False,1.5000,
2026-09-21,B,15:21:01.000,23448.0000,False,-3.8000,
2026-09-21,A,15:24:56.000,23450.4000,False,-13.4000,
