Variable,Level,Threshold,Trades,TradesPerDay,NetPnl,PnlPerTrade,WinPct,InBand
UnderlyingMoveMagnitude,1.00,0.0004147656574035669846536700,1783,148.58,-405191.9500,-227.25291643297812675266404936,38.41839596186203,False
UnderlyingMoveMagnitude,0.50,0.0106473594548551959114139700,1176,98.00,-327565.2900,-278.54191326530612244897959184,37.414965986394556,False
UnderlyingMoveMagnitude,0.30,0.0200253085814838327588484200,782,65.17,-148540.9500,-189.95006393861892583120204604,40.28132992327366,False
UnderlyingMoveMagnitude,0.20,0.0251613095821943220732919100,557,46.42,-116121.4600,-208.476588868940754039497307,39.85637342908438,False
UnderlyingMoveMagnitude,0.15,0.0295569034645831191528734500,418,34.83,-45028.5700,-107.72385167464114832535885167,40.66985645933014,False
UnderlyingMoveMagnitude,0.10,0.0359564413396342716252311500,278,23.17,-46746.8900,-168.15428057553956834532374101,38.489208633093526,False
UnderlyingMoveMagnitude,0.05,0.0428027222531352994050421600,141,11.75,16577.4800,117.57078014184397163120567376,41.843971631205676,True
CeReactionMagnitude,1.00,0.0002942171616870412051134900,1783,148.58,-405191.9500,-227.25291643297812675266404936,38.41839596186203,False
CeReactionMagnitude,0.50,0.5042684137383363112964065900,1105,92.08,-242012.0400,-219.01542081447963800904977376,38.19004524886878,False
CeReactionMagnitude,0.30,0.8200118220913380267417478800,721,60.08,-116095.7400,-161.02044382801664355062413315,38.141470180305134,False
CeReactionMagnitude,0.20,1.1057924519002053487737620300,508,42.33,-85323.6200,-167.95988188976377952755905512,38.38582677165354,False
CeReactionMagnitude,0.15,1.3564790403160896616447480700,384,32.00,-44326.1700,-115.432734375,39.0625,False
CeReactionMagnitude,0.10,1.6757935968307211677865773300,254,21.17,-4260.5800,-16.773937007874015748031496063,40.94488188976378,False
CeReactionMagnitude,0.05,2.420948616600790513833992100,122,10.17,-22720.4400,-186.23311475409836065573770492,38.52459016393443,True
PeReactionMagnitude,1.00,0.0008303823508927949598469900,1783,148.58,-405191.9500,-227.25291643297812675266404936,38.41839596186203,False
PeReactionMagnitude,0.50,0.4716107430362613093965947200,1116,93.00,-194064.5400,-173.89295698924731182795698925,38.888888888888886,False
PeReactionMagnitude,0.30,0.7668491521600951385044391200,746,62.17,-142390.8700,-190.8724798927613941018766756,39.00804289544236,False
PeReactionMagnitude,0.20,0.9967552220644899614682620100,525,43.75,-126246.2600,-240.46906666666666666666666667,38.285714285714285,False
PeReactionMagnitude,0.15,1.1767308117673081176730811800,401,33.42,-76291.9400,-190.25421446384039900249376559,39.15211970074813,False
PeReactionMagnitude,0.10,1.4738805970149253731343283600,267,22.25,-35265.0000,-132.07865168539325842696629213,37.827715355805246,False
PeReactionMagnitude,0.05,2.0231584134023158413402315800,135,11.25,-2814.8500,-20.850740740740740740740740741,42.22222222222222,True
DivergenceMagnitude,1.00,0.0176239400523807243571695100,1783,148.58,-405191.9500,-227.25291643297812675266404936,38.41839596186203,False
DivergenceMagnitude,0.50,0.9782071866702045448823106800,1104,92.00,-192839.1000,-174.67309782608695652173913043,39.039855072463766,False
DivergenceMagnitude,0.30,1.5482583900007284545596530700,730,60.83,-130812.6800,-179.19545205479452054794520548,38.63013698630137,False
DivergenceMagnitude,0.20,2.1020512129476783502177567700,502,41.83,-84563.2400,-168.45266932270916334661354582,38.645418326693225,False
DivergenceMagnitude,0.15,2.4804908685959367179832025600,392,32.67,-86601.4100,-220.92196428571428571428571429,37.244897959183675,False
DivergenceMagnitude,0.10,3.1107123762164472598100278000,259,21.58,-10965.6900,-42.338571428571428571428571429,39.38223938223938,False
DivergenceMagnitude,0.05,4.4608875655716930248901738800,125,10.42,1830.4400,14.64352,43.2,True
CrossoverDistance,1.00,0.0000359125858955256,1737,144.75,-401586.5400,-231.19547495682210708117443869,38.3419689119171,False
CrossoverDistance,0.50,0.463918288799254,1062,88.50,-252046.4700,-237.3318926553672316384180791,38.4180790960452,False
CrossoverDistance,0.30,0.77176748396424,675,56.25,-70917.1700,-105.06247407407407407407407407,38.666666666666664,False
CrossoverDistance,0.20,0.999628593526985,456,38.00,-38904.4600,-85.31679824561403508771929825,38.1578947368421,False
CrossoverDistance,0.15,1.18039444265228,340,28.33,-15373.9000,-45.217352941176470588235294118,37.05882352941177,False
CrossoverDistance,0.10,1.49153865072094,232,19.33,-13684.3200,-58.984137931034482758620689655,35.775862068965516,True
CrossoverDistance,0.05,2.0926330585602,105,8.75,-3365.2700,-32.050190476190476190476190476,39.04761904761905,True
