Execution,TradingDate,Classification,ExpiryDate,Dte,Pattern,SignalTimestampIST,AtmStrike,SignalAtmPremium,ExecutionStrike,ExecutionPremium,StrikeDistanceFromAtm,ExecutionMoneynessPct,OptionType,ContractToken,StateEpisodeId
ATM,2026-09-04,Validation,2026-09-08,4,A,09:30:28.000,24050.0000,156.9000,24050.0000,157.4000,0.0000,0,Put,42642,1
ATM,2026-09-04,Validation,2026-09-08,4,B,09:40:40.000,24050.0000,61.0500,24050.0000,61.0000,0.0000,0,Call,42641,2
ATM,2026-09-04,Validation,2026-09-08,4,A,09:43:47.000,24050.0000,155.5000,24050.0000,155.8500,0.0000,0,Put,42642,3
ATM,2026-09-04,Validation,2026-09-08,4,B,09:50:43.000,24050.0000,64.5000,24050.0000,64.6000,0.0000,0,Call,42641,4
ATM,2026-09-04,Validation,2026-09-08,4,A,09:58:40.000,24100.0000,161.1500,24100.0000,160.2000,0.0000,0,Put,42644,5
ATM,2026-09-04,Validation,2026-09-08,4,B,10:04:57.000,24100.0000,54.3500,24100.0000,54.5500,0.0000,0,Call,42643,6
ATM,2026-09-04,Validation,2026-09-08,4,B,10:46:13.000,24100.0000,54.6000,24100.0000,54.6000,0.0000,0,Call,42643,8
ATM,2026-09-04,Validation,2026-09-08,4,A,10:50:56.000,24100.0000,156.9000,24100.0000,156.8000,0.0000,0,Put,42644,9
ATM,2026-09-04,Validation,2026-09-08,4,B,11:26:00.000,24100.0000,55.9000,24100.0000,55.9000,0.0000,0,Call,42643,12
ATM,2026-09-04,Validation,2026-09-08,4,A,11:29:07.000,24100.0000,148.4000,24100.0000,148.0000,0.0000,0,Put,42644,13
ATM,2026-09-04,Validation,2026-09-08,4,B,12:08:36.000,24100.0000,51.7000,24100.0000,51.7000,0.0000,0,Call,42643,14
ATM,2026-09-04,Validation,2026-09-08,4,A,12:10:08.000,24100.0000,156.9500,24100.0000,157.3500,0.0000,0,Put,42644,15
ATM,2026-09-04,Validation,2026-09-08,4,B,12:18:03.000,24050.0000,66.7000,24050.0000,66.9000,0.0000,0,Call,42641,16
ATM,2026-09-04,Validation,2026-09-08,4,A,12:37:19.000,24050.0000,140.0500,24050.0000,140.4500,0.0000,0,Put,42642,17
ATM,2026-09-04,Validation,2026-09-08,4,B,12:52:13.000,24050.0000,59.5000,24050.0000,59.6500,0.0000,0,Call,42641,18
ATM,2026-09-04,Validation,2026-09-08,4,A,12:55:26.000,24050.0000,139.3000,24050.0000,139.5000,0.0000,0,Put,42642,19
ATM,2026-09-04,Validation,2026-09-08,4,B,13:05:47.000,24050.0000,58.0500,24050.0000,58.0000,0.0000,0,Call,42641,20
ATM,2026-09-04,Validation,2026-09-08,4,A,13:20:47.000,24100.0000,154.8000,24100.0000,155.2500,0.0000,0,Put,42644,21
ATM,2026-09-04,Validation,2026-09-08,4,B,13:39:30.000,24050.0000,58.2500,24050.0000,57.9500,0.0000,0,Call,42641,22
ATM,2026-09-04,Validation,2026-09-08,4,A,14:08:15.000,24050.0000,130.3500,24050.0000,130.5000,0.0000,0,Put,42642,23
ATM,2026-09-04,Validation,2026-09-08,4,B,14:32:46.000,24100.0000,47.6500,24100.0000,47.6500,0.0000,0,Call,42643,24
Premium100to150,2026-09-04,Validation,2026-09-08,4,A,09:30:28.000,24050.0000,156.9000,24000.0000,126.9500,-50.0000,-0.2079002079002079002079002100,Put,42640,1
Premium100to150,2026-09-04,Validation,2026-09-08,4,B,09:40:40.000,24050.0000,61.0500,23950.0000,106.4000,-100.0000,-0.4158004158004158004158004200,Call,42637,2
Premium100to150,2026-09-04,Validation,2026-09-08,4,A,09:43:47.000,24050.0000,155.5000,24000.0000,125.4500,-50.0000,-0.2079002079002079002079002100,Put,42640,3
Premium100to150,2026-09-04,Validation,2026-09-08,4,B,09:50:43.000,24050.0000,64.5000,23950.0000,112.0000,-100.0000,-0.4158004158004158004158004200,Call,42637,4
Premium100to150,2026-09-04,Validation,2026-09-08,4,A,09:58:40.000,24100.0000,161.1500,24050.0000,129.1500,-50.0000,-0.2074688796680497925311203300,Put,42642,5
Premium100to150,2026-09-04,Validation,2026-09-08,4,B,10:04:57.000,24100.0000,54.3500,23950.0000,125.8000,-150.0000,-0.62240663900414937759336100,Call,42637,6
Premium100to150,2026-09-04,Validation,2026-09-08,4,B,10:46:13.000,24100.0000,54.6000,23950.0000,126.9000,-150.0000,-0.62240663900414937759336100,Call,42637,8
Premium100to150,2026-09-04,Validation,2026-09-08,4,A,10:50:56.000,24100.0000,156.9000,24050.0000,126.4500,-50.0000,-0.2074688796680497925311203300,Put,42642,9
Premium100to150,2026-09-04,Validation,2026-09-08,4,B,11:26:00.000,24100.0000,55.9000,24000.0000,101.2000,-100.0000,-0.4149377593360995850622406600,Call,42639,12
Premium100to150,2026-09-04,Validation,2026-09-08,4,A,11:29:07.000,24100.0000,148.4000,24100.0000,148.0000,0.0000,0,Put,42644,13
Premium100to150,2026-09-04,Validation,2026-09-08,4,B,12:08:36.000,24100.0000,51.7000,23950.0000,122.4000,-150.0000,-0.62240663900414937759336100,Call,42637,14
Premium100to150,2026-09-04,Validation,2026-09-08,4,A,12:10:08.000,24100.0000,156.9500,24050.0000,126.6000,-50.0000,-0.2074688796680497925311203300,Put,42642,15
Premium100to150,2026-09-04,Validation,2026-09-08,4,B,12:18:03.000,24050.0000,66.7000,23950.0000,116.7000,-100.0000,-0.4158004158004158004158004200,Call,42637,16
Premium100to150,2026-09-04,Validation,2026-09-08,4,A,12:37:19.000,24050.0000,140.0500,24050.0000,140.4500,0.0000,0,Put,42642,17
Premium100to150,2026-09-04,Validation,2026-09-08,4,B,12:52:13.000,24050.0000,59.5000,23950.0000,106.6500,-100.0000,-0.4158004158004158004158004200,Call,42637,18
Premium100to150,2026-09-04,Validation,2026-09-08,4,A,12:55:26.000,24050.0000,139.3000,24050.0000,139.5000,0.0000,0,Put,42642,19
Premium100to150,2026-09-04,Validation,2026-09-08,4,B,13:05:47.000,24050.0000,58.0500,23950.0000,104.5500,-100.0000,-0.4158004158004158004158004200,Call,42637,20
Premium100to150,2026-09-04,Validation,2026-09-08,4,A,13:20:47.000,24100.0000,154.8000,24050.0000,123.4500,-50.0000,-0.2074688796680497925311203300,Put,42642,21
Premium100to150,2026-09-04,Validation,2026-09-08,4,B,13:39:30.000,24050.0000,58.2500,23950.0000,104.6000,-100.0000,-0.4158004158004158004158004200,Call,42637,22
Premium100to150,2026-09-04,Validation,2026-09-08,4,A,14:08:15.000,24050.0000,130.3500,24050.0000,130.5000,0.0000,0,Put,42642,23
Premium100to150,2026-09-04,Validation,2026-09-08,4,B,14:32:46.000,24100.0000,47.6500,23950.0000,119.1000,-150.0000,-0.62240663900414937759336100,Call,42637,24
ATM,2026-09-08,Validation,2026-09-08,0,B,09:31:19.000,23750.0000,28.2500,23750.0000,28.2500,0.0000,0,Call,42629,2
ATM,2026-09-08,Validation,2026-09-08,0,A,09:34:30.000,23800.0000,126.2500,23800.0000,126.2500,0.0000,0,Put,42632,3
ATM,2026-09-08,Validation,2026-09-08,0,B,09:35:35.000,23800.0000,17.5000,23800.0000,17.5000,0.0000,0,Call,42631,4
ATM,2026-09-08,Validation,2026-09-08,0,A,09:56:46.000,23800.0000,126.4500,23800.0000,126.6500,0.0000,0,Put,42632,5
ATM,2026-09-08,Validation,2026-09-08,0,B,10:06:11.000,23750.0000,21.7500,23750.0000,21.6500,0.0000,0,Call,42629,6
ATM,2026-09-08,Validation,2026-09-08,0,A,10:29:21.000,23800.0000,113.4500,23800.0000,113.6500,0.0000,0,Put,42632,7
ATM,2026-09-08,Validation,2026-09-08,0,B,10:42:20.000,23750.0000,21.3000,23750.0000,21.4000,0.0000,0,Call,42629,8
ATM,2026-09-08,Validation,2026-09-08,0,A,11:12:19.000,23800.0000,121.2000,23800.0000,121.5500,0.0000,0,Put,42632,9
ATM,2026-09-08,Validation,2026-09-08,0,B,11:16:11.000,23800.0000,11.6500,23800.0000,11.7000,0.0000,0,Call,42631,10
ATM,2026-09-08,Validation,2026-09-08,0,A,11:56:22.000,23750.0000,87.7000,23750.0000,87.8500,0.0000,0,Put,42630,11
ATM,2026-09-08,Validation,2026-09-08,0,B,12:13:31.000,23750.0000,15.2000,23750.0000,15.2000,0.0000,0,Call,42629,12
ATM,2026-09-08,Validation,2026-09-08,0,A,12:15:29.000,23750.0000,100.4000,23750.0000,100.3000,0.0000,0,Put,42630,13
ATM,2026-09-08,Validation,2026-09-08,0,B,12:17:08.000,23750.0000,15.6500,23750.0000,15.6500,0.0000,0,Call,42629,14
ATM,2026-09-08,Validation,2026-09-08,0,A,12:27:38.000,23750.0000,92.7500,23750.0000,93.0000,0.0000,0,Put,42630,15
ATM,2026-09-08,Validation,2026-09-08,0,B,12:36:02.000,23750.0000,17.9000,23750.0000,18.0500,0.0000,0,Call,42629,16
ATM,2026-09-08,Validation,2026-09-08,0,B,12:51:21.000,23750.0000,14.0000,23750.0000,13.9000,0.0000,0,Call,42629,18
ATM,2026-09-08,Validation,2026-09-08,0,B,13:15:45.000,23750.0000,13.8000,23750.0000,13.7500,0.0000,0,Call,42629,20
ATM,2026-09-08,Validation,2026-09-08,0,A,13:24:14.000,23750.0000,92.1000,23750.0000,92.3000,0.0000,0,Put,42630,21
ATM,2026-09-08,Validation,2026-09-08,0,B,13:38:51.000,23750.0000,9.9500,23750.0000,10.0500,0.0000,0,Call,42629,22
ATM,2026-09-08,Validation,2026-09-08,0,A,13:50:53.000,23750.0000,106.5000,23750.0000,106.8500,0.0000,0,Put,42630,23
ATM,2026-09-08,Validation,2026-09-08,0,B,14:00:35.000,23750.0000,9.1000,23750.0000,9.1500,0.0000,0,Call,42629,24
ATM,2026-09-08,Validation,2026-09-08,0,B,14:18:28.000,23750.0000,11.4000,23750.0000,11.7000,0.0000,0,Call,42629,26
ATM,2026-09-08,Validation,2026-09-08,0,A,14:24:27.000,23750.0000,97.9500,23750.0000,98.3500,0.0000,0,Put,42630,27
ATM,2026-09-08,Validation,2026-09-08,0,B,14:34:56.000,23750.0000,12.4500,23750.0000,12.5500,0.0000,0,Call,42629,28
ATM,2026-09-08,Validation,2026-09-08,0,A,14:45:57.000,23750.0000,98.0500,23750.0000,99.1000,0.0000,0,Put,42630,29
ATM,2026-09-08,Validation,2026-09-08,0,B,14:57:53.000,23750.0000,10.6500,23750.0000,10.6500,0.0000,0,Call,42629,30
Premium100to150,2026-09-08,Validation,2026-09-08,0,B,09:31:19.000,23750.0000,28.2500,23600.0000,110.6000,-150.0000,-0.6315789473684210526315789500,Call,42623,2
Premium100to150,2026-09-08,Validation,2026-09-08,0,A,09:34:30.000,23800.0000,126.2500,23800.0000,126.2500,0.0000,0,Put,42632,3
Premium100to150,2026-09-08,Validation,2026-09-08,0,B,09:35:35.000,23800.0000,17.5000,23600.0000,114.4000,-200.0000,-0.8403361344537815126050420200,Call,42623,4
Premium100to150,2026-09-08,Validation,2026-09-08,0,A,09:56:46.000,23800.0000,126.4500,23800.0000,126.6500,0.0000,0,Put,42632,5
Premium100to150,2026-09-08,Validation,2026-09-08,0,B,10:06:11.000,23750.0000,21.7500,23550.0000,138.3500,-200.0000,-0.8421052631578947368421052600,Call,42615,6
Premium100to150,2026-09-08,Validation,2026-09-08,0,A,10:29:21.000,23800.0000,113.4500,23800.0000,113.6500,0.0000,0,Put,42632,7
Premium100to150,2026-09-08,Validation,2026-09-08,0,B,10:42:20.000,23750.0000,21.3000,23600.0000,102.9000,-150.0000,-0.6315789473684210526315789500,Call,42623,8
Premium100to150,2026-09-08,Validation,2026-09-08,0,A,11:12:19.000,23800.0000,121.2000,23800.0000,121.5500,0.0000,0,Put,42632,9
Premium100to150,2026-09-08,Validation,2026-09-08,0,B,11:16:11.000,23800.0000,11.6500,23600.0000,101.3500,-200.0000,-0.8403361344537815126050420200,Call,42623,10
Premium100to150,2026-09-08,Validation,2026-09-08,0,A,11:56:22.000,23750.0000,87.7000,23800.0000,130.2000,50.0000,0.2105263157894736842105263200,Put,42632,11
Premium100to150,2026-09-08,Validation,2026-09-08,0,B,12:13:31.000,23750.0000,15.2000,23550.0000,126.0500,-200.0000,-0.8421052631578947368421052600,Call,42615,12
Premium100to150,2026-09-08,Validation,2026-09-08,0,A,12:15:29.000,23750.0000,100.4000,23750.0000,100.3000,0.0000,0,Put,42630,13
Premium100to150,2026-09-08,Validation,2026-09-08,0,B,12:17:08.000,23750.0000,15.6500,23550.0000,127.4000,-200.0000,-0.8421052631578947368421052600,Call,42615,14
Premium100to150,2026-09-08,Validation,2026-09-08,0,A,12:27:38.000,23750.0000,92.7500,23800.0000,136.3500,50.0000,0.2105263157894736842105263200,Put,42632,15
Premium100to150,2026-09-08,Validation,2026-09-08,0,B,12:36:02.000,23750.0000,17.9000,23550.0000,141.3500,-200.0000,-0.8421052631578947368421052600,Call,42615,16
Premium100to150,2026-09-08,Validation,2026-09-08,0,B,12:51:21.000,23750.0000,14.0000,23550.0000,131.4500,-200.0000,-0.8421052631578947368421052600,Call,42615,18
Premium100to150,2026-09-08,Validation,2026-09-08,0,B,13:15:45.000,23750.0000,13.8000,23550.0000,130.1000,-200.0000,-0.8421052631578947368421052600,Call,42615,20
Premium100to150,2026-09-08,Validation,2026-09-08,0,A,13:24:14.000,23750.0000,92.1000,23800.0000,136.4000,50.0000,0.2105263157894736842105263200,Put,42632,21
Premium100to150,2026-09-08,Validation,2026-09-08,0,B,13:38:51.000,23750.0000,9.9500,23550.0000,116.9000,-200.0000,-0.8421052631578947368421052600,Call,42615,22
Premium100to150,2026-09-08,Validation,2026-09-08,0,A,13:50:53.000,23750.0000,106.5000,23750.0000,106.8500,0.0000,0,Put,42630,23
Premium100to150,2026-09-08,Validation,2026-09-08,0,B,14:00:35.000,23750.0000,9.1000,23550.0000,111.1000,-200.0000,-0.8421052631578947368421052600,Call,42615,24
Premium100to150,2026-09-08,Validation,2026-09-08,0,B,14:18:28.000,23750.0000,11.4000,23550.0000,123.4500,-200.0000,-0.8421052631578947368421052600,Call,42615,26
Premium100to150,2026-09-08,Validation,2026-09-08,0,A,14:24:27.000,23750.0000,97.9500,23800.0000,143.4500,50.0000,0.2105263157894736842105263200,Put,42632,27
Premium100to150,2026-09-08,Validation,2026-09-08,0,B,14:34:56.000,23750.0000,12.4500,23550.0000,126.5000,-200.0000,-0.8421052631578947368421052600,Call,42615,28
Premium100to150,2026-09-08,Validation,2026-09-08,0,A,14:45:57.000,23750.0000,98.0500,23800.0000,143.4500,50.0000,0.2105263157894736842105263200,Put,42632,29
Premium100to150,2026-09-08,Validation,2026-09-08,0,B,14:57:53.000,23750.0000,10.6500,23550.0000,122.1500,-200.0000,-0.8421052631578947368421052600,Call,42615,30
ATM,2026-09-09,Validation,2026-09-15,6,A,09:18:50.000,23600.0000,155.4500,23600.0000,153.8000,0.0000,0,Put,47302,1
ATM,2026-09-09,Validation,2026-09-15,6,B,09:21:54.000,23600.0000,110.3000,23600.0000,110.3000,0.0000,0,Call,47301,2
ATM,2026-09-09,Validation,2026-09-15,6,B,09:22:48.000,23600.0000,109.6500,23600.0000,109.6500,0.0000,0,Call,47301,4
ATM,2026-09-09,Validation,2026-09-15,6,A,09:29:04.000,23600.0000,150.8000,23600.0000,150.8000,0.0000,0,Put,47302,5
ATM,2026-09-09,Validation,2026-09-15,6,B,09:30:14.000,23600.0000,113.3500,23600.0000,113.1500,0.0000,0,Call,47301,6
ATM,2026-09-09,Validation,2026-09-15,6,B,09:42:47.000,23650.0000,96.7000,23650.0000,96.0000,0.0000,0,Call,47303,8
ATM,2026-09-09,Validation,2026-09-15,6,A,09:56:58.000,23600.0000,155.9500,23600.0000,156.3500,0.0000,0,Put,47302,9
ATM,2026-09-09,Validation,2026-09-15,6,B,10:13:32.000,23600.0000,102.0000,23600.0000,102.0000,0.0000,0,Call,47301,10
ATM,2026-09-09,Validation,2026-09-15,6,A,10:30:55.000,23650.0000,156.0500,23650.0000,156.9000,0.0000,0,Put,47304,11
ATM,2026-09-09,Validation,2026-09-15,6,B,11:34:13.000,23650.0000,90.3500,23650.0000,89.9500,0.0000,0,Call,47303,12
ATM,2026-09-09,Validation,2026-09-15,6,A,11:57:09.000,23600.0000,147.0000,23600.0000,147.1500,0.0000,0,Put,47302,13
ATM,2026-09-09,Validation,2026-09-15,6,B,12:04:15.000,23600.0000,95.2000,23600.0000,95.2500,0.0000,0,Call,47301,14
ATM,2026-09-09,Validation,2026-09-15,6,A,12:05:06.000,23600.0000,158.1000,23600.0000,158.4000,0.0000,0,Put,47302,15
ATM,2026-09-09,Validation,2026-09-15,6,B,12:05:53.000,23600.0000,93.8500,23600.0000,93.5500,0.0000,0,Call,47301,16
ATM,2026-09-09,Validation,2026-09-15,6,A,12:07:43.000,23600.0000,163.2000,23600.0000,163.4500,0.0000,0,Put,47302,17
ATM,2026-09-09,Validation,2026-09-15,6,B,12:08:42.000,23600.0000,94.7500,23600.0000,94.4000,0.0000,0,Call,47301,18
ATM,2026-09-09,Validation,2026-09-15,6,A,12:17:53.000,23600.0000,156.7500,23600.0000,156.8000,0.0000,0,Put,47302,19
ATM,2026-09-09,Validation,2026-09-15,6,B,12:24:06.000,23600.0000,96.3500,23600.0000,96.3500,0.0000,0,Call,47301,20
ATM,2026-09-09,Validation,2026-09-15,6,A,12:39:23.000,23650.0000,142.9000,23650.0000,143.1500,0.0000,0,Put,47304,21
ATM,2026-09-09,Validation,2026-09-15,6,A,12:40:42.000,23650.0000,142.4500,23650.0000,142.5000,0.0000,0,Put,47304,23
ATM,2026-09-09,Validation,2026-09-15,6,B,12:42:07.000,23650.0000,107.6500,23650.0000,108.3500,0.0000,0,Call,47303,24
ATM,2026-09-09,Validation,2026-09-15,6,B,12:57:00.000,23650.0000,102.7500,23650.0000,102.7500,0.0000,0,Call,47303,26
ATM,2026-09-09,Validation,2026-09-15,6,A,13:01:38.000,23650.0000,143.5500,23650.0000,143.4500,0.0000,0,Put,47304,27
ATM,2026-09-09,Validation,2026-09-15,6,B,13:16:55.000,23650.0000,93.5000,23650.0000,93.5500,0.0000,0,Call,47303,28
ATM,2026-09-09,Validation,2026-09-15,6,A,13:18:02.000,23650.0000,149.4000,23650.0000,149.2000,0.0000,0,Put,47304,29
ATM,2026-09-09,Validation,2026-09-15,6,B,13:27:23.000,23650.0000,96.5500,23650.0000,96.9500,0.0000,0,Call,47303,30
ATM,2026-09-09,Validation,2026-09-15,6,A,13:44:38.000,23650.0000,145.2000,23650.0000,144.9500,0.0000,0,Put,47304,31
ATM,2026-09-09,Validation,2026-09-15,6,B,13:51:58.000,23650.0000,96.5000,23650.0000,96.5500,0.0000,0,Call,47303,32
ATM,2026-09-09,Validation,2026-09-15,6,A,14:06:26.000,23650.0000,140.2000,23650.0000,139.9500,0.0000,0,Put,47304,33
ATM,2026-09-09,Validation,2026-09-15,6,B,14:55:06.000,23600.0000,98.9500,23600.0000,98.9500,0.0000,0,Call,47301,36
Premium100to150,2026-09-09,Validation,2026-09-15,6,A,09:18:50.000,23600.0000,155.4500,23550.0000,128.7500,-50.0000,-0.2118644067796610169491525400,Put,47300,1
Premium100to150,2026-09-09,Validation,2026-09-15,6,B,09:21:54.000,23600.0000,110.3000,23600.0000,110.3000,0.0000,0,Call,47301,2
Premium100to150,2026-09-09,Validation,2026-09-15,6,B,09:22:48.000,23600.0000,109.6500,23600.0000,109.6500,0.0000,0,Call,47301,4
Premium100to150,2026-09-09,Validation,2026-09-15,6,A,09:29:04.000,23600.0000,150.8000,23550.0000,126.1500,-50.0000,-0.2118644067796610169491525400,Put,47300,5
Premium100to150,2026-09-09,Validation,2026-09-15,6,B,09:30:14.000,23600.0000,113.3500,23600.0000,113.1500,0.0000,0,Call,47301,6
Premium100to150,2026-09-09,Validation,2026-09-15,6,B,09:42:47.000,23650.0000,96.7000,23600.0000,119.4000,-50.0000,-0.2114164904862579281183932300,Call,47301,8
Premium100to150,2026-09-09,Validation,2026-09-15,6,A,09:56:58.000,23600.0000,155.9500,23550.0000,130.3000,-50.0000,-0.2118644067796610169491525400,Put,47300,9
Premium100to150,2026-09-09,Validation,2026-09-15,6,B,10:13:32.000,23600.0000,102.0000,23600.0000,102.0000,0.0000,0,Call,47301,10
Premium100to150,2026-09-09,Validation,2026-09-15,6,A,10:30:55.000,23650.0000,156.0500,23600.0000,130.0000,-50.0000,-0.2114164904862579281183932300,Put,47302,11
Premium100to150,2026-09-09,Validation,2026-09-15,6,B,11:34:13.000,23650.0000,90.3500,23600.0000,113.0000,-50.0000,-0.2114164904862579281183932300,Call,47301,12
Premium100to150,2026-09-09,Validation,2026-09-15,6,A,11:57:09.000,23600.0000,147.0000,23600.0000,147.1500,0.0000,0,Put,47302,13
Premium100to150,2026-09-09,Validation,2026-09-15,6,B,12:04:15.000,23600.0000,95.2000,23550.0000,118.4500,-50.0000,-0.2118644067796610169491525400,Call,47299,14
Premium100to150,2026-09-09,Validation,2026-09-15,6,A,12:05:06.000,23600.0000,158.1000,23550.0000,131.9000,-50.0000,-0.2118644067796610169491525400,Put,47300,15
Premium100to150,2026-09-09,Validation,2026-09-15,6,B,12:05:53.000,23600.0000,93.8500,23550.0000,116.1000,-50.0000,-0.2118644067796610169491525400,Call,47299,16
Premium100to150,2026-09-09,Validation,2026-09-15,6,A,12:07:43.000,23600.0000,163.2000,23550.0000,135.9500,-50.0000,-0.2118644067796610169491525400,Put,47300,17
Premium100to150,2026-09-09,Validation,2026-09-15,6,B,12:08:42.000,23600.0000,94.7500,23550.0000,117.6000,-50.0000,-0.2118644067796610169491525400,Call,47299,18
Premium100to150,2026-09-09,Validation,2026-09-15,6,A,12:17:53.000,23600.0000,156.7500,23550.0000,130.2000,-50.0000,-0.2118644067796610169491525400,Put,47300,19
Premium100to150,2026-09-09,Validation,2026-09-15,6,B,12:24:06.000,23600.0000,96.3500,23550.0000,119.4500,-50.0000,-0.2118644067796610169491525400,Call,47299,20
Premium100to150,2026-09-09,Validation,2026-09-15,6,A,12:39:23.000,23650.0000,142.9000,23650.0000,143.1500,0.0000,0,Put,47304,21
Premium100to150,2026-09-09,Validation,2026-09-15,6,A,12:40:42.000,23650.0000,142.4500,23650.0000,142.5000,0.0000,0,Put,47304,23
Premium100to150,2026-09-09,Validation,2026-09-15,6,B,12:42:07.000,23650.0000,107.6500,23650.0000,108.3500,0.0000,0,Call,47303,24
Premium100to150,2026-09-09,Validation,2026-09-15,6,B,12:57:00.000,23650.0000,102.7500,23650.0000,102.7500,0.0000,0,Call,47303,26
Premium100to150,2026-09-09,Validation,2026-09-15,6,A,13:01:38.000,23650.0000,143.5500,23650.0000,143.4500,0.0000,0,Put,47304,27
Premium100to150,2026-09-09,Validation,2026-09-15,6,B,13:16:55.000,23650.0000,93.5000,23600.0000,117.4000,-50.0000,-0.2114164904862579281183932300,Call,47301,28
Premium100to150,2026-09-09,Validation,2026-09-15,6,A,13:18:02.000,23650.0000,149.4000,23650.0000,149.2000,0.0000,0,Put,47304,29
Premium100to150,2026-09-09,Validation,2026-09-15,6,B,13:27:23.000,23650.0000,96.5500,23600.0000,121.5500,-50.0000,-0.2114164904862579281183932300,Call,47301,30
Premium100to150,2026-09-09,Validation,2026-09-15,6,A,13:44:38.000,23650.0000,145.2000,23650.0000,144.9500,0.0000,0,Put,47304,31
Premium100to150,2026-09-09,Validation,2026-09-15,6,B,13:51:58.000,23650.0000,96.5000,23600.0000,121.0500,-50.0000,-0.2114164904862579281183932300,Call,47301,32
Premium100to150,2026-09-09,Validation,2026-09-15,6,A,14:06:26.000,23650.0000,140.2000,23650.0000,139.9500,0.0000,0,Put,47304,33
Premium100to150,2026-09-09,Validation,2026-09-15,6,B,14:55:06.000,23600.0000,98.9500,23550.0000,123.6500,-50.0000,-0.2118644067796610169491525400,Call,47299,36
ATM,2026-09-10,Validation,2026-09-15,5,B,09:18:48.000,23550.0000,94.7500,23550.0000,94.7500,0.0000,0,Call,47299,1
ATM,2026-09-10,Validation,2026-09-15,5,A,09:21:30.000,23550.0000,138.8000,23550.0000,139.1500,0.0000,0,Put,47300,2
ATM,2026-09-10,Validation,2026-09-15,5,B,09:33:30.000,23550.0000,81.0000,23550.0000,80.8000,0.0000,0,Call,47299,3
ATM,2026-09-10,Validation,2026-09-15,5,A,09:37:58.000,23550.0000,155.7500,23550.0000,154.9000,0.0000,0,Put,47300,4
ATM,2026-09-10,Validation,2026-09-15,5,A,10:27:04.000,23550.0000,150.6000,23550.0000,150.8000,0.0000,0,Put,47300,6
ATM,2026-09-10,Validation,2026-09-15,5,B,10:59:39.000,23500.0000,92.9000,23500.0000,92.8000,0.0000,0,Call,47297,7
ATM,2026-09-10,Validation,2026-09-15,5,A,11:05:32.000,23500.0000,129.1000,23500.0000,129.6500,0.0000,0,Put,47298,8
ATM,2026-09-10,Validation,2026-09-15,5,B,11:06:22.000,23500.0000,97.0000,23500.0000,96.3500,0.0000,0,Call,47297,9
ATM,2026-09-10,Validation,2026-09-15,5,A,11:17:04.000,23550.0000,140.7500,23550.0000,140.9000,0.0000,0,Put,47300,10
ATM,2026-09-10,Validation,2026-09-15,5,B,11:39:18.000,23550.0000,76.0000,23550.0000,76.4500,0.0000,0,Call,47299,11
ATM,2026-09-10,Validation,2026-09-15,5,A,11:54:10.000,23550.0000,140.8000,23550.0000,141.0500,0.0000,0,Put,47300,12
ATM,2026-09-10,Validation,2026-09-15,5,B,11:59:50.000,23550.0000,83.2500,23550.0000,83.4500,0.0000,0,Call,47299,13
ATM,2026-09-10,Validation,2026-09-15,5,A,12:07:59.000,23550.0000,138.1000,23550.0000,138.6500,0.0000,0,Put,47300,14
ATM,2026-09-10,Validation,2026-09-15,5,A,12:15:50.000,23550.0000,130.7500,23550.0000,130.4000,0.0000,0,Put,47300,16
ATM,2026-09-10,Validation,2026-09-15,5,B,12:22:30.000,23550.0000,89.0500,23550.0000,89.8500,0.0000,0,Call,47299,17
ATM,2026-09-10,Validation,2026-09-15,5,A,12:23:40.000,23550.0000,135.1000,23550.0000,134.8000,0.0000,0,Put,47300,18
ATM,2026-09-10,Validation,2026-09-15,5,A,12:30:39.000,23550.0000,134.6500,23550.0000,134.3000,0.0000,0,Put,47300,20
ATM,2026-09-10,Validation,2026-09-15,5,B,12:41:42.000,23550.0000,81.4000,23550.0000,81.4500,0.0000,0,Call,47299,21
ATM,2026-09-10,Validation,2026-09-15,5,A,13:45:16.000,23550.0000,146.4500,23550.0000,145.9500,0.0000,0,Put,47300,22
ATM,2026-09-10,Validation,2026-09-15,5,B,13:51:30.000,23500.0000,91.1000,23500.0000,91.4500,0.0000,0,Call,47297,23
ATM,2026-09-10,Validation,2026-09-15,5,A,13:55:00.000,23500.0000,119.8000,23500.0000,119.6500,0.0000,0,Put,47298,24
ATM,2026-09-10,Validation,2026-09-15,5,B,14:07:05.000,23500.0000,83.8000,23500.0000,83.9500,0.0000,0,Call,47297,25
ATM,2026-09-10,Validation,2026-09-15,5,A,14:18:07.000,23500.0000,130.0500,23500.0000,130.0500,0.0000,0,Put,47298,26
ATM,2026-09-10,Validation,2026-09-15,5,B,14:43:13.000,23500.0000,78.2500,23500.0000,78.3000,0.0000,0,Call,47297,27
Premium100to150,2026-09-10,Validation,2026-09-15,5,B,09:18:48.000,23550.0000,94.7500,23500.0000,119.2500,-50.0000,-0.2123142250530785562632696400,Call,47297,1
Premium100to150,2026-09-10,Validation,2026-09-15,5,A,09:21:30.000,23550.0000,138.8000,23550.0000,139.1500,0.0000,0,Put,47300,2
Premium100to150,2026-09-10,Validation,2026-09-15,5,B,09:33:30.000,23550.0000,81.0000,23500.0000,103.0500,-50.0000,-0.2123142250530785562632696400,Call,47297,3
Premium100to150,2026-09-10,Validation,2026-09-15,5,A,09:37:58.000,23550.0000,155.7500,23500.0000,126.9000,-50.0000,-0.2123142250530785562632696400,Put,47298,4
Premium100to150,2026-09-10,Validation,2026-09-15,5,A,10:27:04.000,23550.0000,150.6000,23500.0000,123.3000,-50.0000,-0.2123142250530785562632696400,Put,47298,6
Premium100to150,2026-09-10,Validation,2026-09-15,5,B,10:59:39.000,23500.0000,92.9000,23450.0000,117.6000,-50.0000,-0.2127659574468085106382978700,Call,47295,7
Premium100to150,2026-09-10,Validation,2026-09-15,5,A,11:05:32.000,23500.0000,129.1000,23500.0000,129.6500,0.0000,0,Put,47298,8
Premium100to150,2026-09-10,Validation,2026-09-15,5,B,11:06:22.000,23500.0000,97.0000,23450.0000,122.4500,-50.0000,-0.2127659574468085106382978700,Call,47295,9
Premium100to150,2026-09-10,Validation,2026-09-15,5,A,11:17:04.000,23550.0000,140.7500,23550.0000,140.9000,0.0000,0,Put,47300,10
Premium100to150,2026-09-10,Validation,2026-09-15,5,B,11:39:18.000,23550.0000,76.0000,23450.0000,124.1000,-100.0000,-0.4246284501061571125265392800,Call,47295,11
Premium100to150,2026-09-10,Validation,2026-09-15,5,A,11:54:10.000,23550.0000,140.8000,23550.0000,141.0500,0.0000,0,Put,47300,12
Premium100to150,2026-09-10,Validation,2026-09-15,5,B,11:59:50.000,23550.0000,83.2500,23500.0000,106.7000,-50.0000,-0.2123142250530785562632696400,Call,47297,13
Premium100to150,2026-09-10,Validation,2026-09-15,5,A,12:07:59.000,23550.0000,138.1000,23550.0000,138.6500,0.0000,0,Put,47300,14
Premium100to150,2026-09-10,Validation,2026-09-15,5,A,12:15:50.000,23550.0000,130.7500,23550.0000,130.4000,0.0000,0,Put,47300,16
Premium100to150,2026-09-10,Validation,2026-09-15,5,B,12:22:30.000,23550.0000,89.0500,23500.0000,114.1500,-50.0000,-0.2123142250530785562632696400,Call,47297,17
Premium100to150,2026-09-10,Validation,2026-09-15,5,A,12:23:40.000,23550.0000,135.1000,23550.0000,134.8000,0.0000,0,Put,47300,18
Premium100to150,2026-09-10,Validation,2026-09-15,5,A,12:30:39.000,23550.0000,134.6500,23550.0000,134.3000,0.0000,0,Put,47300,20
Premium100to150,2026-09-10,Validation,2026-09-15,5,B,12:41:42.000,23550.0000,81.4000,23500.0000,104.9500,-50.0000,-0.2123142250530785562632696400,Call,47297,21
Premium100to150,2026-09-10,Validation,2026-09-15,5,A,13:45:16.000,23550.0000,146.4500,23550.0000,145.9500,0.0000,0,Put,47300,22
Premium100to150,2026-09-10,Validation,2026-09-15,5,B,13:51:30.000,23500.0000,91.1000,23450.0000,117.4500,-50.0000,-0.2127659574468085106382978700,Call,47295,23
Premium100to150,2026-09-10,Validation,2026-09-15,5,A,13:55:00.000,23500.0000,119.8000,23500.0000,119.6500,0.0000,0,Put,47298,24
Premium100to150,2026-09-10,Validation,2026-09-15,5,B,14:07:05.000,23500.0000,83.8000,23450.0000,108.9000,-50.0000,-0.2127659574468085106382978700,Call,47295,25
Premium100to150,2026-09-10,Validation,2026-09-15,5,A,14:18:07.000,23500.0000,130.0500,23500.0000,130.0500,0.0000,0,Put,47298,26
Premium100to150,2026-09-10,Validation,2026-09-15,5,B,14:43:13.000,23500.0000,78.2500,23450.0000,101.9500,-50.0000,-0.2127659574468085106382978700,Call,47295,27
ATM,2026-09-11,Validation,2026-09-15,4,A,09:23:39.000,23300.0000,125.2500,23300.0000,125.2000,0.0000,0,Put,47290,2
ATM,2026-09-11,Validation,2026-09-15,4,B,09:25:12.000,23300.0000,86.7000,23300.0000,86.7000,0.0000,0,Call,47289,3
ATM,2026-09-11,Validation,2026-09-15,4,A,09:27:59.000,23300.0000,124.4000,23300.0000,124.1000,0.0000,0,Put,47290,4
ATM,2026-09-11,Validation,2026-09-15,4,A,09:32:41.000,23300.0000,124.8500,23300.0000,124.9500,0.0000,0,Put,47290,6
ATM,2026-09-11,Validation,2026-09-15,4,B,09:34:18.000,23300.0000,89.7000,23300.0000,89.5000,0.0000,0,Call,47289,7
ATM,2026-09-11,Validation,2026-09-15,4,A,09:35:05.000,23300.0000,122.1000,23300.0000,122.2000,0.0000,0,Put,47290,8
ATM,2026-09-11,Validation,2026-09-15,4,B,09:38:29.000,23300.0000,88.5000,23300.0000,89.4000,0.0000,0,Call,47289,9
ATM,2026-09-11,Validation,2026-09-15,4,A,09:54:55.000,23300.0000,125.6000,23300.0000,126.0000,0.0000,0,Put,47290,10
ATM,2026-09-11,Validation,2026-09-15,4,B,09:58:09.000,23300.0000,84.8500,23300.0000,85.1000,0.0000,0,Call,47289,11
ATM,2026-09-11,Validation,2026-09-15,4,A,10:01:12.000,23300.0000,121.5500,23300.0000,121.7000,0.0000,0,Put,47290,12
ATM,2026-09-11,Validation,2026-09-15,4,B,10:13:23.000,23350.0000,75.5500,23350.0000,75.8500,0.0000,0,Call,47291,13
ATM,2026-09-11,Validation,2026-09-15,4,A,10:24:42.000,23350.0000,128.5500,23350.0000,128.4000,0.0000,0,Put,47292,14
ATM,2026-09-11,Validation,2026-09-15,4,B,10:31:41.000,23350.0000,78.8500,23350.0000,78.8500,0.0000,0,Call,47291,15
ATM,2026-09-11,Validation,2026-09-15,4,A,10:40:53.000,23350.0000,129.7000,23350.0000,129.6500,0.0000,0,Put,47292,16
ATM,2026-09-11,Validation,2026-09-15,4,A,11:04:22.000,23350.0000,132.1000,23350.0000,132.0500,0.0000,0,Put,47292,18
ATM,2026-09-11,Validation,2026-09-15,4,B,11:07:58.000,23350.0000,84.5500,23350.0000,84.8500,0.0000,0,Call,47291,19
ATM,2026-09-11,Validation,2026-09-15,4,A,11:20:22.000,23450.0000,155.1500,23450.0000,155.0000,0.0000,0,Put,47296,20
ATM,2026-09-11,Validation,2026-09-15,4,B,11:22:22.000,23400.0000,92.9000,23400.0000,92.7000,0.0000,0,Call,47293,21
ATM,2026-09-11,Validation,2026-09-15,4,A,11:27:00.000,23450.0000,154.0500,23450.0000,154.2500,0.0000,0,Put,47296,22
ATM,2026-09-11,Validation,2026-09-15,4,B,11:44:28.000,23450.0000,74.2500,23450.0000,74.3500,0.0000,0,Call,47295,23
ATM,2026-09-11,Validation,2026-09-15,4,A,11:47:22.000,23450.0000,147.9000,23450.0000,147.9500,0.0000,0,Put,47296,24
ATM,2026-09-11,Validation,2026-09-15,4,B,12:00:27.000,23400.0000,91.7000,23400.0000,91.2000,0.0000,0,Call,47293,25
ATM,2026-09-11,Validation,2026-09-15,4,A,12:03:23.000,23400.0000,124.9000,23400.0000,124.3000,0.0000,0,Put,47294,26
ATM,2026-09-11,Validation,2026-09-15,4,B,12:36:23.000,23400.0000,87.3000,23400.0000,87.0500,0.0000,0,Call,47293,27
ATM,2026-09-11,Validation,2026-09-15,4,A,12:38:51.000,23400.0000,124.8000,23400.0000,125.2000,0.0000,0,Put,47294,28
ATM,2026-09-11,Validation,2026-09-15,4,B,12:44:26.000,23400.0000,85.6500,23400.0000,86.2000,0.0000,0,Call,47293,29
ATM,2026-09-11,Validation,2026-09-15,4,A,12:48:33.000,23400.0000,125.7500,23400.0000,126.5000,0.0000,0,Put,47294,30
ATM,2026-09-11,Validation,2026-09-15,4,B,12:53:13.000,23400.0000,82.7000,23400.0000,82.7500,0.0000,0,Call,47293,31
ATM,2026-09-11,Validation,2026-09-15,4,A,12:57:26.000,23400.0000,123.9500,23400.0000,123.9000,0.0000,0,Put,47294,32
ATM,2026-09-11,Validation,2026-09-15,4,B,12:59:01.000,23400.0000,87.4500,23400.0000,87.7000,0.0000,0,Call,47293,33
ATM,2026-09-11,Validation,2026-09-15,4,A,13:01:26.000,23400.0000,125.5500,23400.0000,126.4500,0.0000,0,Put,47294,34
ATM,2026-09-11,Validation,2026-09-15,4,B,13:31:21.000,23400.0000,81.9000,23400.0000,82.3500,0.0000,0,Call,47293,35
ATM,2026-09-11,Validation,2026-09-15,4,B,13:38:34.000,23400.0000,79.3500,23400.0000,79.3000,0.0000,0,Call,47293,37
ATM,2026-09-11,Validation,2026-09-15,4,A,13:41:19.000,23400.0000,130.5500,23400.0000,129.2500,0.0000,0,Put,47294,38
ATM,2026-09-11,Validation,2026-09-15,4,B,13:46:05.000,23400.0000,72.1500,23400.0000,72.4000,0.0000,0,Call,47293,39
ATM,2026-09-11,Validation,2026-09-15,4,A,13:48:43.000,23400.0000,129.0500,23400.0000,128.6500,0.0000,0,Put,47294,40
ATM,2026-09-11,Validation,2026-09-15,4,B,13:52:06.000,23400.0000,79.9500,23400.0000,79.6500,0.0000,0,Call,47293,41
ATM,2026-09-11,Validation,2026-09-15,4,B,14:21:29.000,23450.0000,95.2000,23450.0000,95.2000,0.0000,0,Call,47295,43
ATM,2026-09-11,Validation,2026-09-15,4,A,14:33:16.000,23500.0000,132.0500,23500.0000,131.0500,0.0000,0,Put,47298,44
ATM,2026-09-11,Validation,2026-09-15,4,B,14:43:16.000,23500.0000,79.2500,23500.0000,79.8000,0.0000,0,Call,47297,45
ATM,2026-09-11,Validation,2026-09-15,4,A,14:58:02.000,23500.0000,134.7500,23500.0000,134.8000,0.0000,0,Put,47298,46
Premium100to150,2026-09-11,Validation,2026-09-15,4,A,09:23:39.000,23300.0000,125.2500,23300.0000,125.2000,0.0000,0,Put,47290,2
Premium100to150,2026-09-11,Validation,2026-09-15,4,B,09:25:12.000,23300.0000,86.7000,23250.0000,111.9500,-50.0000,-0.2145922746781115879828326200,Call,47287,3
Premium100to150,2026-09-11,Validation,2026-09-15,4,A,09:27:59.000,23300.0000,124.4000,23300.0000,124.1000,0.0000,0,Put,47290,4
Premium100to150,2026-09-11,Validation,2026-09-15,4,A,09:32:41.000,23300.0000,124.8500,23300.0000,124.9500,0.0000,0,Put,47290,6
Premium100to150,2026-09-11,Validation,2026-09-15,4,B,09:34:18.000,23300.0000,89.7000,23250.0000,115.4000,-50.0000,-0.2145922746781115879828326200,Call,47287,7
Premium100to150,2026-09-11,Validation,2026-09-15,4,A,09:35:05.000,23300.0000,122.1000,23300.0000,122.2000,0.0000,0,Put,47290,8
Premium100to150,2026-09-11,Validation,2026-09-15,4,B,09:38:29.000,23300.0000,88.5000,23250.0000,114.7000,-50.0000,-0.2145922746781115879828326200,Call,47287,9
Premium100to150,2026-09-11,Validation,2026-09-15,4,A,09:54:55.000,23300.0000,125.6000,23300.0000,126.0000,0.0000,0,Put,47290,10
Premium100to150,2026-09-11,Validation,2026-09-15,4,B,09:58:09.000,23300.0000,84.8500,23250.0000,110.1000,-50.0000,-0.2145922746781115879828326200,Call,47287,11
Premium100to150,2026-09-11,Validation,2026-09-15,4,A,10:01:12.000,23300.0000,121.5500,23300.0000,121.7000,0.0000,0,Put,47290,12
Premium100to150,2026-09-11,Validation,2026-09-15,4,B,10:13:23.000,23350.0000,75.5500,23250.0000,126.0000,-100.0000,-0.4282655246252676659528907900,Call,47287,13
Premium100to150,2026-09-11,Validation,2026-09-15,4,A,10:24:42.000,23350.0000,128.5500,23350.0000,128.4000,0.0000,0,Put,47292,14
Premium100to150,2026-09-11,Validation,2026-09-15,4,B,10:31:41.000,23350.0000,78.8500,23300.0000,102.4000,-50.0000,-0.214132762312633832976445400,Call,47289,15
Premium100to150,2026-09-11,Validation,2026-09-15,4,A,10:40:53.000,23350.0000,129.7000,23350.0000,129.6500,0.0000,0,Put,47292,16
Premium100to150,2026-09-11,Validation,2026-09-15,4,A,11:04:22.000,23350.0000,132.1000,23350.0000,132.0500,0.0000,0,Put,47292,18
Premium100to150,2026-09-11,Validation,2026-09-15,4,B,11:07:58.000,23350.0000,84.5500,23300.0000,108.9000,-50.0000,-0.214132762312633832976445400,Call,47289,19
Premium100to150,2026-09-11,Validation,2026-09-15,4,A,11:20:22.000,23450.0000,155.1500,23400.0000,125.8000,-50.0000,-0.213219616204690831556503200,Put,47294,20
Premium100to150,2026-09-11,Validation,2026-09-15,4,B,11:22:22.000,23400.0000,92.9000,23350.0000,118.3000,-50.0000,-0.2136752136752136752136752100,Call,47291,21
Premium100to150,2026-09-11,Validation,2026-09-15,4,A,11:27:00.000,23450.0000,154.0500,23400.0000,126.0000,-50.0000,-0.213219616204690831556503200,Put,47294,22
Premium100to150,2026-09-11,Validation,2026-09-15,4,B,11:44:28.000,23450.0000,74.2500,23350.0000,123.3000,-100.0000,-0.426439232409381663113006400,Call,47291,23
Premium100to150,2026-09-11,Validation,2026-09-15,4,A,11:47:22.000,23450.0000,147.9000,23450.0000,147.9500,0.0000,0,Put,47296,24
Premium100to150,2026-09-11,Validation,2026-09-15,4,B,12:00:27.000,23400.0000,91.7000,23350.0000,117.4500,-50.0000,-0.2136752136752136752136752100,Call,47291,25
Premium100to150,2026-09-11,Validation,2026-09-15,4,A,12:03:23.000,23400.0000,124.9000,23400.0000,124.3000,0.0000,0,Put,47294,26
Premium100to150,2026-09-11,Validation,2026-09-15,4,B,12:36:23.000,23400.0000,87.3000,23350.0000,112.7000,-50.0000,-0.2136752136752136752136752100,Call,47291,27
Premium100to150,2026-09-11,Validation,2026-09-15,4,A,12:38:51.000,23400.0000,124.8000,23400.0000,125.2000,0.0000,0,Put,47294,28
Premium100to150,2026-09-11,Validation,2026-09-15,4,B,12:44:26.000,23400.0000,85.6500,23350.0000,111.5000,-50.0000,-0.2136752136752136752136752100,Call,47291,29
Premium100to150,2026-09-11,Validation,2026-09-15,4,A,12:48:33.000,23400.0000,125.7500,23400.0000,126.5000,0.0000,0,Put,47294,30
Premium100to150,2026-09-11,Validation,2026-09-15,4,B,12:53:13.000,23400.0000,82.7000,23350.0000,107.6000,-50.0000,-0.2136752136752136752136752100,Call,47291,31
Premium100to150,2026-09-11,Validation,2026-09-15,4,A,12:57:26.000,23400.0000,123.9500,23400.0000,123.9000,0.0000,0,Put,47294,32
Premium100to150,2026-09-11,Validation,2026-09-15,4,B,12:59:01.000,23400.0000,87.4500,23350.0000,113.4000,-50.0000,-0.2136752136752136752136752100,Call,47291,33
Premium100to150,2026-09-11,Validation,2026-09-15,4,A,13:01:26.000,23400.0000,125.5500,23400.0000,126.4500,0.0000,0,Put,47294,34
Premium100to150,2026-09-11,Validation,2026-09-15,4,B,13:31:21.000,23400.0000,81.9000,23350.0000,107.4500,-50.0000,-0.2136752136752136752136752100,Call,47291,35
Premium100to150,2026-09-11,Validation,2026-09-15,4,B,13:38:34.000,23400.0000,79.3500,23350.0000,104.2000,-50.0000,-0.2136752136752136752136752100,Call,47291,37
Premium100to150,2026-09-11,Validation,2026-09-15,4,A,13:41:19.000,23400.0000,130.5500,23400.0000,129.2500,0.0000,0,Put,47294,38
Premium100to150,2026-09-11,Validation,2026-09-15,4,B,13:46:05.000,23400.0000,72.1500,23300.0000,123.0000,-100.0000,-0.4273504273504273504273504300,Call,47289,39
Premium100to150,2026-09-11,Validation,2026-09-15,4,A,13:48:43.000,23400.0000,129.0500,23400.0000,128.6500,0.0000,0,Put,47294,40
Premium100to150,2026-09-11,Validation,2026-09-15,4,B,13:52:06.000,23400.0000,79.9500,23350.0000,104.1500,-50.0000,-0.2136752136752136752136752100,Call,47291,41
Premium100to150,2026-09-11,Validation,2026-09-15,4,B,14:21:29.000,23450.0000,95.2000,23400.0000,122.8500,-50.0000,-0.213219616204690831556503200,Call,47293,43
Premium100to150,2026-09-11,Validation,2026-09-15,4,A,14:33:16.000,23500.0000,132.0500,23500.0000,131.0500,0.0000,0,Put,47298,44
Premium100to150,2026-09-11,Validation,2026-09-15,4,B,14:43:16.000,23500.0000,79.2500,23450.0000,104.6000,-50.0000,-0.2127659574468085106382978700,Call,47295,45
Premium100to150,2026-09-11,Validation,2026-09-15,4,A,14:58:02.000,23500.0000,134.7500,23500.0000,134.8000,0.0000,0,Put,47298,46
ATM,2026-09-15,Validation,2026-09-15,0,A,09:15:04.000,23600.0000,96.8000,23600.0000,90.2500,0.0000,0,Put,47302,1
ATM,2026-09-15,Validation,2026-09-15,0,A,09:24:26.000,23500.0000,62.1500,23500.0000,61.6000,0.0000,0,Put,47298,3
ATM,2026-09-15,Validation,2026-09-15,0,A,09:32:51.000,23500.0000,78.2500,23500.0000,78.2000,0.0000,0,Put,47298,5
ATM,2026-09-15,Validation,2026-09-15,0,B,10:00:44.000,23400.0000,0,23400.0000,58.7000,0.0000,0,Call,47293,6
ATM,2026-09-15,Validation,2026-09-15,0,B,10:04:25.000,23400.0000,59.1000,23400.0000,58.7500,0.0000,0,Call,47293,8
ATM,2026-09-15,Validation,2026-09-15,0,A,10:07:35.000,23450.0000,99.7500,23450.0000,100.7500,0.0000,0,Put,47296,9
ATM,2026-09-15,Validation,2026-09-15,0,B,10:26:53.000,23400.0000,55.8000,23400.0000,55.7500,0.0000,0,Call,47293,10
ATM,2026-09-15,Validation,2026-09-15,0,A,10:50:48.000,23400.0000,88.2000,23400.0000,87.4000,0.0000,0,Put,47294,11
ATM,2026-09-15,Validation,2026-09-15,0,B,11:05:28.000,23400.0000,39.0000,23400.0000,39.1000,0.0000,0,Call,47293,12
ATM,2026-09-15,Validation,2026-09-15,0,A,11:07:05.000,23400.0000,85.8500,23400.0000,85.8000,0.0000,0,Put,47294,13
ATM,2026-09-15,Validation,2026-09-15,0,B,11:41:15.000,23350.0000,54.4000,23350.0000,54.5000,0.0000,0,Call,47291,14
ATM,2026-09-15,Validation,2026-09-15,0,A,11:42:11.000,23400.0000,90.0000,23400.0000,89.9000,0.0000,0,Put,47294,15
ATM,2026-09-15,Validation,2026-09-15,0,B,11:44:33.000,23400.0000,35.6500,23400.0000,35.6000,0.0000,0,Call,47293,16
ATM,2026-09-15,Validation,2026-09-15,0,A,11:47:59.000,23400.0000,86.6500,23400.0000,87.1000,0.0000,0,Put,47294,17
ATM,2026-09-15,Validation,2026-09-15,0,B,12:02:21.000,23400.0000,33.0500,23400.0000,32.9500,0.0000,0,Call,47293,18
ATM,2026-09-15,Validation,2026-09-15,0,A,12:12:06.000,23400.0000,86.7000,23400.0000,86.7000,0.0000,0,Put,47294,19
ATM,2026-09-15,Validation,2026-09-15,0,B,12:28:47.000,23400.0000,29.1000,23400.0000,28.8000,0.0000,0,Call,47293,20
ATM,2026-09-15,Validation,2026-09-15,0,A,12:57:11.000,23350.0000,61.9500,23350.0000,61.4000,0.0000,0,Put,47292,21
ATM,2026-09-15,Validation,2026-09-15,0,B,13:05:19.000,23350.0000,31.8000,23350.0000,31.6000,0.0000,0,Call,47291,22
ATM,2026-09-15,Validation,2026-09-15,0,A,13:10:29.000,23350.0000,69.9500,23350.0000,70.0500,0.0000,0,Put,47292,23
ATM,2026-09-15,Validation,2026-09-15,0,A,13:16:34.000,23350.0000,82.1000,23350.0000,82.3500,0.0000,0,Put,47292,25
ATM,2026-09-15,Validation,2026-09-15,0,B,13:20:35.000,23300.0000,42.2000,23300.0000,42.3500,0.0000,0,Call,47289,26
ATM,2026-09-15,Validation,2026-09-15,0,A,13:23:45.000,23350.0000,84.0500,23350.0000,84.7000,0.0000,0,Put,47292,27
ATM,2026-09-15,Validation,2026-09-15,0,B,13:26:03.000,23300.0000,38.7000,23300.0000,38.7500,0.0000,0,Call,47289,28
ATM,2026-09-15,Validation,2026-09-15,0,A,13:38:38.000,23300.0000,60.8500,23300.0000,60.9500,0.0000,0,Put,47290,29
ATM,2026-09-15,Validation,2026-09-15,0,A,13:39:32.000,23300.0000,59.2500,23300.0000,59.3500,0.0000,0,Put,47290,31
ATM,2026-09-15,Validation,2026-09-15,0,B,13:45:18.000,23300.0000,31.4500,23300.0000,31.5000,0.0000,0,Call,47289,32
ATM,2026-09-15,Validation,2026-09-15,0,A,13:55:57.000,23300.0000,61.6500,23300.0000,61.4000,0.0000,0,Put,47290,33
ATM,2026-09-15,Validation,2026-09-15,0,B,14:00:00.000,23300.0000,37.1500,23300.0000,37.2500,0.0000,0,Call,47289,34
ATM,2026-09-15,Validation,2026-09-15,0,A,14:02:43.000,23300.0000,61.7500,23300.0000,61.7000,0.0000,0,Put,47290,35
ATM,2026-09-15,Validation,2026-09-15,0,B,14:08:43.000,23300.0000,32.1500,23300.0000,32.5000,0.0000,0,Call,47289,36
ATM,2026-09-15,Validation,2026-09-15,0,A,14:14:59.000,23300.0000,89.2500,23300.0000,86.6000,0.0000,0,Put,47290,37
ATM,2026-09-15,Validation,2026-09-15,0,B,14:20:30.000,23250.0000,33.9000,23250.0000,33.7500,0.0000,0,Call,47287,38
ATM,2026-09-15,Validation,2026-09-15,0,A,14:24:19.000,23250.0000,70.2000,23250.0000,70.5000,0.0000,0,Put,47288,39
ATM,2026-09-15,Validation,2026-09-15,0,B,14:38:10.000,23250.0000,34.4000,23250.0000,34.3000,0.0000,0,Call,47287,40
ATM,2026-09-15,Validation,2026-09-15,0,A,14:46:09.000,23250.0000,72.2500,23250.0000,72.0000,0.0000,0,Put,47288,41
ATM,2026-09-15,Validation,2026-09-15,0,B,14:56:26.000,23200.0000,42.3000,23200.0000,42.4000,0.0000,0,Call,47285,44
ATM,2026-09-15,Validation,2026-09-15,0,A,14:59:07.000,23200.0000,59.3500,23200.0000,59.4500,0.0000,0,Put,47286,45
Premium100to150,2026-09-15,Validation,2026-09-15,0,A,09:15:04.000,23600.0000,96.8000,23650.0000,124.3500,50.0000,0.2118644067796610169491525400,Put,47304,1
Premium100to150,2026-09-15,Validation,2026-09-15,0,A,09:24:26.000,23500.0000,62.1500,23600.0000,130.9000,100.0000,0.4255319148936170212765957400,Put,47302,3
Premium100to150,2026-09-15,Validation,2026-09-15,0,A,09:32:51.000,23500.0000,78.2500,23550.0000,112.5500,50.0000,0.2127659574468085106382978700,Put,47300,5
Premium100to150,2026-09-15,Validation,2026-09-15,0,B,10:04:25.000,23400.0000,59.1000,23300.0000,120.2500,-100.0000,-0.4273504273504273504273504300,Call,47289,8
Premium100to150,2026-09-15,Validation,2026-09-15,0,A,10:07:35.000,23450.0000,99.7500,23500.0000,135.8500,50.0000,0.213219616204690831556503200,Put,47298,9
Premium100to150,2026-09-15,Validation,2026-09-15,0,B,10:26:53.000,23400.0000,55.8000,23300.0000,117.9000,-100.0000,-0.4273504273504273504273504300,Call,47289,10
Premium100to150,2026-09-15,Validation,2026-09-15,0,A,10:50:48.000,23400.0000,88.2000,23450.0000,123.8500,50.0000,0.2136752136752136752136752100,Put,47296,11
Premium100to150,2026-09-15,Validation,2026-09-15,0,B,11:05:28.000,23400.0000,39.0000,23250.0000,127.0000,-150.0000,-0.6410256410256410256410256400,Call,47287,12
Premium100to150,2026-09-15,Validation,2026-09-15,0,A,11:07:05.000,23400.0000,85.8500,23450.0000,121.0000,50.0000,0.2136752136752136752136752100,Put,47296,13
Premium100to150,2026-09-15,Validation,2026-09-15,0,B,11:41:15.000,23350.0000,54.4000,23250.0000,117.7000,-100.0000,-0.4282655246252676659528907900,Call,47287,14
Premium100to150,2026-09-15,Validation,2026-09-15,0,A,11:42:11.000,23400.0000,90.0000,23450.0000,127.0500,50.0000,0.2136752136752136752136752100,Put,47296,15
Premium100to150,2026-09-15,Validation,2026-09-15,0,B,11:44:33.000,23400.0000,35.6500,23250.0000,121.5500,-150.0000,-0.6410256410256410256410256400,Call,47287,16
Premium100to150,2026-09-15,Validation,2026-09-15,0,A,11:47:59.000,23400.0000,86.6500,23450.0000,123.8500,50.0000,0.2136752136752136752136752100,Put,47296,17
Premium100to150,2026-09-15,Validation,2026-09-15,0,B,12:02:21.000,23400.0000,33.0500,23250.0000,117.2500,-150.0000,-0.6410256410256410256410256400,Call,47287,18
Premium100to150,2026-09-15,Validation,2026-09-15,0,A,12:12:06.000,23400.0000,86.7000,23450.0000,123.9500,50.0000,0.2136752136752136752136752100,Put,47296,19
Premium100to150,2026-09-15,Validation,2026-09-15,0,B,12:28:47.000,23400.0000,29.1000,23250.0000,111.9500,-150.0000,-0.6410256410256410256410256400,Call,47287,20
Premium100to150,2026-09-15,Validation,2026-09-15,0,A,12:57:11.000,23350.0000,61.9500,23450.0000,137.2500,100.0000,0.4282655246252676659528907900,Put,47296,21
Premium100to150,2026-09-15,Validation,2026-09-15,0,B,13:05:19.000,23350.0000,31.8000,23200.0000,125.9500,-150.0000,-0.6423982869379014989293361900,Call,47285,22
Premium100to150,2026-09-15,Validation,2026-09-15,0,A,13:10:29.000,23350.0000,69.9500,23400.0000,107.1500,50.0000,0.214132762312633832976445400,Put,47294,23
Premium100to150,2026-09-15,Validation,2026-09-15,0,A,13:16:34.000,23350.0000,82.1000,23400.0000,121.4000,50.0000,0.214132762312633832976445400,Put,47294,25
Premium100to150,2026-09-15,Validation,2026-09-15,0,B,13:20:35.000,23300.0000,42.2000,23200.0000,108.3500,-100.0000,-0.4291845493562231759656652400,Call,47285,26
Premium100to150,2026-09-15,Validation,2026-09-15,0,A,13:23:45.000,23350.0000,84.0500,23400.0000,125.4000,50.0000,0.214132762312633832976445400,Put,47294,27
Premium100to150,2026-09-15,Validation,2026-09-15,0,B,13:26:03.000,23300.0000,38.7000,23200.0000,102.7500,-100.0000,-0.4291845493562231759656652400,Call,47285,28
Premium100to150,2026-09-15,Validation,2026-09-15,0,A,13:38:38.000,23300.0000,60.8500,23400.0000,139.5500,100.0000,0.4291845493562231759656652400,Put,47294,29
Premium100to150,2026-09-15,Validation,2026-09-15,0,A,13:39:32.000,23300.0000,59.2500,23400.0000,137.1500,100.0000,0.4291845493562231759656652400,Put,47294,31
Premium100to150,2026-09-15,Validation,2026-09-15,0,B,13:45:18.000,23300.0000,31.4500,23150.0000,129.0000,-150.0000,-0.6437768240343347639484978500,Call,47283,32
Premium100to150,2026-09-15,Validation,2026-09-15,0,A,13:55:57.000,23300.0000,61.6500,23400.0000,138.0000,100.0000,0.4291845493562231759656652400,Put,47294,33
Premium100to150,2026-09-15,Validation,2026-09-15,0,B,14:00:00.000,23300.0000,37.1500,23150.0000,136.6000,-150.0000,-0.6437768240343347639484978500,Call,47283,34
Premium100to150,2026-09-15,Validation,2026-09-15,0,A,14:02:43.000,23300.0000,61.7500,23400.0000,139.2000,100.0000,0.4291845493562231759656652400,Put,47294,35
Premium100to150,2026-09-15,Validation,2026-09-15,0,B,14:08:43.000,23300.0000,32.1500,23150.0000,130.1500,-150.0000,-0.6437768240343347639484978500,Call,47283,36
Premium100to150,2026-09-15,Validation,2026-09-15,0,A,14:14:59.000,23300.0000,89.2500,23350.0000,130.6000,50.0000,0.2145922746781115879828326200,Put,47292,37
Premium100to150,2026-09-15,Validation,2026-09-15,0,B,14:20:30.000,23250.0000,33.9000,23100.0000,127.6000,-150.0000,-0.6451612903225806451612903200,Call,47281,38
Premium100to150,2026-09-15,Validation,2026-09-15,0,A,14:24:19.000,23250.0000,70.2000,23300.0000,105.4500,50.0000,0.2150537634408602150537634400,Put,47290,39
Premium100to150,2026-09-15,Validation,2026-09-15,0,B,14:38:10.000,23250.0000,34.4000,23100.0000,127.6500,-150.0000,-0.6451612903225806451612903200,Call,47281,40
Premium100to150,2026-09-15,Validation,2026-09-15,0,A,14:46:09.000,23250.0000,72.2500,23300.0000,106.8000,50.0000,0.2150537634408602150537634400,Put,47290,41
Premium100to150,2026-09-15,Validation,2026-09-15,0,B,14:56:26.000,23200.0000,42.3000,23100.0000,104.7000,-100.0000,-0.4310344827586206896551724100,Call,47281,44
Premium100to150,2026-09-15,Validation,2026-09-15,0,A,14:59:07.000,23200.0000,59.3500,23300.0000,134.1000,100.0000,0.4310344827586206896551724100,Put,47290,45
ATM,2026-09-16,Validation,2026-09-22,6,A,09:22:12.000,23300.0000,168.3000,23300.0000,168.3500,0.0000,0,Put,56994,1
ATM,2026-09-16,Validation,2026-09-22,6,B,09:23:16.000,23300.0000,149.1500,23300.0000,148.4000,0.0000,0,Call,56985,2
ATM,2026-09-16,Validation,2026-09-22,6,A,09:37:10.000,23250.0000,181.0000,23250.0000,181.0000,0.0000,0,Put,56984,3
ATM,2026-09-16,Validation,2026-09-22,6,B,10:32:37.000,23300.0000,144.0000,23300.0000,143.6000,0.0000,0,Call,56985,4
ATM,2026-09-16,Validation,2026-09-22,6,A,10:39:27.000,23300.0000,182.4000,23300.0000,181.8500,0.0000,0,Put,56994,5
ATM,2026-09-16,Validation,2026-09-22,6,B,10:40:04.000,23300.0000,146.0500,23300.0000,146.4500,0.0000,0,Call,56985,6
ATM,2026-09-16,Validation,2026-09-22,6,A,11:14:33.000,23300.0000,174.5000,23300.0000,174.4000,0.0000,0,Put,56994,7
ATM,2026-09-16,Validation,2026-09-22,6,B,11:37:59.000,23250.0000,160.3500,23250.0000,160.7000,0.0000,0,Call,56983,8
ATM,2026-09-16,Validation,2026-09-22,6,A,11:45:35.000,23300.0000,188.3500,23300.0000,188.6500,0.0000,0,Put,56994,9
ATM,2026-09-16,Validation,2026-09-22,6,B,11:59:45.000,23250.0000,150.9000,23250.0000,150.7500,0.0000,0,Call,56983,10
ATM,2026-09-16,Validation,2026-09-22,6,A,12:15:18.000,23300.0000,186.8000,23300.0000,186.3000,0.0000,0,Put,56994,11
ATM,2026-09-16,Validation,2026-09-22,6,B,12:23:32.000,23300.0000,137.1000,23300.0000,137.1000,0.0000,0,Call,56985,12
ATM,2026-09-16,Validation,2026-09-22,6,A,12:48:17.000,23300.0000,166.6000,23300.0000,166.3500,0.0000,0,Put,56994,13
ATM,2026-09-16,Validation,2026-09-22,6,B,12:53:53.000,23300.0000,144.8000,23300.0000,144.9000,0.0000,0,Call,56985,14
ATM,2026-09-16,Validation,2026-09-22,6,A,13:03:48.000,23300.0000,171.8000,23300.0000,171.9500,0.0000,0,Put,56994,15
ATM,2026-09-16,Validation,2026-09-22,6,B,13:16:47.000,23300.0000,150.0500,23300.0000,150.4500,0.0000,0,Call,56985,16
ATM,2026-09-16,Validation,2026-09-22,6,A,13:17:05.000,23300.0000,163.0000,23300.0000,162.2500,0.0000,0,Put,56994,17
ATM,2026-09-16,Validation,2026-09-22,6,A,13:37:39.000,23300.0000,185.7500,23300.0000,186.0000,0.0000,0,Put,56994,19
ATM,2026-09-16,Validation,2026-09-22,6,B,13:50:04.000,23250.0000,149.0000,23250.0000,149.0000,0.0000,0,Call,56983,20
ATM,2026-09-16,Validation,2026-09-22,6,A,14:35:12.000,23300.0000,183.4500,23300.0000,183.8500,0.0000,0,Put,56994,21
ATM,2026-09-16,Validation,2026-09-22,6,B,14:53:12.000,23250.0000,155.2500,23250.0000,155.2500,0.0000,0,Call,56983,22
ATM,2026-09-16,Validation,2026-09-22,6,A,14:59:17.000,23300.0000,179.9000,23300.0000,180.2000,0.0000,0,Put,56994,23
Premium100to150,2026-09-16,Validation,2026-09-22,6,A,09:22:12.000,23300.0000,168.3000,23250.0000,146.2000,-50.0000,-0.2145922746781115879828326200,Put,56984,1
Premium100to150,2026-09-16,Validation,2026-09-22,6,B,09:23:16.000,23300.0000,149.1500,23300.0000,148.4000,0.0000,0,Call,56985,2
Premium100to150,2026-09-16,Validation,2026-09-22,6,A,09:37:10.000,23250.0000,181.0000,23150.0000,136.7000,-100.0000,-0.4301075268817204301075268800,Put,56979,3
Premium100to150,2026-09-16,Validation,2026-09-22,6,B,10:32:37.000,23300.0000,144.0000,23300.0000,143.6000,0.0000,0,Call,56985,4
Premium100to150,2026-09-16,Validation,2026-09-22,6,A,10:39:27.000,23300.0000,182.4000,23200.0000,138.0500,-100.0000,-0.4291845493562231759656652400,Put,56981,5
Premium100to150,2026-09-16,Validation,2026-09-22,6,B,10:40:04.000,23300.0000,146.0500,23300.0000,146.4500,0.0000,0,Call,56985,6
Premium100to150,2026-09-16,Validation,2026-09-22,6,A,11:14:33.000,23300.0000,174.5000,23200.0000,132.2000,-100.0000,-0.4291845493562231759656652400,Put,56981,7
Premium100to150,2026-09-16,Validation,2026-09-22,6,B,11:37:59.000,23250.0000,160.3500,23300.0000,134.6000,50.0000,0.2150537634408602150537634400,Call,56985,8
Premium100to150,2026-09-16,Validation,2026-09-22,6,A,11:45:35.000,23300.0000,188.3500,23200.0000,142.8500,-100.0000,-0.4291845493562231759656652400,Put,56981,9
Premium100to150,2026-09-16,Validation,2026-09-22,6,B,11:59:45.000,23250.0000,150.9000,23300.0000,125.9500,50.0000,0.2150537634408602150537634400,Call,56985,10
Premium100to150,2026-09-16,Validation,2026-09-22,6,A,12:15:18.000,23300.0000,186.8000,23200.0000,140.5000,-100.0000,-0.4291845493562231759656652400,Put,56981,11
Premium100to150,2026-09-16,Validation,2026-09-22,6,B,12:23:32.000,23300.0000,137.1000,23300.0000,137.1000,0.0000,0,Call,56985,12
Premium100to150,2026-09-16,Validation,2026-09-22,6,A,12:48:17.000,23300.0000,166.6000,23250.0000,143.9500,-50.0000,-0.2145922746781115879828326200,Put,56984,13
Premium100to150,2026-09-16,Validation,2026-09-22,6,B,12:53:53.000,23300.0000,144.8000,23300.0000,144.9000,0.0000,0,Call,56985,14
Premium100to150,2026-09-16,Validation,2026-09-22,6,A,13:03:48.000,23300.0000,171.8000,23250.0000,149.0000,-50.0000,-0.2145922746781115879828326200,Put,56984,15
Premium100to150,2026-09-16,Validation,2026-09-22,6,B,13:16:47.000,23300.0000,150.0500,23350.0000,124.8500,50.0000,0.2145922746781115879828326200,Call,56995,16
Premium100to150,2026-09-16,Validation,2026-09-22,6,A,13:17:05.000,23300.0000,163.0000,23250.0000,140.2000,-50.0000,-0.2145922746781115879828326200,Put,56984,17
Premium100to150,2026-09-16,Validation,2026-09-22,6,A,13:37:39.000,23300.0000,185.7500,23200.0000,139.9000,-100.0000,-0.4291845493562231759656652400,Put,56981,19
Premium100to150,2026-09-16,Validation,2026-09-22,6,B,13:50:04.000,23250.0000,149.0000,23250.0000,149.0000,0.0000,0,Call,56983,20
Premium100to150,2026-09-16,Validation,2026-09-22,6,A,14:35:12.000,23300.0000,183.4500,23200.0000,138.2000,-100.0000,-0.4291845493562231759656652400,Put,56981,21
Premium100to150,2026-09-16,Validation,2026-09-22,6,B,14:53:12.000,23250.0000,155.2500,23300.0000,129.1000,50.0000,0.2150537634408602150537634400,Call,56985,22
Premium100to150,2026-09-16,Validation,2026-09-22,6,A,14:59:17.000,23300.0000,179.9000,23200.0000,135.0000,-100.0000,-0.4291845493562231759656652400,Put,56981,23
ATM,2026-09-17,Validation,2026-09-22,5,A,09:18:27.000,23300.0000,150.2500,23300.0000,151.2500,0.0000,0,Put,56994,2
ATM,2026-09-17,Validation,2026-09-22,5,B,09:46:01.000,23300.0000,109.0000,23300.0000,109.0000,0.0000,0,Call,56985,3
ATM,2026-09-17,Validation,2026-09-22,5,B,10:10:12.000,23350.0000,115.7000,23350.0000,116.2000,0.0000,0,Call,56995,5
ATM,2026-09-17,Validation,2026-09-22,5,A,10:27:57.000,23350.0000,147.5500,23350.0000,147.0000,0.0000,0,Put,56996,6
ATM,2026-09-17,Validation,2026-09-22,5,B,10:53:29.000,23300.0000,117.5000,23300.0000,117.8000,0.0000,0,Call,56985,7
ATM,2026-09-17,Validation,2026-09-22,5,A,10:59:51.000,23300.0000,135.3500,23300.0000,135.1000,0.0000,0,Put,56994,8
ATM,2026-09-17,Validation,2026-09-22,5,A,12:05:26.000,23350.0000,137.5500,23350.0000,137.4500,0.0000,0,Put,56996,10
ATM,2026-09-17,Validation,2026-09-22,5,B,12:14:26.000,23400.0000,104.8500,23400.0000,104.6000,0.0000,0,Call,56999,11
ATM,2026-09-17,Validation,2026-09-22,5,A,12:20:56.000,23400.0000,138.9500,23400.0000,138.7000,0.0000,0,Put,57002,12
ATM,2026-09-17,Validation,2026-09-22,5,B,12:58:21.000,23400.0000,101.1000,23400.0000,101.1500,0.0000,0,Call,56999,13
ATM,2026-09-17,Validation,2026-09-22,5,B,13:47:11.000,23300.0000,112.8500,23300.0000,112.7500,0.0000,0,Call,56985,15
ATM,2026-09-17,Validation,2026-09-22,5,A,14:12:40.000,23300.0000,127.5500,23300.0000,127.8000,0.0000,0,Put,56994,16
ATM,2026-09-17,Validation,2026-09-22,5,B,14:18:16.000,23300.0000,113.1000,23300.0000,113.1000,0.0000,0,Call,56985,17
ATM,2026-09-17,Validation,2026-09-22,5,A,14:33:17.000,23300.0000,125.0000,23300.0000,125.7000,0.0000,0,Put,56994,18
ATM,2026-09-17,Validation,2026-09-22,5,A,14:51:22.000,23350.0000,140.7500,23350.0000,141.7500,0.0000,0,Put,56996,20
Premium100to150,2026-09-17,Validation,2026-09-22,5,A,09:18:27.000,23300.0000,150.2500,23250.0000,125.1000,-50.0000,-0.2145922746781115879828326200,Put,56984,2
Premium100to150,2026-09-17,Validation,2026-09-22,5,B,09:46:01.000,23300.0000,109.0000,23300.0000,109.0000,0.0000,0,Call,56985,3
Premium100to150,2026-09-17,Validation,2026-09-22,5,B,10:10:12.000,23350.0000,115.7000,23350.0000,116.2000,0.0000,0,Call,56995,5
Premium100to150,2026-09-17,Validation,2026-09-22,5,A,10:27:57.000,23350.0000,147.5500,23350.0000,147.0000,0.0000,0,Put,56996,6
Premium100to150,2026-09-17,Validation,2026-09-22,5,B,10:53:29.000,23300.0000,117.5000,23300.0000,117.8000,0.0000,0,Call,56985,7
Premium100to150,2026-09-17,Validation,2026-09-22,5,A,10:59:51.000,23300.0000,135.3500,23300.0000,135.1000,0.0000,0,Put,56994,8
Premium100to150,2026-09-17,Validation,2026-09-22,5,A,12:05:26.000,23350.0000,137.5500,23350.0000,137.4500,0.0000,0,Put,56996,10
Premium100to150,2026-09-17,Validation,2026-09-22,5,B,12:14:26.000,23400.0000,104.8500,23400.0000,104.6000,0.0000,0,Call,56999,11
Premium100to150,2026-09-17,Validation,2026-09-22,5,A,12:20:56.000,23400.0000,138.9500,23400.0000,138.7000,0.0000,0,Put,57002,12
Premium100to150,2026-09-17,Validation,2026-09-22,5,B,12:58:21.000,23400.0000,101.1000,23400.0000,101.1500,0.0000,0,Call,56999,13
Premium100to150,2026-09-17,Validation,2026-09-22,5,B,13:47:11.000,23300.0000,112.8500,23300.0000,112.7500,0.0000,0,Call,56985,15
Premium100to150,2026-09-17,Validation,2026-09-22,5,A,14:12:40.000,23300.0000,127.5500,23300.0000,127.8000,0.0000,0,Put,56994,16
Premium100to150,2026-09-17,Validation,2026-09-22,5,B,14:18:16.000,23300.0000,113.1000,23300.0000,113.1000,0.0000,0,Call,56985,17
Premium100to150,2026-09-17,Validation,2026-09-22,5,A,14:33:17.000,23300.0000,125.0000,23300.0000,125.7000,0.0000,0,Put,56994,18
Premium100to150,2026-09-17,Validation,2026-09-22,5,A,14:51:22.000,23350.0000,140.7500,23350.0000,141.7500,0.0000,0,Put,56996,20
ATM,2026-09-18,Validation,2026-09-22,4,B,09:15:03.000,23400.0000,85.9500,23400.0000,87.5500,0.0000,0,Call,56999,1
ATM,2026-09-18,Validation,2026-09-22,4,A,09:35:33.000,23300.0000,112.5000,23300.0000,112.6000,0.0000,0,Put,56994,2
ATM,2026-09-18,Validation,2026-09-22,4,B,09:47:12.000,23350.0000,93.6000,23350.0000,94.5000,0.0000,0,Call,56995,3
ATM,2026-09-18,Validation,2026-09-22,4,A,09:51:23.000,23350.0000,122.6500,23350.0000,122.9500,0.0000,0,Put,56996,4
ATM,2026-09-18,Validation,2026-09-22,4,B,09:54:44.000,23350.0000,95.7000,23350.0000,96.3000,0.0000,0,Call,56995,5
ATM,2026-09-18,Validation,2026-09-22,4,A,09:58:23.000,23350.0000,115.5000,23350.0000,116.0000,0.0000,0,Put,56996,6
ATM,2026-09-18,Validation,2026-09-22,4,B,10:00:18.000,23350.0000,97.0000,23350.0000,97.3000,0.0000,0,Call,56995,7
ATM,2026-09-18,Validation,2026-09-22,4,A,10:03:51.000,23350.0000,117.8000,23350.0000,117.6000,0.0000,0,Put,56996,8
ATM,2026-09-18,Validation,2026-09-22,4,B,10:13:58.000,23350.0000,99.9500,23350.0000,99.8000,0.0000,0,Call,56995,9
ATM,2026-09-18,Validation,2026-09-22,4,A,10:22:44.000,23350.0000,116.8000,23350.0000,116.7500,0.0000,0,Put,56996,10
ATM,2026-09-18,Validation,2026-09-22,4,B,10:38:42.000,23350.0000,87.8000,23350.0000,88.0000,0.0000,0,Call,56995,11
ATM,2026-09-18,Validation,2026-09-22,4,A,10:40:02.000,23350.0000,126.3500,23350.0000,126.3500,0.0000,0,Put,56996,12
ATM,2026-09-18,Validation,2026-09-22,4,B,10:43:09.000,23350.0000,86.2500,23350.0000,85.7500,0.0000,0,Call,56995,13
ATM,2026-09-18,Validation,2026-09-22,4,A,10:55:59.000,23350.0000,119.0000,23350.0000,118.8000,0.0000,0,Put,56996,14
ATM,2026-09-18,Validation,2026-09-22,4,A,11:26:14.000,23300.0000,101.5500,23300.0000,101.8000,0.0000,0,Put,56994,16
ATM,2026-09-18,Validation,2026-09-22,4,B,11:30:19.000,23300.0000,108.4500,23300.0000,108.0000,0.0000,0,Call,56985,17
ATM,2026-09-18,Validation,2026-09-22,4,A,11:34:53.000,23300.0000,100.3500,23300.0000,100.4000,0.0000,0,Put,56994,18
ATM,2026-09-18,Validation,2026-09-22,4,B,12:10:01.000,23350.0000,87.5000,23350.0000,87.7000,0.0000,0,Call,56995,19
ATM,2026-09-18,Validation,2026-09-22,4,A,12:18:02.000,23350.0000,110.4500,23350.0000,110.3000,0.0000,0,Put,56996,20
ATM,2026-09-18,Validation,2026-09-22,4,B,12:44:42.000,23350.0000,93.2500,23350.0000,93.3500,0.0000,0,Call,56995,21
ATM,2026-09-18,Validation,2026-09-22,4,A,12:53:26.000,23350.0000,103.2500,23350.0000,103.3000,0.0000,0,Put,56996,22
ATM,2026-09-18,Validation,2026-09-22,4,B,12:58:23.000,23350.0000,91.5500,23350.0000,91.7500,0.0000,0,Call,56995,23
ATM,2026-09-18,Validation,2026-09-22,4,A,13:22:32.000,23350.0000,101.2500,23350.0000,101.2500,0.0000,0,Put,56996,24
ATM,2026-09-18,Validation,2026-09-22,4,B,13:32:50.000,23350.0000,87.2500,23350.0000,87.3000,0.0000,0,Call,56995,25
ATM,2026-09-18,Validation,2026-09-22,4,A,13:59:01.000,23350.0000,100.4500,23350.0000,100.4000,0.0000,0,Put,56996,26
ATM,2026-09-18,Validation,2026-09-22,4,B,14:32:09.000,23400.0000,78.7000,23400.0000,78.1000,0.0000,0,Call,56999,27
ATM,2026-09-18,Validation,2026-09-22,4,A,14:35:39.000,23400.0000,105.9000,23400.0000,106.1000,0.0000,0,Put,57002,28
Premium100to150,2026-09-18,Validation,2026-09-22,4,B,09:15:03.000,23400.0000,85.9500,23350.0000,112.7500,-50.0000,-0.2136752136752136752136752100,Call,56995,1
Premium100to150,2026-09-18,Validation,2026-09-22,4,A,09:35:33.000,23300.0000,112.5000,23300.0000,112.6000,0.0000,0,Put,56994,2
Premium100to150,2026-09-18,Validation,2026-09-22,4,B,09:47:12.000,23350.0000,93.6000,23300.0000,120.7500,-50.0000,-0.214132762312633832976445400,Call,56985,3
Premium100to150,2026-09-18,Validation,2026-09-22,4,A,09:51:23.000,23350.0000,122.6500,23350.0000,122.9500,0.0000,0,Put,56996,4
Premium100to150,2026-09-18,Validation,2026-09-22,4,B,09:54:44.000,23350.0000,95.7000,23300.0000,123.0500,-50.0000,-0.214132762312633832976445400,Call,56985,5
Premium100to150,2026-09-18,Validation,2026-09-22,4,A,09:58:23.000,23350.0000,115.5000,23350.0000,116.0000,0.0000,0,Put,56996,6
Premium100to150,2026-09-18,Validation,2026-09-22,4,B,10:00:18.000,23350.0000,97.0000,23300.0000,124.6000,-50.0000,-0.214132762312633832976445400,Call,56985,7
Premium100to150,2026-09-18,Validation,2026-09-22,4,A,10:03:51.000,23350.0000,117.8000,23350.0000,117.6000,0.0000,0,Put,56996,8
Premium100to150,2026-09-18,Validation,2026-09-22,4,B,10:13:58.000,23350.0000,99.9500,23300.0000,127.5500,-50.0000,-0.214132762312633832976445400,Call,56985,9
Premium100to150,2026-09-18,Validation,2026-09-22,4,A,10:22:44.000,23350.0000,116.8000,23350.0000,116.7500,0.0000,0,Put,56996,10
Premium100to150,2026-09-18,Validation,2026-09-22,4,B,10:38:42.000,23350.0000,87.8000,23300.0000,114.0000,-50.0000,-0.214132762312633832976445400,Call,56985,11
Premium100to150,2026-09-18,Validation,2026-09-22,4,A,10:40:02.000,23350.0000,126.3500,23350.0000,126.3500,0.0000,0,Put,56996,12
Premium100to150,2026-09-18,Validation,2026-09-22,4,B,10:43:09.000,23350.0000,86.2500,23300.0000,111.2000,-50.0000,-0.214132762312633832976445400,Call,56985,13
Premium100to150,2026-09-18,Validation,2026-09-22,4,A,10:55:59.000,23350.0000,119.0000,23350.0000,118.8000,0.0000,0,Put,56996,14
Premium100to150,2026-09-18,Validation,2026-09-22,4,A,11:26:14.000,23300.0000,101.5500,23300.0000,101.8000,0.0000,0,Put,56994,16
Premium100to150,2026-09-18,Validation,2026-09-22,4,B,11:30:19.000,23300.0000,108.4500,23300.0000,108.0000,0.0000,0,Call,56985,17
Premium100to150,2026-09-18,Validation,2026-09-22,4,A,11:34:53.000,23300.0000,100.3500,23300.0000,100.4000,0.0000,0,Put,56994,18
Premium100to150,2026-09-18,Validation,2026-09-22,4,B,12:10:01.000,23350.0000,87.5000,23300.0000,114.4500,-50.0000,-0.214132762312633832976445400,Call,56985,19
Premium100to150,2026-09-18,Validation,2026-09-22,4,A,12:18:02.000,23350.0000,110.4500,23350.0000,110.3000,0.0000,0,Put,56996,20
Premium100to150,2026-09-18,Validation,2026-09-22,4,B,12:44:42.000,23350.0000,93.2500,23300.0000,121.3000,-50.0000,-0.214132762312633832976445400,Call,56985,21
Premium100to150,2026-09-18,Validation,2026-09-22,4,A,12:53:26.000,23350.0000,103.2500,23350.0000,103.3000,0.0000,0,Put,56996,22
Premium100to150,2026-09-18,Validation,2026-09-22,4,B,12:58:23.000,23350.0000,91.5500,23300.0000,119.4000,-50.0000,-0.214132762312633832976445400,Call,56985,23
Premium100to150,2026-09-18,Validation,2026-09-22,4,A,13:22:32.000,23350.0000,101.2500,23350.0000,101.2500,0.0000,0,Put,56996,24
Premium100to150,2026-09-18,Validation,2026-09-22,4,B,13:32:50.000,23350.0000,87.2500,23300.0000,114.8500,-50.0000,-0.214132762312633832976445400,Call,56985,25
Premium100to150,2026-09-18,Validation,2026-09-22,4,A,13:59:01.000,23350.0000,100.4500,23350.0000,100.4000,0.0000,0,Put,56996,26
Premium100to150,2026-09-18,Validation,2026-09-22,4,B,14:32:09.000,23400.0000,78.7000,23350.0000,104.9500,-50.0000,-0.2136752136752136752136752100,Call,56995,27
Premium100to150,2026-09-18,Validation,2026-09-22,4,A,14:35:39.000,23400.0000,105.9000,23400.0000,106.1000,0.0000,0,Put,57002,28
ATM,2026-09-21,Validation,2026-09-22,1,B,09:20:44.000,23400.0000,64.9000,23400.0000,65.9000,0.0000,0,Call,56999,2
ATM,2026-09-21,Validation,2026-09-22,1,A,09:20:56.000,23400.0000,87.3000,23400.0000,87.1000,0.0000,0,Put,57002,3
ATM,2026-09-21,Validation,2026-09-22,1,B,09:24:04.000,23400.0000,65.2500,23400.0000,65.3000,0.0000,0,Call,56999,4
ATM,2026-09-21,Validation,2026-09-22,1,A,09:35:29.000,23400.0000,76.0500,23400.0000,75.9000,0.0000,0,Put,57002,5
ATM,2026-09-21,Validation,2026-09-22,1,B,09:44:04.000,23400.0000,66.9000,23400.0000,66.8000,0.0000,0,Call,56999,6
ATM,2026-09-21,Validation,2026-09-22,1,A,09:58:59.000,23400.0000,78.3000,23400.0000,77.9500,0.0000,0,Put,57002,7
ATM,2026-09-21,Validation,2026-09-22,1,B,10:22:03.000,23400.0000,57.9500,23400.0000,57.7000,0.0000,0,Call,56999,8
ATM,2026-09-21,Validation,2026-09-22,1,A,10:32:18.000,23400.0000,87.2000,23400.0000,87.5500,0.0000,0,Put,57002,9
ATM,2026-09-21,Validation,2026-09-22,1,B,10:48:17.000,23400.0000,59.1000,23400.0000,59.0000,0.0000,0,Call,56999,10
ATM,2026-09-21,Validation,2026-09-22,1,A,11:03:53.000,23400.0000,77.5000,23400.0000,77.4500,0.0000,0,Put,57002,11
ATM,2026-09-21,Validation,2026-09-22,1,B,11:05:45.000,23400.0000,63.5000,23400.0000,63.0000,0.0000,0,Call,56999,12
ATM,2026-09-21,Validation,2026-09-22,1,A,11:21:51.000,23400.0000,75.3500,23400.0000,75.3500,0.0000,0,Put,57002,13
ATM,2026-09-21,Validation,2026-09-22,1,B,11:22:07.000,23400.0000,63.4000,23400.0000,63.6000,0.0000,0,Call,56999,14
ATM,2026-09-21,Validation,2026-09-22,1,A,11:27:38.000,23400.0000,73.3000,23400.0000,73.2500,0.0000,0,Put,57002,15
ATM,2026-09-21,Validation,2026-09-22,1,B,12:00:22.000,23450.0000,54.7000,23450.0000,54.2500,0.0000,0,Call,57003,18
ATM,2026-09-21,Validation,2026-09-22,1,A,12:05:55.000,23450.0000,87.1500,23450.0000,86.9500,0.0000,0,Put,57006,19
ATM,2026-09-21,Validation,2026-09-22,1,B,12:13:14.000,23400.0000,74.8000,23400.0000,74.4000,0.0000,0,Call,56999,22
ATM,2026-09-21,Validation,2026-09-22,1,A,12:19:39.000,23450.0000,88.4500,23450.0000,88.5000,0.0000,0,Put,57006,23
ATM,2026-09-21,Validation,2026-09-22,1,B,12:21:32.000,23450.0000,51.9500,23450.0000,52.0000,0.0000,0,Call,57003,24
ATM,2026-09-21,Validation,2026-09-22,1,A,12:39:05.000,23450.0000,89.0000,23450.0000,88.7500,0.0000,0,Put,57006,25
ATM,2026-09-21,Validation,2026-09-22,1,B,13:21:17.000,23450.0000,49.5500,23450.0000,49.6500,0.0000,0,Call,57003,26
ATM,2026-09-21,Validation,2026-09-22,1,A,13:46:15.000,23450.0000,79.6500,23450.0000,79.7000,0.0000,0,Put,57006,27
ATM,2026-09-21,Validation,2026-09-22,1,B,13:50:14.000,23450.0000,52.4500,23450.0000,52.3000,0.0000,0,Call,57003,28
ATM,2026-09-21,Validation,2026-09-22,1,A,14:22:56.000,23450.0000,63.9000,23450.0000,63.9500,0.0000,0,Put,57006,29
ATM,2026-09-21,Validation,2026-09-22,1,B,14:27:30.000,23450.0000,65.8000,23450.0000,66.0000,0.0000,0,Call,57003,30
ATM,2026-09-21,Validation,2026-09-22,1,A,14:35:03.000,23450.0000,66.9500,23450.0000,66.8000,0.0000,0,Put,57006,31
Premium100to150,2026-09-21,Validation,2026-09-22,1,B,09:20:44.000,23400.0000,64.9000,23300.0000,124.9000,-100.0000,-0.4273504273504273504273504300,Call,56985,2
Premium100to150,2026-09-21,Validation,2026-09-22,1,A,09:20:56.000,23400.0000,87.3000,23450.0000,116.4500,50.0000,0.2136752136752136752136752100,Put,57006,3
Premium100to150,2026-09-21,Validation,2026-09-22,1,B,09:24:04.000,23400.0000,65.2500,23300.0000,125.6500,-100.0000,-0.4273504273504273504273504300,Call,56985,4
Premium100to150,2026-09-21,Validation,2026-09-22,1,A,09:35:29.000,23400.0000,76.0500,23450.0000,103.6000,50.0000,0.2136752136752136752136752100,Put,57006,5
Premium100to150,2026-09-21,Validation,2026-09-22,1,B,09:44:04.000,23400.0000,66.9000,23300.0000,128.2500,-100.0000,-0.4273504273504273504273504300,Call,56985,6
Premium100to150,2026-09-21,Validation,2026-09-22,1,A,09:58:59.000,23400.0000,78.3000,23450.0000,106.4000,50.0000,0.2136752136752136752136752100,Put,57006,7
Premium100to150,2026-09-21,Validation,2026-09-22,1,B,10:22:03.000,23400.0000,57.9500,23300.0000,115.4500,-100.0000,-0.4273504273504273504273504300,Call,56985,8
Premium100to150,2026-09-21,Validation,2026-09-22,1,A,10:32:18.000,23400.0000,87.2000,23450.0000,118.2000,50.0000,0.2136752136752136752136752100,Put,57006,9
Premium100to150,2026-09-21,Validation,2026-09-22,1,B,10:48:17.000,23400.0000,59.1000,23300.0000,118.1000,-100.0000,-0.4273504273504273504273504300,Call,56985,10
Premium100to150,2026-09-21,Validation,2026-09-22,1,A,11:03:53.000,23400.0000,77.5000,23450.0000,106.3500,50.0000,0.2136752136752136752136752100,Put,57006,11
Premium100to150,2026-09-21,Validation,2026-09-22,1,B,11:05:45.000,23400.0000,63.5000,23300.0000,124.6500,-100.0000,-0.4273504273504273504273504300,Call,56985,12
Premium100to150,2026-09-21,Validation,2026-09-22,1,A,11:21:51.000,23400.0000,75.3500,23450.0000,103.8000,50.0000,0.2136752136752136752136752100,Put,57006,13
Premium100to150,2026-09-21,Validation,2026-09-22,1,B,11:22:07.000,23400.0000,63.4000,23300.0000,125.9500,-100.0000,-0.4273504273504273504273504300,Call,56985,14
Premium100to150,2026-09-21,Validation,2026-09-22,1,A,11:27:38.000,23400.0000,73.3000,23450.0000,101.4000,50.0000,0.2136752136752136752136752100,Put,57006,15
Premium100to150,2026-09-21,Validation,2026-09-22,1,B,12:00:22.000,23450.0000,54.7000,23350.0000,112.0000,-100.0000,-0.426439232409381663113006400,Call,56995,18
Premium100to150,2026-09-21,Validation,2026-09-22,1,A,12:05:55.000,23450.0000,87.1500,23500.0000,119.1000,50.0000,0.213219616204690831556503200,Put,57022,19
Premium100to150,2026-09-21,Validation,2026-09-22,1,B,12:13:14.000,23400.0000,74.8000,23350.0000,105.2500,-50.0000,-0.2136752136752136752136752100,Call,56995,22
Premium100to150,2026-09-21,Validation,2026-09-22,1,A,12:19:39.000,23450.0000,88.4500,23500.0000,120.5500,50.0000,0.213219616204690831556503200,Put,57022,23
Premium100to150,2026-09-21,Validation,2026-09-22,1,B,12:21:32.000,23450.0000,51.9500,23350.0000,108.8500,-100.0000,-0.426439232409381663113006400,Call,56995,24
Premium100to150,2026-09-21,Validation,2026-09-22,1,A,12:39:05.000,23450.0000,89.0000,23500.0000,121.2500,50.0000,0.213219616204690831556503200,Put,57022,25
Premium100to150,2026-09-21,Validation,2026-09-22,1,B,13:21:17.000,23450.0000,49.5500,23350.0000,105.8000,-100.0000,-0.426439232409381663113006400,Call,56995,26
Premium100to150,2026-09-21,Validation,2026-09-22,1,A,13:46:15.000,23450.0000,79.6500,23500.0000,110.7500,50.0000,0.213219616204690831556503200,Put,57022,27
Premium100to150,2026-09-21,Validation,2026-09-22,1,B,13:50:14.000,23450.0000,52.4500,23350.0000,111.4000,-100.0000,-0.426439232409381663113006400,Call,56995,28
Premium100to150,2026-09-21,Validation,2026-09-22,1,A,14:22:56.000,23450.0000,63.9000,23550.0000,125.2500,100.0000,0.426439232409381663113006400,Put,57030,29
Premium100to150,2026-09-21,Validation,2026-09-22,1,B,14:27:30.000,23450.0000,65.8000,23350.0000,132.7000,-100.0000,-0.426439232409381663113006400,Call,56995,30
Premium100to150,2026-09-21,Validation,2026-09-22,1,A,14:35:03.000,23450.0000,66.9500,23550.0000,129.9000,100.0000,0.426439232409381663113006400,Put,57030,31
ATM,2026-09-22,Design,2026-09-22,0,A,09:15:33.000,23450.0000,48.0500,23450.0000,47.8500,0.0000,0,Put,57006,1
ATM,2026-09-22,Design,2026-09-22,0,B,09:37:10.000,23450.0000,42.9500,23450.0000,42.1500,0.0000,0,Call,57003,2
ATM,2026-09-22,Design,2026-09-22,0,A,09:46:35.000,23450.0000,42.5500,23450.0000,42.5500,0.0000,0,Put,57006,3
ATM,2026-09-22,Design,2026-09-22,0,B,09:55:10.000,23450.0000,45.8000,23450.0000,46.4500,0.0000,0,Call,57003,4
ATM,2026-09-22,Design,2026-09-22,0,B,10:05:22.000,23450.0000,48.8000,23450.0000,49.1500,0.0000,0,Call,57003,6
ATM,2026-09-22,Design,2026-09-22,0,A,10:13:10.000,23450.0000,39.3000,23450.0000,39.0000,0.0000,0,Put,57006,7
ATM,2026-09-22,Design,2026-09-22,0,B,10:15:45.000,23450.0000,48.5500,23450.0000,48.5000,0.0000,0,Call,57003,8
ATM,2026-09-22,Design,2026-09-22,0,A,10:18:51.000,23450.0000,38.6000,23450.0000,38.9500,0.0000,0,Put,57006,9
ATM,2026-09-22,Design,2026-09-22,0,B,10:19:57.000,23450.0000,46.2000,23450.0000,46.5000,0.0000,0,Call,57003,10
ATM,2026-09-22,Design,2026-09-22,0,A,10:34:46.000,23450.0000,59.4500,23450.0000,59.2000,0.0000,0,Put,57006,11
ATM,2026-09-22,Design,2026-09-22,0,B,10:59:52.000,23400.0000,40.6500,23400.0000,40.8500,0.0000,0,Call,56999,12
ATM,2026-09-22,Design,2026-09-22,0,A,11:05:14.000,23400.0000,61.9000,23400.0000,62.3500,0.0000,0,Put,57002,13
ATM,2026-09-22,Design,2026-09-22,0,B,11:09:31.000,23400.0000,36.5500,23400.0000,37.0000,0.0000,0,Call,56999,14
ATM,2026-09-22,Design,2026-09-22,0,A,11:18:28.000,23400.0000,50.6500,23400.0000,50.6000,0.0000,0,Put,57002,15
ATM,2026-09-22,Design,2026-09-22,0,B,11:58:51.000,23350.0000,43.8000,23350.0000,43.7500,0.0000,0,Call,56995,16
ATM,2026-09-22,Design,2026-09-22,0,A,12:26:01.000,23400.0000,65.8500,23400.0000,65.4500,0.0000,0,Put,57002,17
ATM,2026-09-22,Design,2026-09-22,0,B,13:10:04.000,23350.0000,32.1000,23350.0000,32.2000,0.0000,0,Call,56995,18
ATM,2026-09-22,Design,2026-09-22,0,A,13:19:37.000,23350.0000,48.7000,23350.0000,48.7000,0.0000,0,Put,56996,19
ATM,2026-09-22,Design,2026-09-22,0,B,13:29:18.000,23350.0000,30.4000,23350.0000,30.3000,0.0000,0,Call,56995,20
ATM,2026-09-22,Design,2026-09-22,0,A,13:38:52.000,23350.0000,45.9500,23350.0000,45.9500,0.0000,0,Put,56996,21
ATM,2026-09-22,Design,2026-09-22,0,B,13:42:32.000,23350.0000,37.9000,23350.0000,37.6500,0.0000,0,Call,56995,22
ATM,2026-09-22,Design,2026-09-22,0,A,13:55:53.000,23300.0000,40.4500,23300.0000,40.4500,0.0000,0,Put,56994,23
ATM,2026-09-22,Design,2026-09-22,0,B,14:05:34.000,23300.0000,38.6000,23300.0000,38.9000,0.0000,0,Call,56985,24
ATM,2026-09-22,Design,2026-09-22,0,A,14:26:42.000,23400.0000,46.6500,23400.0000,46.6500,0.0000,0,Put,57002,25
ATM,2026-09-22,Design,2026-09-22,0,A,14:30:50.000,23400.0000,50.6500,23400.0000,50.5500,0.0000,0,Put,57002,27
ATM,2026-09-22,Design,2026-09-22,0,B,14:32:39.000,23400.0000,41.0000,23400.0000,41.1500,0.0000,0,Call,56999,28
ATM,2026-09-22,Design,2026-09-22,0,A,14:34:31.000,23400.0000,56.0000,23400.0000,56.0000,0.0000,0,Put,57002,29
ATM,2026-09-22,Design,2026-09-22,0,B,14:38:22.000,23400.0000,32.7000,23400.0000,32.8500,0.0000,0,Call,56999,30
ATM,2026-09-22,Design,2026-09-22,0,A,14:40:22.000,23400.0000,52.6500,23400.0000,52.8500,0.0000,0,Put,57002,31
ATM,2026-09-22,Design,2026-09-22,0,B,14:53:08.000,23400.0000,22.0500,23400.0000,22.2500,0.0000,0,Call,56999,34
ATM,2026-09-22,Design,2026-09-22,0,A,14:58:42.000,23400.0000,57.5500,23400.0000,57.3500,0.0000,0,Put,57002,35
Premium100to150,2026-09-22,Design,2026-09-22,0,A,09:15:33.000,23450.0000,48.0500,23550.0000,109.6500,100.0000,0.426439232409381663113006400,Put,57030,1
Premium100to150,2026-09-22,Design,2026-09-22,0,B,09:37:10.000,23450.0000,42.9500,23350.0000,107.9500,-100.0000,-0.426439232409381663113006400,Call,56995,2
Premium100to150,2026-09-22,Design,2026-09-22,0,A,09:46:35.000,23450.0000,42.5500,23550.0000,107.7000,100.0000,0.426439232409381663113006400,Put,57030,3
Premium100to150,2026-09-22,Design,2026-09-22,0,B,09:55:10.000,23450.0000,45.8000,23350.0000,116.9500,-100.0000,-0.426439232409381663113006400,Call,56995,4
Premium100to150,2026-09-22,Design,2026-09-22,0,B,10:05:22.000,23450.0000,48.8000,23350.0000,122.0500,-100.0000,-0.426439232409381663113006400,Call,56995,6
Premium100to150,2026-09-22,Design,2026-09-22,0,A,10:13:10.000,23450.0000,39.3000,23550.0000,104.4000,100.0000,0.426439232409381663113006400,Put,57030,7
Premium100to150,2026-09-22,Design,2026-09-22,0,B,10:15:45.000,23450.0000,48.5500,23350.0000,122.5500,-100.0000,-0.426439232409381663113006400,Call,56995,8
Premium100to150,2026-09-22,Design,2026-09-22,0,A,10:18:51.000,23450.0000,38.6000,23550.0000,103.8500,100.0000,0.426439232409381663113006400,Put,57030,9
Premium100to150,2026-09-22,Design,2026-09-22,0,B,10:19:57.000,23450.0000,46.2000,23350.0000,119.5000,-100.0000,-0.426439232409381663113006400,Call,56995,10
Premium100to150,2026-09-22,Design,2026-09-22,0,A,10:34:46.000,23450.0000,59.4500,23550.0000,135.6000,100.0000,0.426439232409381663113006400,Put,57030,11
Premium100to150,2026-09-22,Design,2026-09-22,0,B,10:59:52.000,23400.0000,40.6500,23300.0000,105.0000,-100.0000,-0.4273504273504273504273504300,Call,56985,12
Premium100to150,2026-09-22,Design,2026-09-22,0,A,11:05:14.000,23400.0000,61.9000,23500.0000,136.9500,100.0000,0.4273504273504273504273504300,Put,57022,13
Premium100to150,2026-09-22,Design,2026-09-22,0,B,11:09:31.000,23400.0000,36.5500,23250.0000,139.0500,-150.0000,-0.6410256410256410256410256400,Call,56983,14
Premium100to150,2026-09-22,Design,2026-09-22,0,A,11:18:28.000,23400.0000,50.6500,23500.0000,120.5000,100.0000,0.4273504273504273504273504300,Put,57022,15
Premium100to150,2026-09-22,Design,2026-09-22,0,B,11:58:51.000,23350.0000,43.8000,23250.0000,112.5000,-100.0000,-0.4282655246252676659528907900,Call,56983,16
Premium100to150,2026-09-22,Design,2026-09-22,0,A,12:26:01.000,23400.0000,65.8500,23450.0000,103.7500,50.0000,0.2136752136752136752136752100,Put,57006,17
Premium100to150,2026-09-22,Design,2026-09-22,0,B,13:10:04.000,23350.0000,32.1000,23200.0000,143.3000,-150.0000,-0.6423982869379014989293361900,Call,56980,18
Premium100to150,2026-09-22,Design,2026-09-22,0,A,13:19:37.000,23350.0000,48.7000,23450.0000,126.3000,100.0000,0.4282655246252676659528907900,Put,57006,19
Premium100to150,2026-09-22,Design,2026-09-22,0,B,13:29:18.000,23350.0000,30.4000,23200.0000,137.6500,-150.0000,-0.6423982869379014989293361900,Call,56980,20
Premium100to150,2026-09-22,Design,2026-09-22,0,A,13:38:52.000,23350.0000,45.9500,23450.0000,121.3000,100.0000,0.4282655246252676659528907900,Put,57006,21
Premium100to150,2026-09-22,Design,2026-09-22,0,B,13:42:32.000,23350.0000,37.9000,23250.0000,107.1500,-100.0000,-0.4282655246252676659528907900,Call,56983,22
Premium100to150,2026-09-22,Design,2026-09-22,0,A,13:55:53.000,23300.0000,40.4500,23400.0000,108.4500,100.0000,0.4291845493562231759656652400,Put,57002,23
Premium100to150,2026-09-22,Design,2026-09-22,0,B,14:05:34.000,23300.0000,38.6000,23200.0000,105.8500,-100.0000,-0.4291845493562231759656652400,Call,56980,24
Premium100to150,2026-09-22,Design,2026-09-22,0,A,14:26:42.000,23400.0000,46.6500,23500.0000,117.2500,100.0000,0.4273504273504273504273504300,Put,57022,25
Premium100to150,2026-09-22,Design,2026-09-22,0,A,14:30:50.000,23400.0000,50.6500,23500.0000,122.0000,100.0000,0.4273504273504273504273504300,Put,57022,27
Premium100to150,2026-09-22,Design,2026-09-22,0,B,14:32:39.000,23400.0000,41.0000,23300.0000,108.3500,-100.0000,-0.4273504273504273504273504300,Call,56985,28
Premium100to150,2026-09-22,Design,2026-09-22,0,A,14:34:31.000,23400.0000,56.0000,23500.0000,134.2000,100.0000,0.4273504273504273504273504300,Put,57022,29
Premium100to150,2026-09-22,Design,2026-09-22,0,B,14:38:22.000,23400.0000,32.7000,23250.0000,139.2000,-150.0000,-0.6410256410256410256410256400,Call,56983,30
Premium100to150,2026-09-22,Design,2026-09-22,0,A,14:40:22.000,23400.0000,52.6500,23500.0000,129.6500,100.0000,0.4273504273504273504273504300,Put,57022,31
Premium100to150,2026-09-22,Design,2026-09-22,0,B,14:53:08.000,23400.0000,22.0500,23250.0000,125.7000,-150.0000,-0.6410256410256410256410256400,Call,56983,34
Premium100to150,2026-09-22,Design,2026-09-22,0,A,14:58:42.000,23400.0000,57.5500,23500.0000,142.1000,100.0000,0.4273504273504273504273504300,Put,57022,35
ATM,2026-09-23,Design,2026-09-29,6,A,09:22:51.000,23400.0000,110.2000,23400.0000,110.3500,0.0000,0,Put,73928,1
ATM,2026-09-23,Design,2026-09-29,6,B,09:34:46.000,23400.0000,121.5500,23400.0000,120.9500,0.0000,0,Call,73927,2
ATM,2026-09-23,Design,2026-09-29,6,A,09:41:40.000,23400.0000,118.5500,23400.0000,119.0000,0.0000,0,Put,73928,3
ATM,2026-09-23,Design,2026-09-29,6,B,09:45:06.000,23400.0000,122.8500,23400.0000,122.6000,0.0000,0,Call,73927,4
ATM,2026-09-23,Design,2026-09-29,6,A,09:45:55.000,23400.0000,116.8000,23400.0000,116.6000,0.0000,0,Put,73928,5
ATM,2026-09-23,Design,2026-09-29,6,B,09:56:07.000,23400.0000,113.7500,23400.0000,114.0000,0.0000,0,Call,73927,6
ATM,2026-09-23,Design,2026-09-29,6,A,10:07:44.000,23400.0000,118.2000,23400.0000,117.7500,0.0000,0,Put,73928,7
ATM,2026-09-23,Design,2026-09-29,6,B,10:27:49.000,23400.0000,129.4500,23400.0000,129.5000,0.0000,0,Call,73927,8
ATM,2026-09-23,Design,2026-09-29,6,A,11:20:45.000,23450.0000,120.8000,23450.0000,121.1500,0.0000,0,Put,73982,11
ATM,2026-09-23,Design,2026-09-29,6,B,11:23:56.000,23450.0000,111.1500,23450.0000,111.4500,0.0000,0,Call,73964,12
ATM,2026-09-23,Design,2026-09-29,6,A,11:38:47.000,23450.0000,115.6500,23450.0000,115.6000,0.0000,0,Put,73982,13
ATM,2026-09-23,Design,2026-09-29,6,B,11:44:16.000,23450.0000,114.6500,23450.0000,114.9500,0.0000,0,Call,73964,14
ATM,2026-09-23,Design,2026-09-29,6,A,12:22:11.000,23500.0000,128.2000,23500.0000,128.0000,0.0000,0,Put,73994,17
ATM,2026-09-23,Design,2026-09-29,6,B,12:29:02.000,23450.0000,126.0500,23450.0000,126.2500,0.0000,0,Call,73964,18
ATM,2026-09-23,Design,2026-09-29,6,A,12:43:59.000,23450.0000,107.4000,23450.0000,107.6500,0.0000,0,Put,73982,19
ATM,2026-09-23,Design,2026-09-29,6,B,13:14:56.000,23450.0000,122.3000,23450.0000,122.3000,0.0000,0,Call,73964,20
ATM,2026-09-23,Design,2026-09-29,6,A,14:07:52.000,23450.0000,106.0500,23450.0000,106.0000,0.0000,0,Put,73982,21
ATM,2026-09-23,Design,2026-09-29,6,B,14:46:59.000,23450.0000,109.4500,23450.0000,109.5000,0.0000,0,Call,73964,22
ATM,2026-09-23,Design,2026-09-29,6,A,14:50:03.000,23450.0000,111.1500,23450.0000,110.6500,0.0000,0,Put,73982,23
ATM,2026-09-23,Design,2026-09-29,6,B,14:55:49.000,23450.0000,110.0000,23450.0000,109.9000,0.0000,0,Call,73964,24
Premium100to150,2026-09-23,Design,2026-09-29,6,A,09:22:51.000,23400.0000,110.2000,23400.0000,110.3500,0.0000,0,Put,73928,1
Premium100to150,2026-09-23,Design,2026-09-29,6,B,09:34:46.000,23400.0000,121.5500,23400.0000,120.9500,0.0000,0,Call,73927,2
Premium100to150,2026-09-23,Design,2026-09-29,6,A,09:41:40.000,23400.0000,118.5500,23400.0000,119.0000,0.0000,0,Put,73928,3
Premium100to150,2026-09-23,Design,2026-09-29,6,B,09:45:06.000,23400.0000,122.8500,23400.0000,122.6000,0.0000,0,Call,73927,4
Premium100to150,2026-09-23,Design,2026-09-29,6,A,09:45:55.000,23400.0000,116.8000,23400.0000,116.6000,0.0000,0,Put,73928,5
Premium100to150,2026-09-23,Design,2026-09-29,6,B,09:56:07.000,23400.0000,113.7500,23400.0000,114.0000,0.0000,0,Call,73927,6
Premium100to150,2026-09-23,Design,2026-09-29,6,A,10:07:44.000,23400.0000,118.2000,23400.0000,117.7500,0.0000,0,Put,73928,7
Premium100to150,2026-09-23,Design,2026-09-29,6,B,10:27:49.000,23400.0000,129.4500,23400.0000,129.5000,0.0000,0,Call,73927,8
Premium100to150,2026-09-23,Design,2026-09-29,6,A,11:20:45.000,23450.0000,120.8000,23450.0000,121.1500,0.0000,0,Put,73982,11
Premium100to150,2026-09-23,Design,2026-09-29,6,B,11:23:56.000,23450.0000,111.1500,23450.0000,111.4500,0.0000,0,Call,73964,12
Premium100to150,2026-09-23,Design,2026-09-29,6,A,11:38:47.000,23450.0000,115.6500,23450.0000,115.6000,0.0000,0,Put,73982,13
Premium100to150,2026-09-23,Design,2026-09-29,6,B,11:44:16.000,23450.0000,114.6500,23450.0000,114.9500,0.0000,0,Call,73964,14
Premium100to150,2026-09-23,Design,2026-09-29,6,A,12:22:11.000,23500.0000,128.2000,23500.0000,128.0000,0.0000,0,Put,73994,17
Premium100to150,2026-09-23,Design,2026-09-29,6,B,12:29:02.000,23450.0000,126.0500,23450.0000,126.2500,0.0000,0,Call,73964,18
Premium100to150,2026-09-23,Design,2026-09-29,6,A,12:43:59.000,23450.0000,107.4000,23450.0000,107.6500,0.0000,0,Put,73982,19
Premium100to150,2026-09-23,Design,2026-09-29,6,B,13:14:56.000,23450.0000,122.3000,23450.0000,122.3000,0.0000,0,Call,73964,20
Premium100to150,2026-09-23,Design,2026-09-29,6,A,14:07:52.000,23450.0000,106.0500,23450.0000,106.0000,0.0000,0,Put,73982,21
Premium100to150,2026-09-23,Design,2026-09-29,6,B,14:46:59.000,23450.0000,109.4500,23450.0000,109.5000,0.0000,0,Call,73964,22
Premium100to150,2026-09-23,Design,2026-09-29,6,A,14:50:03.000,23450.0000,111.1500,23450.0000,110.6500,0.0000,0,Put,73982,23
Premium100to150,2026-09-23,Design,2026-09-29,6,B,14:55:49.000,23450.0000,110.0000,23450.0000,109.9000,0.0000,0,Call,73964,24
