TradingDate,EndBarIndex,AtmState,AtmStrike,CeValidCount,PeValidCount,DataQualityOk
2026-09-04,9,A,24050.0000,5,5,True
2026-09-04,10,A,24050.0000,5,5,True
2026-09-04,11,A,24050.0000,5,5,True
2026-09-04,20,A,24050.0000,5,5,True
2026-09-04,26,B,24050.0000,5,5,True
2026-09-04,27,B,24050.0000,5,5,True
2026-09-04,28,B,24050.0000,5,5,True
2026-09-04,29,B,24050.0000,5,5,True
2026-09-04,30,B,24050.0000,5,5,True
2026-09-04,31,B,24050.0000,5,5,True
2026-09-04,32,B,24050.0000,5,5,True
2026-09-04,33,B,24050.0000,5,5,True
2026-09-04,34,B,24050.0000,5,5,True
2026-09-04,35,B,24050.0000,5,5,True
2026-09-04,36,B,24050.0000,5,5,True
2026-09-04,37,B,24050.0000,5,5,True
2026-09-04,38,B,24050.0000,5,5,True
2026-09-04,40,B,24050.0000,5,5,True
2026-09-04,46,B,24050.0000,5,5,True
2026-09-04,47,B,24050.0000,5,5,True
2026-09-04,48,A,24050.0000,5,5,True
2026-09-04,81,B,24050.0000,5,5,True
2026-09-04,82,B,24050.0000,5,5,True
2026-09-04,83,B,24050.0000,5,5,True
2026-09-04,84,B,24050.0000,5,5,True
2026-09-04,85,B,24050.0000,5,5,True
2026-09-04,86,B,24050.0000,5,5,True
2026-09-04,87,B,24050.0000,5,5,True
2026-09-04,88,B,24050.0000,5,5,True
2026-09-04,89,B,24050.0000,5,5,True
2026-09-04,90,B,24050.0000,5,5,True
2026-09-04,91,B,24050.0000,5,5,True
2026-09-04,92,B,24050.0000,5,5,True
2026-09-04,93,B,24050.0000,5,5,True
2026-09-04,94,B,24050.0000,5,5,True
2026-09-04,95,B,24050.0000,5,5,True
2026-09-04,96,B,24050.0000,5,5,True
2026-09-04,123,A,24100.0000,5,5,True
2026-09-04,124,A,24100.0000,5,5,True
2026-09-04,125,A,24100.0000,5,5,True
2026-09-04,126,A,24100.0000,5,5,True
2026-09-04,128,A,24050.0000,5,5,True
2026-09-04,163,B,24100.0000,5,5,True
2026-09-04,187,B,24050.0000,5,5,True
2026-09-04,215,A,24100.0000,5,5,True
2026-09-04,216,A,24100.0000,5,5,True
2026-09-04,222,B,24100.0000,5,5,True
2026-09-04,223,B,24100.0000,5,5,True
2026-09-04,227,A,24100.0000,5,5,True
2026-09-04,229,B,24100.0000,5,5,True
2026-09-04,236,A,24100.0000,5,5,True
2026-09-04,255,B,24100.0000,5,5,True
2026-09-04,284,B,24100.0000,5,5,True
2026-09-04,294,B,24100.0000,5,5,True
2026-09-04,303,A,24100.0000,5,5,True
2026-09-04,305,A,24100.0000,5,5,True
2026-09-04,306,A,24100.0000,5,5,True
2026-09-04,307,A,24100.0000,5,5,True
2026-09-04,323,A,24100.0000,5,5,True
2026-09-04,325,A,24100.0000,5,5,True
2026-09-04,327,A,24100.0000,5,5,True
2026-09-04,345,A,24100.0000,5,5,True
2026-09-04,346,A,24100.0000,5,5,True
2026-09-04,349,A,24100.0000,5,5,True
2026-09-04,355,A,24100.0000,5,5,True
2026-09-04,363,A,24100.0000,5,5,True
2026-09-04,364,A,24100.0000,5,5,True
2026-09-04,365,A,24100.0000,5,5,True
2026-09-04,381,B,24100.0000,5,5,True
2026-09-04,382,A,24100.0000,5,5,True
2026-09-04,383,A,24100.0000,5,5,True
2026-09-04,384,A,24100.0000,5,5,True
2026-09-04,393,B,24050.0000,5,5,True
2026-09-04,407,B,24050.0000,5,5,True
2026-09-04,416,B,24050.0000,5,5,True
2026-09-04,428,A,24050.0000,5,5,True
2026-09-04,431,A,24050.0000,5,5,True
2026-09-04,438,B,24050.0000,5,5,True
2026-09-04,441,B,24050.0000,5,5,True
2026-09-04,443,A,24050.0000,5,5,True
2026-09-04,456,B,24050.0000,5,5,True
2026-09-04,470,A,24100.0000,5,5,True
2026-09-04,484,B,24050.0000,5,5,True
2026-09-04,493,A,24050.0000,5,5,True
2026-09-04,497,A,24050.0000,5,5,True
2026-09-04,514,B,24100.0000,5,5,True
2026-09-04,528,B,24050.0000,5,5,True
2026-09-04,536,A,24050.0000,5,5,True
2026-09-04,550,B,24050.0000,5,5,True
2026-09-04,551,B,24050.0000,5,5,True
2026-09-04,552,B,24050.0000,5,5,True
2026-09-04,553,B,24050.0000,5,5,True
2026-09-04,554,B,24050.0000,5,5,True
2026-09-04,566,B,24050.0000,5,5,True
2026-09-04,567,B,24050.0000,5,5,True
2026-09-04,568,B,24050.0000,5,5,True
2026-09-04,569,A,24050.0000,5,5,True
2026-09-04,570,A,24050.0000,5,5,True
2026-09-04,575,A,24050.0000,5,5,True
2026-09-04,578,A,24050.0000,5,5,True
2026-09-04,596,B,24050.0000,5,5,True
2026-09-04,598,B,24050.0000,5,5,True
2026-09-04,599,B,24050.0000,5,5,True
2026-09-04,600,B,24050.0000,5,5,True
2026-09-04,607,A,24050.0000,5,5,True
2026-09-08,42,A,23800.0000,5,5,True
2026-09-08,43,A,23800.0000,5,5,True
2026-09-08,48,A,23800.0000,5,5,True
2026-09-08,53,A,23800.0000,5,5,True
2026-09-08,54,A,23800.0000,5,5,True
2026-09-08,122,B,23750.0000,5,5,True
2026-09-08,135,A,23800.0000,5,5,True
2026-09-08,136,A,23800.0000,5,5,True
2026-09-08,141,B,23800.0000,5,5,True
2026-09-08,153,B,23800.0000,5,5,True
2026-09-08,208,A,23800.0000,5,5,True
2026-09-08,224,A,23800.0000,5,5,True
2026-09-08,241,B,23750.0000,5,5,True
2026-09-08,262,B,23800.0000,5,5,True
2026-09-08,307,B,23800.0000,5,5,True
2026-09-08,309,A,23800.0000,5,5,True
2026-09-08,332,B,23750.0000,5,5,True
2026-09-08,335,A,23750.0000,5,5,True
2026-09-08,336,A,23750.0000,5,5,True
2026-09-08,337,A,23750.0000,5,5,True
2026-09-08,367,A,23800.0000,5,5,True
2026-09-08,370,A,23800.0000,5,5,True
2026-09-08,371,B,23800.0000,5,5,True
2026-09-08,372,B,23800.0000,5,5,True
2026-09-08,373,B,23800.0000,5,5,True
2026-09-08,374,B,23800.0000,5,5,True
2026-09-08,375,B,23800.0000,5,5,True
2026-09-08,398,B,23750.0000,5,5,True
2026-09-08,402,B,23750.0000,5,5,True
2026-09-08,434,A,23750.0000,5,5,True
2026-09-08,450,A,23750.0000,5,5,True
2026-09-08,452,A,23750.0000,5,5,True
2026-09-08,453,A,23750.0000,5,5,True
2026-09-08,464,B,23750.0000,5,5,True
2026-09-08,499,B,23750.0000,5,5,True
2026-09-08,501,A,23750.0000,5,5,True
2026-09-08,502,B,23750.0000,5,5,True
2026-09-08,511,A,23750.0000,5,5,True
2026-09-08,512,A,23750.0000,5,5,True
2026-09-08,518,A,23750.0000,5,5,True
2026-09-08,526,B,23750.0000,5,5,True
2026-09-08,529,B,23750.0000,5,5,True
2026-09-08,547,A,23750.0000,5,5,True
2026-09-08,548,B,23750.0000,5,5,True
2026-09-08,559,A,23750.0000,5,5,True
2026-09-08,564,B,23750.0000,5,5,True
2026-09-08,569,A,23750.0000,5,5,True
2026-09-08,582,A,23750.0000,5,5,True
2026-09-08,584,B,23750.0000,5,5,True
2026-09-08,599,A,23750.0000,5,5,True
2026-09-08,600,A,23750.0000,5,5,True
2026-09-08,613,A,23750.0000,5,5,True
2026-09-08,619,B,23750.0000,5,5,True
2026-09-08,620,B,23750.0000,5,5,True
2026-09-08,623,B,23750.0000,5,5,True
2026-09-08,624,B,23750.0000,5,5,True
2026-09-08,627,B,23750.0000,5,5,True
2026-09-08,637,B,23750.0000,5,5,True
2026-09-08,643,A,23750.0000,5,5,True
2026-09-08,645,B,23750.0000,5,5,True
2026-09-08,649,A,23750.0000,5,5,True
2026-09-08,660,B,23750.0000,5,5,True
2026-09-08,675,A,23750.0000,5,5,True
2026-09-08,676,A,23750.0000,5,5,True
2026-09-08,677,A,23750.0000,5,5,True
2026-09-08,678,A,23750.0000,5,5,True
2026-09-08,683,B,23750.0000,5,5,True
2026-09-08,684,B,23750.0000,5,5,True
2026-09-08,695,B,23750.0000,5,5,True
2026-09-08,701,A,23750.0000,5,5,True
2026-09-08,705,A,23750.0000,5,5,True
2026-09-08,706,B,23750.0000,5,5,True
2026-09-08,709,B,23750.0000,5,5,True
2026-09-08,710,B,23750.0000,5,5,True
2026-09-09,108,A,23600.0000,5,5,True
2026-09-09,114,A,23600.0000,5,5,True
2026-09-09,115,A,23600.0000,5,5,True
2026-09-09,116,A,23600.0000,5,5,True
2026-09-09,137,B,23600.0000,5,5,True
2026-09-09,138,B,23600.0000,5,5,True
2026-09-09,145,A,23600.0000,5,5,True
2026-09-09,147,B,23600.0000,5,5,True
2026-09-09,149,B,23600.0000,5,5,True
2026-09-09,157,B,23600.0000,5,5,True
2026-09-09,159,B,23600.0000,5,5,True
2026-09-09,160,B,23600.0000,5,5,True
2026-09-09,181,B,23600.0000,5,5,True
2026-09-09,182,A,23600.0000,5,5,True
2026-09-09,185,B,23600.0000,5,5,True
2026-09-09,186,B,23600.0000,5,5,True
2026-09-09,190,B,23600.0000,5,5,True
2026-09-09,226,A,23650.0000,5,5,True
2026-09-09,260,B,23650.0000,5,5,True
2026-09-09,261,B,23650.0000,5,5,True
2026-09-09,326,A,23600.0000,5,5,True
2026-09-09,370,A,23600.0000,5,5,True
2026-09-09,374,A,23600.0000,5,5,True
2026-09-09,375,A,23600.0000,5,5,True
2026-09-09,376,A,23600.0000,5,5,True
2026-09-09,385,A,23600.0000,5,5,True
2026-09-09,392,A,23600.0000,5,5,True
2026-09-09,393,A,23600.0000,5,5,True
2026-09-09,405,A,23600.0000,5,5,True
2026-09-09,418,B,23600.0000,5,5,True
2026-09-09,509,B,23650.0000,5,5,True
2026-09-09,518,A,23650.0000,5,5,True
2026-09-09,519,A,23650.0000,5,5,True
2026-09-09,544,A,23600.0000,5,5,True
2026-09-09,570,A,23650.0000,5,5,True
2026-09-09,571,A,23650.0000,5,5,True
2026-09-09,574,A,23650.0000,5,5,True
2026-09-09,579,A,23650.0000,5,5,True
2026-09-09,581,B,23650.0000,5,5,True
2026-09-09,582,B,23650.0000,5,5,True
2026-09-09,602,A,23600.0000,5,5,True
2026-09-09,641,A,23600.0000,5,5,True
2026-09-09,643,A,23600.0000,5,5,True
2026-09-09,644,B,23600.0000,5,5,True
2026-09-09,645,A,23600.0000,5,5,True
2026-09-09,646,A,23600.0000,5,5,True
2026-09-09,647,B,23600.0000,5,5,True
2026-09-09,654,A,23600.0000,5,5,True
2026-09-09,658,B,23600.0000,5,5,True
2026-09-09,660,B,23600.0000,5,5,True
2026-09-09,662,B,23600.0000,5,5,True
2026-09-09,663,B,23600.0000,5,5,True
2026-09-09,678,A,23600.0000,5,5,True
2026-09-09,680,A,23600.0000,5,5,True
2026-09-09,684,A,23600.0000,5,5,True
2026-09-09,689,B,23600.0000,5,5,True
2026-09-09,747,A,23650.0000,5,5,True
2026-09-09,751,B,23650.0000,5,5,True
2026-09-09,753,A,23650.0000,5,5,True
2026-09-09,759,B,23650.0000,5,5,True
2026-09-09,761,B,23650.0000,5,5,True
2026-09-09,762,B,23650.0000,5,5,True
2026-09-09,787,B,23650.0000,5,5,True
2026-09-09,793,A,23650.0000,5,5,True
2026-09-09,796,B,23650.0000,5,5,True
2026-09-09,804,B,23650.0000,5,5,True
2026-09-09,810,A,23650.0000,5,5,True
2026-09-09,816,A,23650.0000,5,5,True
2026-09-09,833,B,23650.0000,5,5,True
2026-09-09,834,A,23650.0000,5,5,True
2026-09-09,837,A,23650.0000,5,5,True
2026-09-09,841,B,23650.0000,5,5,True
2026-09-09,857,A,23650.0000,5,5,True
2026-09-09,860,B,23650.0000,5,5,True
2026-09-09,861,B,23650.0000,5,5,True
2026-09-09,874,B,23650.0000,5,5,True
2026-09-09,876,A,23650.0000,5,5,True
2026-09-09,878,A,23650.0000,5,5,True
2026-09-09,880,A,23650.0000,5,5,True
2026-09-09,881,A,23650.0000,5,5,True
2026-09-09,882,A,23650.0000,5,5,True
2026-09-09,883,A,23650.0000,5,5,True
2026-09-09,884,A,23650.0000,5,5,True
2026-09-09,885,A,23650.0000,5,5,True
2026-09-09,886,A,23650.0000,5,5,True
2026-09-09,909,A,23650.0000,5,5,True
2026-09-09,912,A,23650.0000,5,5,True
2026-09-09,966,B,23600.0000,5,5,True
2026-09-09,980,A,23600.0000,5,5,True
2026-09-09,981,A,23600.0000,5,5,True
2026-09-09,990,B,23600.0000,5,5,True
2026-09-09,993,B,23600.0000,5,5,True
2026-09-09,994,B,23600.0000,5,5,True
2026-09-09,999,B,23600.0000,5,5,True
2026-09-09,1085,A,23600.0000,5,5,True
2026-09-09,1110,A,23600.0000,5,5,True
2026-09-09,1111,A,23600.0000,5,5,True
2026-09-09,1113,A,23600.0000,5,5,True
2026-09-09,1118,A,23600.0000,5,5,True
2026-09-09,1145,A,23550.0000,5,5,True
2026-09-09,1210,B,23550.0000,5,5,True
2026-09-10,41,B,23550.0000,5,5,True
2026-09-10,50,A,23550.0000,5,5,True
2026-09-10,51,A,23550.0000,5,5,True
2026-09-10,90,A,23550.0000,5,5,True
2026-09-10,97,B,23550.0000,5,5,True
2026-09-10,101,A,23550.0000,5,5,True
2026-09-10,107,A,23550.0000,5,5,True
2026-09-10,144,A,23550.0000,5,5,True
2026-09-10,145,B,23550.0000,5,5,True
2026-09-10,184,A,23550.0000,5,5,True
2026-09-10,217,B,23500.0000,5,5,True
2026-09-10,221,A,23500.0000,5,5,True
2026-09-10,222,B,23500.0000,5,5,True
2026-09-10,233,A,23550.0000,5,5,True
2026-09-10,234,A,23550.0000,5,5,True
2026-09-10,247,B,23550.0000,5,5,True
2026-09-10,261,A,23550.0000,5,5,True
2026-09-10,263,B,23550.0000,5,5,True
2026-09-10,265,B,23550.0000,5,5,True
2026-09-10,269,A,23550.0000,5,5,True
2026-09-10,270,A,23550.0000,5,5,True
2026-09-10,282,B,23550.0000,5,5,True
2026-09-10,286,A,23550.0000,5,5,True
2026-09-10,290,A,23550.0000,5,5,True
2026-09-10,294,B,23550.0000,5,5,True
2026-09-10,295,B,23550.0000,5,5,True
2026-09-10,297,A,23550.0000,5,5,True
2026-09-10,299,A,23550.0000,5,5,True
2026-09-10,301,B,23550.0000,5,5,True
2026-09-10,302,B,23550.0000,5,5,True
2026-09-10,305,A,23550.0000,5,5,True
2026-09-10,312,B,23550.0000,5,5,True
2026-09-10,352,A,23550.0000,5,5,True
2026-09-10,368,A,23550.0000,5,5,True
2026-09-10,372,B,23500.0000,5,5,True
2026-09-10,374,A,23500.0000,5,5,True
2026-09-10,398,A,23500.0000,5,5,True
2026-09-10,399,B,23500.0000,5,5,True
2026-09-10,404,B,23500.0000,5,5,True
2026-09-10,406,B,23500.0000,5,5,True
2026-09-10,411,A,23500.0000,5,5,True
2026-09-10,425,A,23500.0000,5,5,True
2026-09-10,431,A,23500.0000,5,5,True
2026-09-10,438,A,23500.0000,5,5,True
2026-09-10,442,A,23500.0000,5,5,True
2026-09-10,446,A,23500.0000,5,5,True
2026-09-10,450,B,23500.0000,5,5,True
2026-09-10,451,B,23500.0000,5,5,True
2026-09-10,460,B,23500.0000,5,5,True
2026-09-10,465,B,23500.0000,5,5,True
2026-09-10,468,B,23500.0000,5,5,True
2026-09-10,534,A,23450.0000,5,5,True
2026-09-10,535,B,23450.0000,5,5,True
2026-09-10,538,B,23450.0000,5,5,True
2026-09-10,545,B,23450.0000,5,5,True
2026-09-10,551,B,23450.0000,5,5,True
2026-09-10,566,A,23450.0000,5,5,True
2026-09-10,567,A,23450.0000,5,5,True
2026-09-10,568,A,23450.0000,5,5,True
2026-09-10,571,A,23450.0000,5,5,True
2026-09-10,574,A,23450.0000,5,5,True
2026-09-10,575,A,23500.0000,5,5,True
2026-09-10,576,A,23450.0000,5,5,True
2026-09-10,577,A,23500.0000,5,5,True
2026-09-10,578,A,23450.0000,5,5,True
2026-09-10,579,A,23450.0000,5,5,True
2026-09-10,580,A,23500.0000,5,5,True
2026-09-10,581,A,23450.0000,5,5,True
2026-09-10,582,B,23450.0000,5,5,True
2026-09-10,583,A,23450.0000,5,5,True
2026-09-10,584,B,23450.0000,5,5,True
2026-09-10,586,A,23500.0000,5,5,True
2026-09-10,588,B,23450.0000,5,5,True
2026-09-10,589,B,23450.0000,5,5,True
2026-09-10,595,B,23450.0000,5,5,True
2026-09-10,596,B,23450.0000,5,5,True
2026-09-10,597,B,23450.0000,5,5,True
2026-09-10,598,B,23450.0000,5,5,True
2026-09-10,599,B,23450.0000,5,5,True
2026-09-10,600,B,23450.0000,5,5,True
2026-09-10,619,A,23500.0000,5,5,True
2026-09-10,621,A,23500.0000,5,5,True
2026-09-10,629,A,23500.0000,5,5,True
2026-09-10,630,A,23500.0000,5,5,True
2026-09-10,631,A,23500.0000,5,5,True
2026-09-11,78,B,23300.0000,5,5,True
2026-09-11,123,A,23300.0000,5,5,True
2026-09-11,124,A,23300.0000,5,5,True
2026-09-11,125,A,23300.0000,5,5,True
2026-09-11,128,B,23300.0000,5,5,True
2026-09-11,129,B,23300.0000,5,5,True
2026-09-11,130,B,23300.0000,5,5,True
2026-09-11,132,B,23300.0000,5,5,True
2026-09-11,133,B,23300.0000,5,5,True
2026-09-11,134,B,23300.0000,5,5,True
2026-09-11,135,B,23300.0000,5,5,True
2026-09-11,136,B,23300.0000,5,5,True
2026-09-11,137,B,23300.0000,5,5,True
2026-09-11,140,B,23300.0000,5,5,True
2026-09-11,154,A,23300.0000,5,5,True
2026-09-11,156,A,23300.0000,5,5,True
2026-09-11,157,A,23300.0000,5,5,True
2026-09-11,160,A,23300.0000,5,5,True
2026-09-11,164,A,23300.0000,5,5,True
2026-09-11,166,B,23300.0000,5,5,True
2026-09-11,188,A,23300.0000,5,5,True
2026-09-11,189,A,23300.0000,5,5,True
2026-09-11,194,A,23300.0000,5,5,True
2026-09-11,198,B,23300.0000,5,5,True
2026-09-11,200,A,23300.0000,5,5,True
2026-09-11,221,B,23300.0000,5,5,True
2026-09-11,222,B,23300.0000,5,5,True
2026-09-11,242,B,23300.0000,5,5,True
2026-09-11,243,B,23300.0000,5,5,True
2026-09-11,273,A,23300.0000,5,5,True
2026-09-11,274,A,23300.0000,5,5,True
2026-09-11,282,B,23300.0000,5,5,True
2026-09-11,288,A,23300.0000,5,5,True
2026-09-11,303,A,23350.0000,5,5,True
2026-09-11,322,B,23350.0000,5,5,True
2026-09-11,327,B,23350.0000,5,5,True
2026-09-11,349,B,23350.0000,5,5,True
2026-09-11,357,B,23350.0000,5,5,True
2026-09-11,358,B,23350.0000,5,5,True
2026-09-11,360,B,23350.0000,5,5,True
2026-09-11,385,A,23350.0000,5,5,True
2026-09-11,401,B,23350.0000,5,5,True
2026-09-11,414,B,23350.0000,5,5,True
2026-09-11,417,A,23350.0000,5,5,True
2026-09-11,420,A,23350.0000,5,5,True
2026-09-11,422,A,23350.0000,5,5,True
2026-09-11,424,B,23350.0000,5,5,True
2026-09-11,425,B,23350.0000,5,5,True
2026-09-11,426,B,23350.0000,5,5,True
2026-09-11,456,A,23350.0000,5,5,True
2026-09-11,463,B,23350.0000,5,5,True
2026-09-11,470,B,23350.0000,5,5,True
2026-09-11,562,A,23450.0000,5,5,True
2026-09-11,570,A,23450.0000,5,5,True
2026-09-11,573,B,23400.0000,5,5,True
2026-09-11,580,B,23400.0000,5,5,True
2026-09-11,581,B,23400.0000,5,5,True
2026-09-11,582,B,23400.0000,5,5,True
2026-09-11,600,A,23450.0000,5,5,True
2026-09-11,603,A,23450.0000,5,5,True
2026-09-11,620,A,23400.0000,5,5,True
2026-09-11,637,B,23450.0000,5,5,True
2026-09-11,638,B,23450.0000,5,5,True
2026-09-11,644,B,23450.0000,5,5,True
2026-09-11,646,A,23450.0000,5,5,True
2026-09-11,661,A,23450.0000,5,5,True
2026-09-11,662,A,23450.0000,5,5,True
2026-09-11,663,A,23450.0000,5,5,True
2026-09-11,665,B,23400.0000,5,5,True
2026-09-11,666,B,23400.0000,5,5,True
2026-09-11,668,A,23400.0000,5,5,True
2026-09-11,671,A,23400.0000,5,5,True
2026-09-11,695,A,23400.0000,5,5,True
2026-09-11,708,A,23400.0000,5,5,True
2026-09-11,712,B,23400.0000,5,5,True
2026-09-11,714,B,23400.0000,5,5,True
2026-09-11,715,B,23400.0000,5,5,True
2026-09-11,716,B,23400.0000,5,5,True
2026-09-11,718,B,23400.0000,5,5,True
2026-09-11,719,B,23400.0000,5,5,True
2026-09-11,721,A,23400.0000,5,5,True
2026-09-11,724,A,23400.0000,5,5,True
2026-09-11,729,A,23400.0000,5,5,True
2026-09-11,731,A,23400.0000,5,5,True
2026-09-11,741,B,23400.0000,5,5,True
2026-09-11,753,A,23400.0000,5,5,True
2026-09-11,757,A,23400.0000,5,5,True
2026-09-11,758,A,23400.0000,5,5,True
2026-09-11,759,A,23400.0000,5,5,True
2026-09-11,771,A,23400.0000,5,5,True
2026-09-11,772,A,23400.0000,5,5,True
2026-09-11,773,A,23400.0000,5,5,True
2026-09-11,774,A,23400.0000,5,5,True
2026-09-11,775,A,23400.0000,5,5,True
2026-09-11,776,A,23400.0000,5,5,True
2026-09-11,777,A,23400.0000,5,5,True
2026-09-11,780,B,23400.0000,5,5,True
2026-09-11,782,B,23400.0000,5,5,True
2026-09-11,784,B,23400.0000,5,5,True
2026-09-11,794,B,23400.0000,5,5,True
2026-09-11,802,A,23400.0000,5,5,True
2026-09-11,808,B,23400.0000,5,5,True
2026-09-11,811,B,23400.0000,5,5,True
2026-09-11,812,B,23400.0000,5,5,True
2026-09-11,814,A,23400.0000,5,5,True
2026-09-11,827,A,23400.0000,5,5,True
2026-09-11,839,B,23400.0000,5,5,True
2026-09-11,841,B,23400.0000,5,5,True
2026-09-11,842,A,23400.0000,5,5,True
2026-09-11,843,A,23400.0000,5,5,True
2026-09-11,847,B,23400.0000,5,5,True
2026-09-11,854,A,23400.0000,5,5,True
2026-09-11,866,B,23400.0000,5,5,True
2026-09-11,889,A,23400.0000,5,5,True
2026-09-11,894,B,23400.0000,5,5,True
2026-09-11,900,B,23400.0000,5,5,True
2026-09-11,1047,A,23500.0000,5,5,True
2026-09-11,1048,A,23500.0000,5,5,True
2026-09-11,1059,B,23450.0000,5,5,True
2026-09-11,1061,B,23450.0000,5,5,True
2026-09-11,1092,A,23500.0000,5,5,True
2026-09-11,1102,A,23500.0000,5,5,True
2026-09-11,1105,B,23500.0000,5,5,True
2026-09-11,1106,B,23500.0000,5,5,True
2026-09-11,1118,B,23500.0000,5,5,True
2026-09-11,1119,B,23500.0000,5,5,True
2026-09-11,1120,A,23500.0000,5,5,True
2026-09-11,1121,A,23500.0000,5,5,True
2026-09-11,1164,B,23500.0000,5,5,True
2026-09-11,1180,B,23500.0000,5,5,True
2026-09-11,1190,B,23500.0000,5,5,True
2026-09-15,5,A,23600.0000,5,5,True
2026-09-15,6,A,23600.0000,5,5,True
2026-09-15,7,A,23550.0000,5,5,True
2026-09-15,8,A,23550.0000,5,5,True
2026-09-15,100,B,23500.0000,5,5,True
2026-09-15,118,B,23500.0000,5,5,True
2026-09-15,132,A,23500.0000,5,5,True
2026-09-15,156,A,23500.0000,5,5,True
2026-09-15,157,A,23500.0000,5,5,True
2026-09-15,162,A,23500.0000,5,5,True
2026-09-15,172,B,23500.0000,5,5,True
2026-09-15,173,A,23500.0000,5,5,True
2026-09-15,183,A,23500.0000,5,5,True
2026-09-15,187,B,23500.0000,5,5,True
2026-09-15,197,B,23500.0000,5,5,True
2026-09-15,292,B,23400.0000,5,5,True
2026-09-15,300,A,23450.0000,5,5,True
2026-09-15,317,A,23450.0000,5,5,True
2026-09-15,318,A,23450.0000,5,5,True
2026-09-15,319,A,23450.0000,5,5,True
2026-09-15,320,A,23450.0000,5,5,True
2026-09-15,321,A,23450.0000,5,5,True
2026-09-15,322,A,23450.0000,5,5,True
2026-09-15,323,A,23450.0000,5,5,True
2026-09-15,324,A,23450.0000,5,5,True
2026-09-15,325,A,23450.0000,5,5,True
2026-09-15,326,A,23450.0000,5,5,True
2026-09-15,327,A,23400.0000,5,5,True
2026-09-15,328,A,23400.0000,5,5,True
2026-09-15,329,A,23450.0000,5,5,True
2026-09-15,330,A,23450.0000,5,5,True
2026-09-15,331,A,23450.0000,5,5,True
2026-09-15,334,B,23400.0000,5,5,True
2026-09-15,337,B,23400.0000,5,5,True
2026-09-15,340,B,23400.0000,5,5,True
2026-09-15,346,B,23400.0000,5,5,True
2026-09-15,347,B,23400.0000,5,5,True
2026-09-15,375,A,23450.0000,5,5,True
2026-09-15,376,A,23450.0000,5,5,True
2026-09-15,378,A,23450.0000,5,5,True
2026-09-15,407,A,23450.0000,5,5,True
2026-09-15,409,A,23450.0000,5,5,True
2026-09-15,410,A,23450.0000,5,5,True
2026-09-15,411,A,23450.0000,5,5,True
2026-09-15,412,A,23450.0000,5,5,True
2026-09-15,418,B,23400.0000,5,5,True
2026-09-15,437,B,23400.0000,5,5,True
2026-09-15,463,B,23350.0000,5,5,True
2026-09-15,464,A,23400.0000,5,5,True
2026-09-15,465,A,23400.0000,5,5,True
2026-09-15,466,A,23400.0000,5,5,True
2026-09-15,470,A,23400.0000,5,5,True
2026-09-15,471,A,23400.0000,5,5,True
2026-09-15,499,B,23400.0000,5,5,True
2026-09-15,500,B,23400.0000,5,5,True
2026-09-15,501,B,23350.0000,5,5,True
2026-09-15,503,A,23400.0000,5,5,True
2026-09-15,535,A,23350.0000,5,5,True
2026-09-15,537,A,23350.0000,5,5,True
2026-09-15,556,B,23350.0000,5,5,True
2026-09-15,559,A,23400.0000,5,5,True
2026-09-15,560,A,23400.0000,5,5,True
2026-09-15,561,A,23400.0000,5,5,True
2026-09-15,568,A,23400.0000,5,5,True
2026-09-15,570,A,23400.0000,5,5,True
2026-09-15,571,A,23400.0000,5,5,True
2026-09-15,572,A,23400.0000,5,5,True
2026-09-15,573,A,23400.0000,5,5,True
2026-09-15,574,B,23400.0000,5,5,True
2026-09-15,578,A,23400.0000,5,5,True
2026-09-15,595,A,23400.0000,5,5,True
2026-09-15,596,A,23400.0000,5,5,True
2026-09-15,608,B,23400.0000,5,5,True
2026-09-15,611,B,23350.0000,5,5,True
2026-09-15,621,A,23400.0000,5,5,True
2026-09-15,622,A,23400.0000,5,5,True
2026-09-15,623,A,23400.0000,5,5,True
2026-09-15,628,A,23400.0000,5,5,True
2026-09-15,629,A,23400.0000,5,5,True
2026-09-15,630,A,23400.0000,5,5,True
2026-09-15,631,A,23400.0000,5,5,True
2026-09-15,632,A,23400.0000,5,5,True
2026-09-15,633,A,23400.0000,5,5,True
2026-09-15,634,A,23400.0000,5,5,True
2026-09-15,647,B,23400.0000,5,5,True
2026-09-15,648,B,23350.0000,5,5,True
2026-09-15,649,B,23350.0000,5,5,True
2026-09-15,658,B,23350.0000,5,5,True
2026-09-15,674,A,23350.0000,5,5,True
2026-09-15,692,A,23350.0000,5,5,True
2026-09-15,704,A,23350.0000,5,5,True
2026-09-15,705,B,23350.0000,5,5,True
2026-09-15,706,B,23350.0000,5,5,True
2026-09-15,707,B,23350.0000,5,5,True
2026-09-15,710,A,23350.0000,5,5,True
2026-09-15,711,A,23350.0000,5,5,True
2026-09-15,723,B,23350.0000,5,5,True
2026-09-15,727,A,23350.0000,5,5,True
2026-09-15,728,A,23350.0000,5,5,True
2026-09-15,729,A,23350.0000,5,5,True
2026-09-15,739,B,23300.0000,5,5,True
2026-09-15,745,A,23350.0000,5,5,True
2026-09-15,749,B,23300.0000,5,5,True
2026-09-15,750,B,23300.0000,5,5,True
2026-09-15,751,B,23300.0000,5,5,True
2026-09-15,752,B,23300.0000,5,5,True
2026-09-15,753,B,23350.0000,5,5,True
2026-09-15,779,B,23300.0000,5,5,True
2026-09-15,782,B,23300.0000,5,5,True
2026-09-15,784,A,23300.0000,5,5,True
2026-09-15,786,B,23300.0000,5,5,True
2026-09-15,787,A,23300.0000,5,5,True
2026-09-15,815,B,23300.0000,5,5,True
2026-09-15,821,B,23300.0000,5,5,True
2026-09-15,829,B,23300.0000,5,5,True
2026-09-15,833,A,23300.0000,5,5,True
2026-09-15,837,B,23300.0000,5,5,True
2026-09-15,839,B,23300.0000,5,5,True
2026-09-15,843,A,23300.0000,5,5,True
2026-09-15,847,A,23300.0000,5,5,True
2026-09-15,848,A,23300.0000,5,5,True
2026-09-15,852,B,23300.0000,5,5,True
2026-09-15,891,A,23300.0000,5,5,True
2026-09-15,938,A,23250.0000,5,5,True
2026-09-15,941,A,23250.0000,5,5,True
2026-09-15,942,A,23250.0000,5,5,True
2026-09-15,955,B,23250.0000,5,5,True
2026-09-15,970,A,23250.0000,5,5,True
2026-09-15,972,A,23250.0000,5,5,True
2026-09-15,998,A,23250.0000,5,5,True
2026-09-15,1004,B,23250.0000,5,5,True
2026-09-15,1006,B,23250.0000,5,5,True
2026-09-15,1013,B,23250.0000,5,5,True
2026-09-15,1014,B,23250.0000,5,5,True
2026-09-15,1015,B,23250.0000,5,5,True
2026-09-15,1028,B,23250.0000,5,5,True
2026-09-15,1032,B,23250.0000,5,5,True
2026-09-15,1033,B,23250.0000,5,5,True
2026-09-15,1040,B,23250.0000,5,5,True
2026-09-15,1057,A,23250.0000,5,5,True
2026-09-15,1058,A,23250.0000,5,5,True
2026-09-15,1127,A,23200.0000,5,5,True
2026-09-15,1147,B,23200.0000,5,5,True
2026-09-15,1151,A,23200.0000,5,5,True
2026-09-15,1152,A,23200.0000,5,5,True
2026-09-15,1153,A,23200.0000,5,5,True
2026-09-15,1154,A,23200.0000,5,5,True
2026-09-15,1155,A,23200.0000,5,5,True
2026-09-15,1156,A,23200.0000,5,5,True
2026-09-15,1164,B,23200.0000,5,5,True
2026-09-15,1179,B,23200.0000,5,5,True
2026-09-15,1180,B,23200.0000,5,5,True
2026-09-15,1182,B,23200.0000,5,5,True
2026-09-15,1187,A,23200.0000,5,5,True
2026-09-15,1190,A,23200.0000,5,5,True
2026-09-15,1194,A,23200.0000,5,5,True
2026-09-15,1197,A,23200.0000,5,5,True
2026-09-15,1198,A,23200.0000,5,5,True
2026-09-15,1199,A,23200.0000,5,5,True
2026-09-15,1210,B,23200.0000,5,5,True
2026-09-15,1214,B,23200.0000,5,5,True
2026-09-15,1216,B,23200.0000,5,5,True
2026-09-15,1220,B,23250.0000,5,5,True
2026-09-15,1224,A,23250.0000,5,5,True
2026-09-15,1226,B,23200.0000,5,5,True
2026-09-15,1227,B,23200.0000,5,5,True
2026-09-15,1231,B,23200.0000,5,5,True
2026-09-15,1236,A,23250.0000,5,5,True
2026-09-15,1247,B,23250.0000,5,5,True
2026-09-15,1248,B,23250.0000,5,5,True
2026-09-15,1269,B,23250.0000,5,5,True
2026-09-15,1272,A,23250.0000,5,5,True
2026-09-15,1273,A,23250.0000,5,5,True
2026-09-15,1274,A,23250.0000,5,5,True
2026-09-15,1284,A,23250.0000,5,5,True
2026-09-15,1293,A,23250.0000,5,5,True
2026-09-15,1315,B,23200.0000,5,5,True
2026-09-15,1316,A,23250.0000,5,5,True
2026-09-15,1327,A,23250.0000,5,5,True
2026-09-15,1328,A,23250.0000,5,5,True
2026-09-15,1329,A,23250.0000,5,5,True
2026-09-15,1332,A,23250.0000,5,5,True
2026-09-15,1333,A,23250.0000,5,5,True
2026-09-15,1334,A,23250.0000,5,5,True
2026-09-15,1339,A,23250.0000,5,5,True
2026-09-15,1340,A,23250.0000,5,5,True
2026-09-15,1342,A,23250.0000,5,5,True
2026-09-15,1343,A,23250.0000,5,5,True
2026-09-15,1344,A,23250.0000,5,5,True
2026-09-15,1345,A,23250.0000,5,5,True
2026-09-15,1352,A,23250.0000,5,5,True
2026-09-15,1353,A,23250.0000,5,5,True
2026-09-16,87,A,23300.0000,5,5,True
2026-09-16,88,A,23300.0000,5,5,True
2026-09-16,89,A,23300.0000,5,5,True
2026-09-16,90,A,23300.0000,5,5,True
2026-09-16,95,B,23300.0000,5,5,True
2026-09-16,96,A,23300.0000,5,5,True
2026-09-16,97,A,23300.0000,5,5,True
2026-09-16,171,A,23250.0000,5,5,True
2026-09-16,172,A,23250.0000,5,5,True
2026-09-16,223,A,23200.0000,5,5,True
2026-09-16,225,A,23200.0000,5,5,True
2026-09-16,235,A,23200.0000,5,5,True
2026-09-16,311,A,23300.0000,5,5,True
2026-09-16,314,A,23300.0000,5,5,True
2026-09-16,315,A,23300.0000,5,5,True
2026-09-16,341,A,23250.0000,5,5,True
2026-09-16,350,A,23300.0000,5,5,True
2026-09-16,361,A,23300.0000,5,5,True
2026-09-16,364,B,23300.0000,5,5,True
2026-09-16,372,B,23300.0000,5,5,True
2026-09-16,373,B,23300.0000,5,5,True
2026-09-16,379,A,23300.0000,5,5,True
2026-09-16,380,B,23300.0000,5,5,True
2026-09-16,381,B,23300.0000,5,5,True
2026-09-16,402,B,23300.0000,5,5,True
2026-09-16,403,B,23300.0000,5,5,True
2026-09-16,405,B,23300.0000,5,5,True
2026-09-16,406,B,23300.0000,5,5,True
2026-09-16,412,B,23300.0000,5,5,True
2026-09-16,432,A,23300.0000,5,5,True
2026-09-16,433,A,23300.0000,5,5,True
2026-09-16,434,A,23300.0000,5,5,True
2026-09-16,461,A,23300.0000,5,5,True
2026-09-16,465,B,23250.0000,5,5,True
2026-09-16,470,A,23300.0000,5,5,True
2026-09-16,486,B,23250.0000,5,5,True
2026-09-16,488,B,23250.0000,5,5,True
2026-09-16,489,B,23250.0000,5,5,True
2026-09-16,507,A,23300.0000,5,5,True
2026-09-16,524,B,23300.0000,5,5,True
2026-09-16,525,B,23300.0000,5,5,True
2026-09-16,541,B,23300.0000,5,5,True
2026-09-16,542,B,23300.0000,5,5,True
2026-09-16,548,A,23300.0000,5,5,True
2026-09-16,551,A,23300.0000,5,5,True
2026-09-16,553,B,23300.0000,5,5,True
2026-09-16,555,B,23300.0000,5,5,True
2026-09-16,563,A,23300.0000,5,5,True
2026-09-16,596,B,23300.0000,5,5,True
2026-09-16,597,B,23300.0000,5,5,True
2026-09-16,598,B,23300.0000,5,5,True
2026-09-16,601,B,23300.0000,5,5,True
2026-09-16,602,B,23300.0000,5,5,True
2026-09-16,603,B,23300.0000,5,5,True
2026-09-16,604,A,23300.0000,5,5,True
2026-09-16,605,A,23300.0000,5,5,True
2026-09-16,629,B,23250.0000,5,5,True
2026-09-16,634,A,23300.0000,5,5,True
2026-09-16,648,A,23250.0000,5,5,True
2026-09-16,651,A,23250.0000,5,5,True
2026-09-16,652,B,23250.0000,5,5,True
2026-09-16,653,B,23250.0000,5,5,True
2026-09-16,659,B,23250.0000,5,5,True
2026-09-16,663,B,23300.0000,5,5,True
2026-09-16,667,B,23250.0000,5,5,True
2026-09-16,681,B,23250.0000,5,5,True
2026-09-16,688,A,23300.0000,5,5,True
2026-09-16,694,A,23250.0000,5,5,True
2026-09-16,701,B,23250.0000,5,5,True
2026-09-16,703,B,23250.0000,5,5,True
2026-09-16,711,A,23300.0000,5,5,True
2026-09-16,741,A,23250.0000,5,5,True
2026-09-16,749,A,23250.0000,5,5,True
2026-09-16,759,A,23300.0000,5,5,True
2026-09-17,4,B,23250.0000,5,5,True
2026-09-17,28,A,23300.0000,5,5,True
2026-09-17,112,A,23350.0000,5,5,True
2026-09-17,133,A,23300.0000,5,5,True
2026-09-17,134,B,23300.0000,5,5,True
2026-09-17,147,B,23300.0000,5,5,True
2026-09-17,171,B,23350.0000,5,5,True
2026-09-17,172,A,23350.0000,5,5,True
2026-09-17,173,B,23350.0000,5,5,True
2026-09-17,185,B,23350.0000,5,5,True
2026-09-17,210,A,23350.0000,5,5,True
2026-09-17,220,A,23300.0000,5,5,True
2026-09-17,242,A,23300.0000,5,5,True
2026-09-17,243,B,23300.0000,5,5,True
2026-09-17,245,B,23300.0000,5,5,True
2026-09-17,247,A,23300.0000,5,5,True
2026-09-17,287,A,23250.0000,5,5,True
2026-09-17,305,A,23300.0000,5,5,True
2026-09-17,308,A,23300.0000,5,5,True
2026-09-17,332,A,23350.0000,5,5,True
2026-09-17,347,B,23350.0000,5,5,True
2026-09-17,351,A,23350.0000,5,5,True
2026-09-17,386,B,23400.0000,5,5,True
2026-09-17,389,B,23400.0000,5,5,True
2026-09-17,393,B,23400.0000,5,5,True
2026-09-17,394,B,23400.0000,5,5,True
2026-09-17,396,B,23400.0000,5,5,True
2026-09-17,397,B,23400.0000,5,5,True
2026-09-17,406,A,23400.0000,5,5,True
2026-09-17,459,A,23400.0000,5,5,True
2026-09-17,466,B,23400.0000,5,5,True
2026-09-17,473,B,23350.0000,5,5,True
2026-09-17,474,A,23350.0000,5,5,True
2026-09-17,549,B,23300.0000,5,5,True
2026-09-17,550,B,23300.0000,5,5,True
2026-09-17,551,B,23300.0000,5,5,True
2026-09-17,552,B,23300.0000,5,5,True
2026-09-17,554,B,23300.0000,5,5,True
2026-09-17,555,B,23300.0000,5,5,True
2026-09-17,578,A,23300.0000,5,5,True
2026-09-17,587,A,23300.0000,5,5,True
2026-09-17,592,B,23300.0000,5,5,True
2026-09-17,611,B,23300.0000,5,5,True
2026-09-17,616,A,23300.0000,5,5,True
2026-09-17,638,B,23300.0000,5,5,True
2026-09-17,642,A,23350.0000,5,5,True
2026-09-17,658,B,23300.0000,5,5,True
2026-09-17,660,B,23300.0000,5,5,True
2026-09-17,673,A,23350.0000,5,5,True
2026-09-17,675,A,23350.0000,5,5,True
2026-09-17,677,B,23300.0000,5,5,True
2026-09-17,679,B,23350.0000,5,5,True
2026-09-17,681,B,23350.0000,5,5,True
2026-09-17,687,B,23350.0000,5,5,True
2026-09-17,704,B,23350.0000,5,5,True
2026-09-18,1,B,23400.0000,5,5,True
2026-09-18,2,B,23400.0000,5,5,True
2026-09-18,41,B,23350.0000,5,5,True
2026-09-18,61,B,23300.0000,5,5,True
2026-09-18,62,B,23300.0000,5,5,True
2026-09-18,64,A,23300.0000,5,5,True
2026-09-18,79,B,23350.0000,5,5,True
2026-09-18,80,B,23350.0000,5,5,True
2026-09-18,82,B,23350.0000,5,5,True
2026-09-18,84,A,23350.0000,5,5,True
2026-09-18,87,B,23350.0000,5,5,True
2026-09-18,92,A,23350.0000,5,5,True
2026-09-18,94,B,23350.0000,5,5,True
2026-09-18,97,A,23350.0000,5,5,True
2026-09-18,103,A,23350.0000,5,5,True
2026-09-18,104,B,23350.0000,5,5,True
2026-09-18,108,A,23350.0000,5,5,True
2026-09-18,113,A,23350.0000,5,5,True
2026-09-18,121,B,23350.0000,5,5,True
2026-09-18,122,A,23350.0000,5,5,True
2026-09-18,124,A,23350.0000,5,5,True
2026-09-18,126,B,23350.0000,5,5,True
2026-09-18,130,B,23350.0000,5,5,True
2026-09-18,134,A,23350.0000,5,5,True
2026-09-18,145,B,23300.0000,5,5,True
2026-09-18,149,A,23300.0000,5,5,True
2026-09-18,155,B,23300.0000,5,5,True
2026-09-18,156,B,23300.0000,5,5,True
2026-09-18,160,B,23300.0000,5,5,True
2026-09-18,165,A,23300.0000,5,5,True
2026-09-18,190,B,23350.0000,5,5,True
2026-09-18,194,A,23350.0000,5,5,True
2026-09-18,198,A,23350.0000,5,5,True
2026-09-18,211,B,23350.0000,5,5,True
2026-09-18,215,A,23350.0000,5,5,True
2026-09-18,217,B,23350.0000,5,5,True
2026-09-18,240,A,23350.0000,5,5,True
2026-09-18,243,A,23350.0000,5,5,True
2026-09-18,245,B,23350.0000,5,5,True
2026-09-18,246,B,23350.0000,5,5,True
2026-09-18,247,B,23350.0000,5,5,True
2026-09-18,259,B,23350.0000,5,5,True
2026-09-18,260,B,23350.0000,5,5,True
2026-09-18,266,B,23350.0000,5,5,True
2026-09-18,272,B,23350.0000,5,5,True
2026-09-18,276,A,23350.0000,5,5,True
2026-09-18,317,A,23400.0000,5,5,True
2026-09-18,330,B,23400.0000,5,5,True
2026-09-18,331,B,23400.0000,5,5,True
2026-09-18,344,B,23400.0000,5,5,True
2026-09-18,348,B,23400.0000,5,5,True
2026-09-18,349,B,23400.0000,5,5,True
2026-09-18,351,A,23400.0000,5,5,True
2026-09-18,352,A,23400.0000,5,5,True
2026-09-18,353,A,23400.0000,5,5,True
2026-09-18,354,A,23400.0000,5,5,True
2026-09-18,355,A,23400.0000,5,5,True
2026-09-18,356,A,23400.0000,5,5,True
2026-09-18,357,A,23400.0000,5,5,True
2026-09-18,369,A,23400.0000,5,5,True
2026-09-18,373,A,23400.0000,5,5,True
2026-09-18,374,A,23400.0000,5,5,True
2026-09-18,379,A,23400.0000,5,5,True
2026-09-18,380,A,23400.0000,5,5,True
2026-09-18,393,A,23400.0000,5,5,True
2026-09-18,414,A,23400.0000,5,5,True
2026-09-18,453,B,23400.0000,5,5,True
2026-09-18,462,A,23400.0000,5,5,True
2026-09-18,463,A,23400.0000,5,5,True
2026-09-18,465,A,23400.0000,5,5,True
2026-09-18,476,A,23400.0000,5,5,True
2026-09-18,494,B,23400.0000,5,5,True
2026-09-18,496,A,23400.0000,5,5,True
2026-09-18,497,A,23400.0000,5,5,True
2026-09-18,498,A,23400.0000,5,5,True
2026-09-18,499,A,23400.0000,5,5,True
2026-09-18,500,A,23400.0000,5,5,True
2026-09-18,502,A,23400.0000,5,5,True
2026-09-18,509,B,23400.0000,5,5,True
2026-09-18,510,B,23400.0000,5,5,True
2026-09-18,535,B,23350.0000,5,5,True
2026-09-18,536,B,23350.0000,5,5,True
2026-09-18,540,B,23350.0000,5,5,True
2026-09-18,541,B,23350.0000,5,5,True
2026-09-18,542,B,23350.0000,5,5,True
2026-09-18,543,B,23350.0000,5,5,True
2026-09-18,559,A,23400.0000,5,5,True
2026-09-21,9,A,23350.0000,5,5,True
2026-09-21,27,B,23400.0000,5,5,True
2026-09-21,28,A,23400.0000,5,5,True
2026-09-21,33,B,23400.0000,5,5,True
2026-09-21,34,B,23400.0000,5,5,True
2026-09-21,36,B,23400.0000,5,5,True
2026-09-21,37,B,23400.0000,5,5,True
2026-09-21,38,B,23400.0000,5,5,True
2026-09-21,61,B,23400.0000,5,5,True
2026-09-21,64,A,23400.0000,5,5,True
2026-09-21,79,B,23400.0000,5,5,True
2026-09-21,89,B,23400.0000,5,5,True
2026-09-21,95,B,23400.0000,5,5,True
2026-09-21,97,A,23400.0000,5,5,True
2026-09-21,98,A,23400.0000,5,5,True
2026-09-21,114,A,23400.0000,5,5,True
2026-09-21,115,A,23400.0000,5,5,True
2026-09-21,121,A,23400.0000,5,5,True
2026-09-21,124,B,23400.0000,5,5,True
2026-09-21,140,A,23400.0000,5,5,True
2026-09-21,141,A,23400.0000,5,5,True
2026-09-21,152,B,23400.0000,5,5,True
2026-09-21,155,B,23400.0000,5,5,True
2026-09-21,156,B,23400.0000,5,5,True
2026-09-21,157,A,23400.0000,5,5,True
2026-09-21,161,A,23400.0000,5,5,True
2026-09-21,164,B,23400.0000,5,5,True
2026-09-21,165,B,23400.0000,5,5,True
2026-09-21,166,B,23400.0000,5,5,True
2026-09-21,167,B,23400.0000,5,5,True
2026-09-21,172,B,23400.0000,5,5,True
2026-09-21,173,B,23400.0000,5,5,True
2026-09-21,174,B,23400.0000,5,5,True
2026-09-21,181,B,23400.0000,5,5,True
2026-09-21,182,B,23400.0000,5,5,True
2026-09-21,186,A,23400.0000,5,5,True
2026-09-21,187,B,23400.0000,5,5,True
2026-09-21,189,A,23400.0000,5,5,True
2026-09-21,226,B,23450.0000,5,5,True
2026-09-21,227,B,23450.0000,5,5,True
2026-09-21,231,A,23450.0000,5,5,True
2026-09-21,232,B,23450.0000,5,5,True
2026-09-21,233,B,23450.0000,5,5,True
2026-09-21,235,B,23450.0000,5,5,True
2026-09-21,240,A,23450.0000,5,5,True
2026-09-21,241,A,23450.0000,5,5,True
2026-09-21,243,A,23450.0000,5,5,True
2026-09-21,244,B,23450.0000,5,5,True
2026-09-21,245,B,23450.0000,5,5,True
2026-09-21,249,A,23450.0000,5,5,True
2026-09-21,262,B,23400.0000,5,5,True
2026-09-21,271,A,23450.0000,5,5,True
2026-09-21,272,B,23450.0000,5,5,True
2026-09-21,288,B,23400.0000,5,5,True
2026-09-21,289,B,23400.0000,5,5,True
2026-09-21,290,B,23400.0000,5,5,True
2026-09-21,291,A,23450.0000,5,5,True
2026-09-21,318,A,23400.0000,5,5,True
2026-09-21,319,A,23400.0000,5,5,True
2026-09-21,321,A,23400.0000,5,5,True
2026-09-21,340,B,23450.0000,5,5,True
2026-09-21,357,B,23450.0000,5,5,True
2026-09-21,358,B,23450.0000,5,5,True
2026-09-21,365,A,23450.0000,5,5,True
2026-09-21,367,B,23450.0000,5,5,True
2026-09-21,375,B,23450.0000,5,5,True
2026-09-21,424,B,23450.0000,5,5,True
2026-09-21,448,A,23450.0000,5,5,True
2026-09-21,456,B,23450.0000,5,5,True
2026-09-21,457,B,23450.0000,5,5,True
2026-09-21,468,A,23450.0000,5,5,True
2026-09-21,476,A,23450.0000,5,5,True
2026-09-21,493,A,23450.0000,5,5,True
2026-09-21,494,A,23450.0000,5,5,True
2026-09-21,509,A,23450.0000,5,5,True
2026-09-21,510,A,23450.0000,5,5,True
2026-09-21,511,A,23450.0000,5,5,True
2026-09-21,519,A,23450.0000,5,5,True
2026-09-21,534,A,23450.0000,5,5,True
2026-09-21,549,B,23450.0000,5,5,True
2026-09-21,556,B,23450.0000,5,5,True
2026-09-21,562,A,23450.0000,5,5,True
2026-09-21,563,A,23450.0000,5,5,True
2026-09-21,565,B,23450.0000,5,5,True
2026-09-21,572,A,23450.0000,5,5,True
2026-09-21,573,A,23450.0000,5,5,True
2026-09-21,574,A,23450.0000,5,5,True
2026-09-21,575,A,23450.0000,5,5,True
2026-09-21,599,B,23450.0000,5,5,True
2026-09-21,600,B,23450.0000,5,5,True
2026-09-22,10,A,23450.0000,5,5,True
2026-09-22,12,A,23450.0000,5,5,True
2026-09-22,41,A,23450.0000,5,5,True
2026-09-22,50,A,23450.0000,5,5,True
2026-09-22,52,A,23450.0000,5,5,True
2026-09-22,59,A,23450.0000,5,5,True
2026-09-22,72,A,23450.0000,5,5,True
2026-09-22,76,A,23450.0000,5,5,True
2026-09-22,82,B,23450.0000,5,5,True
2026-09-22,106,B,23450.0000,5,5,True
2026-09-22,108,B,23450.0000,5,5,True
2026-09-22,112,A,23450.0000,5,5,True
2026-09-22,125,A,23450.0000,5,5,True
2026-09-22,133,A,23450.0000,5,5,True
2026-09-22,134,A,23450.0000,5,5,True
2026-09-22,135,A,23450.0000,5,5,True
2026-09-22,136,A,23450.0000,5,5,True
2026-09-22,138,B,23450.0000,5,5,True
2026-09-22,148,A,23450.0000,5,5,True
2026-09-22,151,B,23450.0000,5,5,True
2026-09-22,152,B,23450.0000,5,5,True
2026-09-22,153,B,23450.0000,5,5,True
2026-09-22,154,B,23450.0000,5,5,True
2026-09-22,155,B,23450.0000,5,5,True
2026-09-22,162,B,23450.0000,5,5,True
2026-09-22,164,B,23450.0000,5,5,True
2026-09-22,172,A,23450.0000,5,5,True
2026-09-22,175,B,23450.0000,5,5,True
2026-09-22,178,A,23450.0000,5,5,True
2026-09-22,180,B,23450.0000,5,5,True
2026-09-22,181,A,23450.0000,5,5,True
2026-09-22,233,A,23450.0000,5,5,True
2026-09-22,235,A,23450.0000,5,5,True
2026-09-22,238,A,23450.0000,5,5,True
2026-09-22,247,A,23400.0000,5,5,True
2026-09-22,250,A,23400.0000,5,5,True
2026-09-22,253,A,23400.0000,5,5,True
2026-09-22,257,A,23400.0000,5,5,True
2026-09-22,296,A,23400.0000,5,5,True
2026-09-22,301,A,23400.0000,5,5,True
2026-09-22,302,A,23400.0000,5,5,True
2026-09-22,305,A,23400.0000,5,5,True
2026-09-22,329,A,23400.0000,5,5,True
2026-09-22,346,B,23400.0000,5,5,True
2026-09-22,349,B,23400.0000,5,5,True
2026-09-22,356,A,23400.0000,5,5,True
2026-09-22,360,A,23400.0000,5,5,True
2026-09-22,362,B,23400.0000,5,5,True
2026-09-22,363,B,23400.0000,5,5,True
2026-09-22,364,B,23400.0000,5,5,True
2026-09-22,374,A,23400.0000,5,5,True
2026-09-22,397,A,23400.0000,5,5,True
2026-09-22,401,A,23400.0000,5,5,True
2026-09-22,403,A,23400.0000,5,5,True
2026-09-22,405,A,23400.0000,5,5,True
2026-09-22,425,A,23350.0000,5,5,True
2026-09-22,426,A,23350.0000,5,5,True
2026-09-22,427,A,23350.0000,5,5,True
2026-09-22,437,A,23350.0000,5,5,True
2026-09-22,446,B,23350.0000,5,5,True
2026-09-22,452,B,23350.0000,5,5,True
2026-09-22,453,B,23350.0000,5,5,True
2026-09-22,458,B,23350.0000,5,5,True
2026-09-22,476,A,23350.0000,5,5,True
2026-09-22,491,A,23400.0000,5,5,True
2026-09-22,498,A,23350.0000,5,5,True
2026-09-22,503,A,23350.0000,5,5,True
2026-09-22,541,A,23350.0000,5,5,True
2026-09-22,550,A,23350.0000,5,5,True
2026-09-22,556,A,23350.0000,5,5,True
2026-09-22,557,A,23350.0000,5,5,True
2026-09-22,558,A,23350.0000,5,5,True
2026-09-22,573,A,23350.0000,5,5,True
2026-09-22,591,B,23350.0000,5,5,True
2026-09-22,593,B,23350.0000,5,5,True
2026-09-22,609,A,23350.0000,5,5,True
2026-09-22,610,A,23350.0000,5,5,True
2026-09-22,614,B,23350.0000,5,5,True
2026-09-22,620,B,23350.0000,5,5,True
2026-09-22,621,B,23350.0000,5,5,True
2026-09-22,628,A,23350.0000,5,5,True
2026-09-22,632,B,23350.0000,5,5,True
2026-09-22,669,A,23300.0000,5,5,True
2026-09-22,673,A,23300.0000,5,5,True
2026-09-22,693,B,23300.0000,5,5,True
2026-09-22,699,B,23300.0000,5,5,True
2026-09-22,777,B,23400.0000,5,5,True
2026-09-22,791,A,23400.0000,5,5,True
2026-09-22,797,A,23400.0000,5,5,True
2026-09-22,798,A,23400.0000,5,5,True
2026-09-22,800,A,23400.0000,5,5,True
2026-09-22,801,B,23400.0000,5,5,True
2026-09-22,802,A,23400.0000,5,5,True
2026-09-22,806,B,23400.0000,5,5,True
2026-09-22,808,B,23400.0000,5,5,True
2026-09-22,809,B,23400.0000,5,5,True
2026-09-22,815,A,23400.0000,5,5,True
2026-09-22,816,A,23400.0000,5,5,True
2026-09-22,829,B,23400.0000,5,5,True
2026-09-22,833,A,23400.0000,5,5,True
2026-09-22,837,B,23400.0000,5,5,True
2026-09-22,857,A,23400.0000,5,5,True
2026-09-22,864,B,23400.0000,5,5,True
2026-09-22,866,B,23400.0000,5,5,True
2026-09-22,867,B,23400.0000,5,5,True
2026-09-22,873,B,23400.0000,5,5,True
2026-09-22,884,A,23400.0000,5,5,True
2026-09-22,922,A,23400.0000,5,5,True
2026-09-22,977,B,23350.0000,5,5,True
2026-09-22,978,B,23350.0000,5,5,True
2026-09-22,979,B,23350.0000,5,5,True
2026-09-22,1000,A,23400.0000,5,5,True
2026-09-22,1001,A,23400.0000,5,5,True
2026-09-22,1002,A,23400.0000,5,5,True
2026-09-22,1005,B,23400.0000,5,5,True
2026-09-22,1006,B,23350.0000,5,5,True
2026-09-22,1008,A,23400.0000,5,5,True
2026-09-22,1009,A,23350.0000,5,5,True
2026-09-22,1010,B,23350.0000,5,5,True
2026-09-22,1011,A,23400.0000,5,5,True
2026-09-22,1013,B,23400.0000,5,5,True
2026-09-22,1032,A,23400.0000,5,5,True
2026-09-22,1033,A,23400.0000,5,5,True
2026-09-22,1034,A,23400.0000,5,5,True
2026-09-22,1035,A,23400.0000,5,5,True
2026-09-22,1038,A,23400.0000,5,5,True
2026-09-22,1053,A,23400.0000,5,5,True
2026-09-22,1055,A,23400.0000,5,5,True
2026-09-22,1056,A,23400.0000,5,5,True
2026-09-22,1057,A,23400.0000,5,5,True
2026-09-22,1058,A,23400.0000,5,5,True
2026-09-22,1059,A,23400.0000,5,5,True
2026-09-22,1060,A,23400.0000,5,5,True
2026-09-22,1061,A,23400.0000,5,5,True
2026-09-23,13,A,23400.0000,5,5,True
2026-09-23,50,A,23400.0000,5,5,True
2026-09-23,69,A,23400.0000,5,5,True
2026-09-23,75,A,23400.0000,5,5,True
2026-09-23,79,A,23400.0000,5,5,True
2026-09-23,88,B,23400.0000,5,5,True
2026-09-23,100,B,23400.0000,5,5,True
2026-09-23,106,A,23400.0000,5,5,True
2026-09-23,112,B,23400.0000,5,5,True
2026-09-23,116,A,23400.0000,5,5,True
2026-09-23,131,B,23400.0000,5,5,True
2026-09-23,132,B,23400.0000,5,5,True
2026-09-23,143,B,23400.0000,5,5,True
2026-09-23,145,A,23400.0000,5,5,True
2026-09-23,176,A,23400.0000,5,5,True
2026-09-23,180,B,23400.0000,5,5,True
2026-09-23,222,B,23450.0000,5,5,True
2026-09-23,245,B,23450.0000,5,5,True
2026-09-23,251,A,23450.0000,5,5,True
2026-09-23,264,B,23450.0000,5,5,True
2026-09-23,265,B,23450.0000,5,5,True
2026-09-23,280,A,23450.0000,5,5,True
2026-09-23,283,B,23450.0000,5,5,True
2026-09-23,301,A,23450.0000,5,5,True
2026-09-23,307,A,23450.0000,5,5,True
2026-09-23,310,B,23450.0000,5,5,True
2026-09-23,311,B,23450.0000,5,5,True
2026-09-23,318,A,23450.0000,5,5,True
2026-09-23,329,B,23450.0000,5,5,True
2026-09-23,385,A,23500.0000,5,5,True
2026-09-23,389,A,23500.0000,5,5,True
2026-09-23,402,B,23450.0000,5,5,True
2026-09-23,403,B,23450.0000,5,5,True
2026-09-23,418,A,23450.0000,5,5,True
2026-09-23,440,A,23500.0000,5,5,True
2026-09-23,444,B,23450.0000,5,5,True
2026-09-23,493,B,23450.0000,5,5,True
2026-09-23,509,A,23450.0000,5,5,True
2026-09-23,532,A,23450.0000,5,5,True
2026-09-23,581,A,23450.0000,5,5,True
2026-09-23,584,A,23450.0000,5,5,True
2026-09-23,586,B,23450.0000,5,5,True
2026-09-23,588,B,23450.0000,5,5,True
2026-09-23,589,B,23450.0000,5,5,True
2026-09-23,597,B,23450.0000,5,5,True
2026-09-23,600,A,23450.0000,5,5,True
2026-09-23,609,A,23450.0000,5,5,True
2026-09-23,618,B,23450.0000,5,5,True
2026-09-23,620,A,23450.0000,5,5,True
2026-09-23,632,A,23450.0000,5,5,True
2026-09-23,641,A,23450.0000,5,5,True
2026-09-23,648,B,23450.0000,5,5,True
2026-09-23,649,B,23450.0000,5,5,True
2026-09-23,650,B,23450.0000,5,5,True
2026-09-23,651,A,23450.0000,5,5,True
2026-09-23,652,A,23450.0000,5,5,True
2026-09-23,653,A,23450.0000,5,5,True
2026-09-23,655,B,23450.0000,5,5,True
2026-09-23,656,B,23450.0000,5,5,True
2026-09-23,662,A,23450.0000,5,5,True
2026-09-23,671,B,23450.0000,5,5,True
2026-09-23,673,B,23450.0000,5,5,True
