TradingDate,Population,TradeCount,ACount,BCount,Wins,Losses,WinRatePct,GrossPnl,Costs,NetPnl,AvgPnl,MedianPnl,ProfitFactor,AvgHoldingSec,MedianMAE,MedianMFE,BestTrade,WorstTrade
2026-09-04,ATM,25,13,12,10,15,40,-14722.5000,1057.38,-15779.8800,-631.1952,-413.7000,0.64,806.12,3.4000,3.2500,8024.3700,-13370.6600
2026-09-04,FullSurface,21,10,11,6,15,28.571428571428573,-16185.0000,856.73,-17041.7300,-811.5109523809523809523809524,-737.2600,0.60,776.1904761904761,3.4000,2.2500,8024.3700,-11810.6600
2026-09-04,PartialSurface,9,6,3,5,4,55.55555555555556,-3510.0000,412.74,-3922.7400,-435.8600,42.9200,0.74,903.3333333333334,3.7500,3.0000,8743.8000,-13370.6600
2026-09-08,ATM,30,15,15,8,22,26.666666666666668,-6630.0000,711.82,-7341.8200,-244.72733333333333333333333333,-867.4350,0.83,688.6333333333333,2.4500,1.0000,7229.1600,-6340.6100
2026-09-08,FullSurface,26,11,15,8,18,30.76923076923077,-325.0000,567.30,-892.3000,-34.319230769230769230769230769,-735.9600,0.97,601.2692307692307,1.9000,1.4000,6742.0800,-3981.3300
2026-09-08,PartialSurface,13,7,6,2,11,15.384615384615385,-16542.5000,307.41,-16849.9100,-1296.1469230769230769230769231,-1928.7700,0.35,685.9230769230769,3.5000,0.9500,7229.1600,-6340.6100
2026-09-09,ATM,36,18,18,14,22,38.888888888888886,35360.0000,1861.90,33498.1000,930.5027777777777777777777778,-474.0850,1.68,590.2777777777778,2.1500,3.3000,22257.3800,-8353.8000
2026-09-09,FullSurface,30,14,16,13,17,43.333333333333336,47807.5000,1534.86,46272.6400,1542.4213333333333333333333333,-251.3350,2.31,657.1,1.9500,4.3000,21364.9700,-8353.8000
2026-09-09,PartialSurface,13,7,6,3,10,23.076923076923077,-3867.5000,686.92,-4554.4200,-350.3400,-1728.8800,0.85,486.53846153846155,4.8000,0.7000,22257.3800,-6211.0100
2026-09-10,ATM,27,13,14,10,17,37.03703703703704,-24407.5000,1204.50,-25612.0000,-948.5925925925925925925925926,-1852.9700,0.54,773.3333333333334,4.7000,4.4500,7348.8400,-8378.4000
2026-09-10,FullSurface,24,13,11,9,15,37.5,-16575.0000,1102.69,-17677.6900,-736.57041666666666666666666667,-1537.6050,0.62,727.0833333333334,4.7000,4.9500,7348.8400,-7305.9000
2026-09-10,PartialSurface,6,3,3,1,5,16.666666666666668,-16867.5000,269.36,-17136.8600,-2856.1433333333333333333333333,-2398.5800,0.06,826.5,6.1500,2.1000,1176.1800,-8378.4000
2026-09-11,ATM,46,23,23,15,31,32.608695652173914,-1007.5000,2004.99,-3012.4900,-65.488913043478260869565217391,-1277.1600,0.96,463.9347826086956,2.7000,3.2500,28517.2900,-8169.3600
2026-09-11,FullSurface,41,21,20,12,29,29.26829268292683,812.5000,1797.15,-984.6500,-24.015853658536585365853658537,-1334.5500,0.99,458.5365853658537,2.7500,2.9500,28517.2900,-8169.3600
2026-09-11,PartialSurface,12,5,7,5,7,41.666666666666664,65.0000,498.33,-433.3300,-36.110833333333333333333333333,-367.2200,0.96,516.4166666666666,1.7500,5.3000,7765.3900,-4127.2000
2026-09-15,ATM,45,23,22,15,30,33.333333333333336,3217.5000,1059.86,2157.6400,47.947555555555555555555555556,-891.4100,1.03,464.53333333333336,2.7500,3.7000,23446.1500,-11910.2100
2026-09-15,FullSurface,38,21,17,13,25,34.21052631578947,14365.0000,937.92,13427.0800,353.34421052631578947368421053,-738.9850,1.22,481.2105263157895,2.7500,4.7000,23446.1500,-11910.2100
2026-09-15,PartialSurface,18,6,12,4,14,22.22222222222222,-19955.0000,350.89,-20305.8900,-1128.1050,-717.0500,0.10,371,2.7000,2.7000,1375.1400,-8914.8500
2026-09-16,ATM,23,12,11,15,8,65.21739130434783,29672.5000,1547.23,28125.2700,1222.8378260869565217391304348,947.3800,2.08,920.3478260869565,3.4000,8.2500,12536.2000,-8384.6500
2026-09-16,FullSurface,22,12,10,14,8,63.63636363636363,8645.0000,1475.10,7169.9000,325.90454545454545454545454545,768.3450,1.18,915.2272727272727,5.0500,8.4500,12536.2000,-14689.3900
2026-09-16,PartialSurface,4,1,3,1,3,25,195.0000,245.23,-50.2300,-12.5575,-1977.0850,0.99,1660.75,4.5000,5.0000,7985.9400,-4082.0000
2026-09-17,ATM,20,10,10,8,12,40,16932.5000,1024.05,15908.4500,795.4225,-1253.2200,1.27,1040.6,6.4500,7.2500,21940.9500,-13988.6700
2026-09-17,FullSurface,15,8,7,5,10,33.333333333333336,-19955.0000,751.01,-20706.0100,-1380.4006666666666666666666667,-1734.8900,0.61,1155.4,7.3000,7.2500,20807.6800,-13988.6700
2026-09-17,PartialSurface,10,4,6,4,6,40,11635.0000,506.39,11128.6100,1112.8610,-943.1700,1.28,817.1,4.2000,6.4500,21940.9500,-30198.2500
2026-09-18,ATM,29,14,15,6,23,20.689655172413794,-85962.5000,1141.12,-87103.6200,-3003.5731034482758620689655172,-2114.1700,0.10,723.9310344827586,5.6000,2.8500,3556.9800,-13806.9500
2026-09-18,FullSurface,27,14,13,6,21,22.22222222222222,-77675.0000,1068.65,-78743.6500,-2916.4314814814814814814814815,-2114.1700,0.11,743.8518518518518,5.6000,3.1000,3556.9800,-13806.9500
2026-09-18,PartialSurface,5,1,4,1,4,20,-23887.5000,183.52,-24071.0200,-4814.2040,-6497.4400,0.03,490.4,10.6000,2.0000,678.9700,-9172.0100
2026-09-21,ATM,31,16,15,10,21,32.25806451612903,-20767.5000,869.31,-21636.8100,-697.96161290322580645161290323,-485.3300,0.52,698.483870967742,2.8000,2.0000,7806.3600,-8475.1100
2026-09-21,FullSurface,26,13,13,9,17,34.61538461538461,-10335.0000,732.54,-11067.5400,-425.67461538461538461538461538,-536.4050,0.68,789.4615384615385,3.0500,2.8500,7806.3600,-8312.0800
2026-09-21,PartialSurface,13,6,7,3,10,23.076923076923077,-13585.0000,352.99,-13937.9900,-1072.1530769230769230769230769,-866.1900,0.30,420.53846153846155,2.5000,0.8500,5625.5300,-8475.1100
2026-09-22,ATM,35,18,17,14,21,40,59150.0000,649.50,58500.5000,1671.4428571428571428571428571,-635.9800,2.04,594.4,3.0000,2.5000,43409.5400,-10213.9200
2026-09-22,FullSurface,31,16,15,14,17,45.16129032258065,59410.0000,603.48,58806.5200,1896.984516129032258064516129,-118.9100,2.34,583.7741935483871,2.6500,3.3500,43409.5400,-10213.9200
2026-09-22,PartialSurface,16,10,6,8,8,50,33117.5000,307.60,32809.9000,2050.61875,-50.2650,3.07,724.125,3.0500,3.2000,29442.5800,-5338.4300
2026-09-23,ATM,25,13,12,10,15,40,-2275.0000,1186.78,-3461.7800,-138.4712,-407.0800,0.91,844.28,4.7500,3.8500,11711.9000,-8037.8400
2026-09-23,FullSurface,20,10,10,9,11,45,1430.0000,949.13,480.8700,24.0435,-94.0650,1.02,854.45,4.8500,3.8500,6353.6700,-8037.8400
2026-09-23,PartialSurface,9,6,3,3,6,33.333333333333336,2697.5000,427.34,2270.1600,252.2400,-1116.8200,1.18,581.5555555555555,3.0500,4.6500,11711.9000,-4663.8300
