TradingDate,Dte,Pattern,SignalTimeIST,EntryTimeIST,ExitTimeIST,ExitReason,NetPnl,HoldingSeconds,MAE,MFE
2026-09-04,4,A,09:30:28.000,09:30:28.000,09:31:46.000,AtmStateInvalidation,2501.9500,78,1.8500,4.6000
2026-09-04,4,A,09:36:53.000,09:36:53.000,09:37:29.000,AtmStateInvalidation,-3183.3100,36,5.6000,0
2026-09-04,4,B,09:40:40.000,09:40:40.000,09:40:59.000,AtmStateInvalidation,-511.9800,19,0.6500,0
2026-09-04,4,B,09:41:11.000,09:41:11.000,09:41:14.000,AtmStateInvalidation,-56.9200,3,0.0500,0.5000
2026-09-04,4,B,09:43:16.000,09:43:16.000,09:43:47.000,AtmStateInvalidation,-24.1700,31,0.6000,0.2500
2026-09-04,4,A,09:43:47.000,09:43:47.000,09:44:09.000,AtmStateInvalidation,-907.7900,22,1.8000,0.5500
2026-09-04,4,B,09:50:43.000,09:50:43.000,09:51:56.000,AtmStateInvalidation,1045.5900,73,0.1500,2.1000
2026-09-04,4,A,09:58:40.000,09:58:41.000,09:59:03.000,AtmStateInvalidation,97.3200,22,0.4500,0.8000
2026-09-04,4,A,09:59:40.000,09:59:40.000,10:00:05.000,AtmStateInvalidation,-703.6200,25,1.5500,0.7500
2026-09-04,4,B,10:04:57.000,10:04:57.000,10:05:17.000,AtmStateInvalidation,-931.5900,20,1.4000,0
2026-09-04,4,B,10:20:27.000,10:20:27.000,10:21:35.000,AtmStateInvalidation,166.9300,68,0.2000,0.8500
2026-09-04,4,B,10:46:13.000,10:46:13.000,10:48:19.000,AtmStateInvalidation,367.5800,126,0.8000,1.1000
2026-09-04,4,A,10:50:56.000,10:50:56.000,10:52:48.000,AtmStateInvalidation,-1622.7200,112,3.4000,0
2026-09-04,4,B,11:26:00.000,11:26:00.000,11:26:21.000,AtmStateInvalidation,-152.6300,21,0.6000,0.2500
2026-09-04,4,B,11:27:14.000,11:27:14.000,11:27:37.000,AtmStateInvalidation,-705.2300,23,1.6500,0
2026-09-04,4,A,11:29:07.000,11:29:07.000,11:29:25.000,AtmStateInvalidation,37.3100,18,0.1000,0.8000
2026-09-04,4,A,11:29:54.000,11:29:54.000,11:31:52.000,AtmStateInvalidation,-3275.7000,118,5.2500,0
2026-09-04,4,A,11:46:11.000,11:46:11.000,11:47:46.000,AtmStateInvalidation,-91.4500,95,1.4500,0.3500
2026-09-04,4,A,11:48:39.000,11:48:39.000,11:50:15.000,AtmStateInvalidation,-2592.5700,96,4.1000,0.3000
2026-09-04,4,A,11:54:29.000,11:54:29.000,11:54:36.000,AtmStateInvalidation,623.7200,7,0.4000,1.2000
2026-09-04,4,A,11:58:28.000,11:58:28.000,11:59:28.000,AtmStateInvalidation,493.3500,60,0.4500,1.2500
2026-09-04,4,B,12:08:36.000,12:08:36.000,12:10:08.000,AtmStateInvalidation,-313.3200,92,0.4500,1.3000
2026-09-04,4,A,12:10:08.000,12:10:08.000,12:12:12.000,AtmStateInvalidation,1917.3400,124,2.6000,4.7500
2026-09-04,4,B,12:18:03.000,12:18:03.000,12:19:07.000,AtmStateInvalidation,-319.5000,64,0.5500,0.6000
2026-09-04,4,B,12:27:56.000,12:27:56.000,12:28:37.000,AtmStateInvalidation,949.3900,41,0.2500,1.7500
2026-09-04,4,B,12:30:52.000,12:30:52.000,12:31:52.000,AtmStateInvalidation,-57.3400,60,0.2000,1.1000
2026-09-04,4,A,12:37:19.000,12:37:19.000,12:37:44.000,AtmStateInvalidation,1079.7300,25,0.3000,2.0000
2026-09-04,4,B,12:52:13.000,12:52:13.000,12:54:05.000,AtmStateInvalidation,982.6400,112,0.2000,2.2000
2026-09-04,4,A,12:55:26.000,12:55:26.000,12:56:24.000,AtmStateInvalidation,170.6900,58,1.5000,1.2500
2026-09-04,4,B,13:05:47.000,13:05:47.000,13:07:23.000,AtmStateInvalidation,-608.2000,96,1.1000,0.4500
2026-09-04,4,A,13:20:47.000,13:20:47.000,13:21:53.000,AtmStateInvalidation,2145.5500,66,0.5000,3.8000
2026-09-04,4,B,13:39:30.000,13:39:31.000,13:40:57.000,AtmStateInvalidation,853.4100,86,0,1.5500
2026-09-04,4,A,14:08:15.000,14:08:15.000,14:10:43.000,AtmStateInvalidation,-1254.7600,148,2.1500,1.1000
2026-09-04,4,B,14:32:46.000,14:32:46.000,14:33:39.000,AtmStateInvalidation,-1091.1900,53,1.7500,0.3000
2026-09-04,4,B,14:47:58.000,14:47:58.000,14:50:05.000,AtmStateInvalidation,400.1400,127,0.2500,1.1500
2026-09-08,0,B,09:31:19.000,09:31:19.000,09:31:40.000,AtmStateInvalidation,215.8800,21,0,0.6000
2026-09-08,0,A,09:34:30.000,09:34:30.000,09:35:02.000,AtmStateInvalidation,-960.7200,32,1.9500,0.5000
2026-09-08,0,B,09:35:35.000,09:35:35.000,09:35:55.000,AtmStateInvalidation,-72.0700,20,0.1500,0.3000
2026-09-08,0,B,09:38:56.000,09:38:56.000,09:39:21.000,AtmStateInvalidation,-461.9300,25,0.7500,0.0500
2026-09-08,0,A,09:56:46.000,09:56:46.000,09:57:06.000,AtmStateInvalidation,-960.8800,20,1.9000,0.3500
2026-09-08,0,A,10:00:47.000,10:00:47.000,10:00:59.000,AtmStateInvalidation,-149.6000,12,0.7500,1.0500
2026-09-08,0,B,10:06:11.000,10:06:11.000,10:06:34.000,AtmStateInvalidation,316.0000,23,0,0.6000
2026-09-08,0,B,10:11:16.000,10:11:16.000,10:11:34.000,AtmStateInvalidation,-233.8200,18,0.4000,0
2026-09-08,0,A,10:29:21.000,10:29:21.000,10:30:27.000,AtmStateInvalidation,-3066.7800,66,4.6500,0
2026-09-08,0,B,10:42:20.000,10:42:20.000,10:42:50.000,AtmStateInvalidation,-333.4900,30,0.7500,0
2026-09-08,0,A,11:12:19.000,11:12:19.000,11:13:07.000,AtmStateInvalidation,1801.9600,48,0.9000,4.1000
2026-09-08,0,A,11:15:36.000,11:15:36.000,11:16:11.000,AtmStateInvalidation,502.2900,35,2.0500,1.2000
2026-09-08,0,B,11:16:11.000,11:16:11.000,11:20:09.000,AtmStateInvalidation,1034.6000,238,0.3000,2.0500
2026-09-08,0,A,11:56:22.000,11:56:22.000,11:56:46.000,AtmStateInvalidation,1815.6500,24,0.2500,3.3000
2026-09-08,0,A,12:01:03.000,12:01:03.000,12:01:31.000,AtmStateInvalidation,-1404.8500,28,3.2500,0
2026-09-08,0,A,12:01:37.000,12:01:37.000,12:01:52.000,AtmStateInvalidation,-494.6100,15,1.1000,0.5500
2026-09-08,0,B,12:13:31.000,12:13:31.000,12:14:55.000,AtmStateInvalidation,-71.1300,84,0.3500,0.2500
2026-09-08,0,A,12:15:29.000,12:15:29.000,12:17:08.000,AtmStateInvalidation,-2704.0800,99,4.9000,0.3500
2026-09-08,0,B,12:17:08.000,12:17:08.000,12:17:37.000,AtmStateInvalidation,-201.2400,29,0.3000,0
2026-09-08,0,A,12:27:38.000,12:27:38.000,12:28:25.000,AtmStateInvalidation,27.1800,47,1.2500,1.5000
2026-09-08,0,B,12:36:02.000,12:36:02.000,12:36:48.000,AtmStateInvalidation,284.9800,46,0,0.9000
2026-09-08,0,B,12:51:21.000,12:51:21.000,12:52:14.000,AtmStateInvalidation,-752.6800,53,1.5000,0.1000
2026-09-08,0,B,13:15:45.000,13:15:45.000,13:17:47.000,AtmStateInvalidation,-395.3400,122,0.7500,0.3500
2026-09-08,0,A,13:24:14.000,13:24:14.000,13:25:44.000,AtmStateInvalidation,1878.8000,90,1.2000,3.4000
2026-09-08,0,A,13:34:57.000,13:34:57.000,13:37:25.000,AtmStateInvalidation,-4426.8900,148,10.7000,0
2026-09-08,0,B,13:38:51.000,13:38:51.000,13:39:51.000,AtmStateInvalidation,-491.2800,60,1.0500,0
2026-09-08,0,A,13:50:53.000,13:50:53.000,13:51:14.000,AtmStateInvalidation,1678.0200,21,0,5.8000
2026-09-08,0,B,14:00:35.000,14:00:35.000,14:02:13.000,AtmStateInvalidation,-36.2000,98,0.4000,0.2500
2026-09-08,0,B,14:03:09.000,14:03:09.000,14:03:38.000,AtmStateInvalidation,483.5600,29,0.0500,0.8500
2026-09-08,0,B,14:10:45.000,14:10:45.000,14:12:22.000,AtmStateInvalidation,710.2300,97,0,1.5500
2026-09-08,0,B,14:18:28.000,14:18:28.000,14:20:24.000,AtmStateInvalidation,-37.2300,116,1.4500,0.1500
2026-09-08,0,A,14:24:27.000,14:24:27.000,14:25:20.000,AtmStateInvalidation,-169.8700,53,2.5500,0.5500
2026-09-08,0,B,14:34:56.000,14:34:56.000,14:35:38.000,AtmStateInvalidation,-5.1000,42,0.3000,0.7000
2026-09-08,0,A,14:45:57.000,14:45:57.000,14:46:54.000,AtmStateInvalidation,57.1800,57,2.2000,1.4000
2026-09-08,0,B,14:57:53.000,14:57:53.000,14:58:18.000,AtmStateInvalidation,93.1100,25,0.2500,0.3500
2026-09-09,6,A,09:18:50.000,09:18:50.000,09:18:52.000,AtmStateInvalidation,1236.7100,2,0,2.9000
2026-09-09,6,A,09:19:12.000,09:19:12.000,09:19:27.000,AtmStateInvalidation,-257.7000,15,0.6500,0.8500
2026-09-09,6,B,09:21:54.000,09:21:54.000,09:22:04.000,AtmStateInvalidation,-207.2100,10,0.5500,0.1000
2026-09-09,6,B,09:22:48.000,09:22:49.000,09:22:58.000,AtmStateInvalidation,-791.5800,9,1.6500,0
2026-09-09,6,B,09:24:53.000,09:24:53.000,09:24:59.000,AtmStateInvalidation,-78.3500,6,0.4000,0.1500
2026-09-09,6,B,09:25:06.000,09:25:06.000,09:25:28.000,AtmStateInvalidation,-630.5200,22,1.2000,0
2026-09-09,6,B,09:28:28.000,09:28:28.000,09:29:04.000,AtmStateInvalidation,-273.3500,36,0.6000,1.3000
2026-09-09,6,A,09:29:04.000,09:29:04.000,09:29:17.000,AtmStateInvalidation,263.5300,13,1.3000,1.4500
2026-09-09,6,B,09:30:14.000,09:30:14.000,09:30:36.000,AtmStateInvalidation,-533.1600,22,0.8000,1.1000
2026-09-09,6,B,09:31:27.000,09:31:27.000,09:31:39.000,AtmStateInvalidation,-794.0800,12,1.3500,0
2026-09-09,6,B,09:42:47.000,09:42:47.000,09:43:32.000,AtmStateInvalidation,285.8000,45,0.2000,1.4000
2026-09-09,6,A,09:56:58.000,09:56:58.000,09:57:13.000,AtmStateInvalidation,1.4400,15,0.5500,0.8000
2026-09-09,6,A,10:02:47.000,10:02:47.000,10:02:57.000,AtmStateInvalidation,-455.6100,10,1.1500,0.3500
2026-09-09,6,A,10:03:50.000,10:03:50.000,10:04:12.000,AtmStateInvalidation,-553.4100,22,2.5000,1.7500
2026-09-09,6,A,10:07:52.000,10:07:52.000,10:08:15.000,AtmStateInvalidation,-976.9900,23,2.2500,0.4000
2026-09-09,6,B,10:13:32.000,10:13:32.000,10:13:39.000,AtmStateInvalidation,-236.3200,7,0.4000,0.2500
2026-09-09,6,B,10:29:39.000,10:29:39.000,10:29:42.000,AtmStateInvalidation,316.7100,3,0,0.9500
2026-09-09,6,A,10:30:55.000,10:30:55.000,10:31:19.000,AtmStateInvalidation,131.1400,24,1.4500,0.5000
2026-09-09,6,A,10:44:15.000,10:44:15.000,10:45:42.000,AtmStateInvalidation,-4314.8600,87,6.6000,0
2026-09-09,6,A,11:10:21.000,11:10:21.000,11:15:20.000,AtmStateInvalidation,1169.4100,299,1.6500,4.7000
2026-09-09,6,A,11:19:36.000,11:19:36.000,11:21:00.000,AtmStateInvalidation,-1722.4600,84,6.2000,0
2026-09-09,6,A,11:30:01.000,11:30:01.000,11:31:36.000,AtmStateInvalidation,-553.3100,95,3.4500,0.1500
2026-09-09,6,B,11:34:13.000,11:34:13.000,11:37:05.000,AtmStateInvalidation,-1465.6500,172,2.2500,1.3000
2026-09-09,6,A,11:57:09.000,11:57:09.000,11:57:49.000,AtmStateInvalidation,622.2900,40,1.3000,1.3500
2026-09-09,6,A,12:03:38.000,12:03:38.000,12:03:50.000,AtmStateInvalidation,-681.7100,12,1.4500,0
2026-09-09,6,A,12:03:57.000,12:03:57.000,12:04:15.000,AtmStateInvalidation,-1461.4600,18,2.2500,0.0500
2026-09-09,6,B,12:04:15.000,12:04:15.000,12:05:06.000,AtmStateInvalidation,-233.5700,51,1.1500,0.1000
2026-09-09,6,A,12:05:06.000,12:05:06.000,12:05:53.000,AtmStateInvalidation,1624.5900,47,1.7500,3.3000
2026-09-09,6,B,12:05:53.000,12:05:53.000,12:06:11.000,AtmStateInvalidation,-330.3200,18,0.6000,0.2500
2026-09-09,6,A,12:07:43.000,12:07:43.000,12:07:44.000,AtmStateInvalidation,-326.2400,1,0,0
2026-09-09,6,B,12:08:42.000,12:08:42.000,12:09:14.000,AtmStateInvalidation,91.5700,32,0.2500,0.5000
2026-09-09,6,B,12:09:24.000,12:09:24.000,12:09:46.000,AtmStateInvalidation,-720.4200,22,1.1500,0
2026-09-09,6,B,12:10:17.000,12:10:17.000,12:11:15.000,AtmStateInvalidation,-168.0000,58,0.8500,0.0500
2026-09-09,6,A,12:17:53.000,12:17:54.000,12:18:28.000,AtmStateInvalidation,228.6200,34,1.6500,1.1000
2026-09-09,6,A,12:19:08.000,12:19:08.000,12:19:46.000,AtmStateInvalidation,1591.8900,38,0.8500,2.6500
2026-09-09,6,A,12:21:58.000,12:21:58.000,12:22:39.000,AtmStateInvalidation,552.4000,41,0.5000,1.9000
2026-09-09,6,B,12:24:06.000,12:24:06.000,12:24:42.000,AtmStateInvalidation,285.6500,36,0.3500,0.8000
2026-09-09,6,A,12:39:23.000,12:39:23.000,12:39:34.000,AtmStateInvalidation,-512.8700,11,0.6000,0.8500
2026-09-09,6,A,12:40:42.000,12:40:42.000,12:40:57.000,AtmStateInvalidation,494.2600,15,0.5500,1.1000
2026-09-09,6,B,12:42:07.000,12:42:07.000,12:42:21.000,AtmStateInvalidation,313.2600,14,0.6500,1.8000
2026-09-09,6,B,12:47:54.000,12:47:54.000,12:48:25.000,AtmStateInvalidation,313.5000,31,0.9000,1.8000
2026-09-09,6,B,12:57:00.000,12:57:00.000,12:58:20.000,AtmStateInvalidation,3076.3100,80,0.5000,4.8000
2026-09-09,6,A,13:01:38.000,13:01:38.000,13:01:56.000,AtmStateInvalidation,656.2800,18,0.4000,1.2500
2026-09-09,6,A,13:05:55.000,13:05:55.000,13:06:54.000,AtmStateInvalidation,-1716.1400,59,3.5000,0.3500
2026-09-09,6,B,13:16:55.000,13:16:55.000,13:18:02.000,AtmStateInvalidation,-38.0000,67,1.5500,0.2500
2026-09-09,6,A,13:18:02.000,13:18:02.000,13:19:18.000,AtmStateInvalidation,134.2700,76,0.7500,1.1500
2026-09-09,6,B,13:27:23.000,13:27:23.000,13:28:06.000,AtmStateInvalidation,-526.5800,43,0.8000,1.6000
2026-09-09,6,A,13:44:38.000,13:44:38.000,13:45:19.000,AtmStateInvalidation,-481.1200,41,0.9500,0.7500
2026-09-09,6,B,13:51:58.000,13:51:58.000,13:54:38.000,AtmStateInvalidation,-2442.7200,160,4.3000,3.4500
2026-09-09,6,B,14:04:38.000,14:04:38.000,14:06:02.000,AtmStateInvalidation,122.1800,84,1.0000,0.8500
2026-09-09,6,A,14:06:26.000,14:06:26.000,14:07:07.000,AtmStateInvalidation,1502.1700,41,0.3500,2.7500
2026-09-09,6,A,14:07:27.000,14:07:27.000,14:10:37.000,AtmStateInvalidation,3352.2700,190,1.2500,5.8000
2026-09-09,6,A,14:30:29.000,14:30:29.000,14:30:33.000,AtmStateInvalidation,66.6900,4,0.1500,1.1500
2026-09-09,6,A,14:31:31.000,14:31:31.000,14:32:27.000,AtmStateInvalidation,1009.0000,56,0,3.0500
2026-09-09,6,B,14:55:06.000,14:55:06.000,14:55:26.000,AtmStateInvalidation,-754.7500,20,1.1500,0.2000
2026-09-09,6,B,14:56:17.000,14:56:17.000,14:56:31.000,AtmStateInvalidation,-234.7100,14,0.6500,0
2026-09-10,5,B,09:18:48.000,09:18:48.000,09:19:03.000,AtmStateInvalidation,-330.8100,15,1.9000,1.2000
2026-09-10,5,A,09:21:30.000,09:21:30.000,09:22:07.000,AtmStateInvalidation,3029.0400,37,2.5500,5.6000
2026-09-10,5,A,09:30:15.000,09:30:15.000,09:30:48.000,AtmStateInvalidation,1659.2100,33,1.3500,3.4000
2026-09-10,5,B,09:33:30.000,09:33:30.000,09:34:15.000,AtmStateInvalidation,-552.5000,45,0.8000,1.3500
2026-09-10,5,A,09:37:58.000,09:37:58.000,09:38:31.000,AtmStateInvalidation,3087.6000,33,0,4.8500
2026-09-10,5,A,09:55:43.000,09:55:43.000,09:56:38.000,AtmStateInvalidation,-2365.9000,55,3.7000,1.3000
2026-09-10,5,A,10:27:04.000,10:27:04.000,10:28:36.000,AtmStateInvalidation,2179.8400,92,0.4000,3.9500
2026-09-10,5,B,10:59:39.000,10:59:39.000,11:01:00.000,AtmStateInvalidation,1683.7200,81,0.2500,3.9500
2026-09-10,5,A,11:05:32.000,11:05:32.000,11:06:22.000,AtmStateInvalidation,-2813.4400,50,4.7000,0
2026-09-10,5,B,11:06:22.000,11:06:22.000,11:08:40.000,AtmStateInvalidation,-234.0200,138,1.1500,1.1000
2026-09-10,5,A,11:17:04.000,11:17:04.000,11:18:34.000,AtmStateInvalidation,-576.9200,90,2.4500,2.1500
2026-09-10,5,B,11:39:18.000,11:39:18.000,11:41:03.000,AtmStateInvalidation,-1752.4800,105,2.6000,0
2026-09-10,5,A,11:54:10.000,11:54:10.000,11:58:43.000,AtmStateInvalidation,235.0200,273,0.6000,4.4500
2026-09-10,5,B,11:59:50.000,11:59:50.000,12:00:29.000,AtmStateInvalidation,1200.3300,39,0.3000,2.2000
2026-09-10,5,B,12:01:37.000,12:01:37.000,12:02:30.000,AtmStateInvalidation,2012.7700,53,0.4500,3.6500
2026-09-10,5,A,12:07:59.000,12:07:59.000,12:11:23.000,AtmStateInvalidation,-2524.7800,204,3.6500,2.5500
2026-09-10,5,A,12:15:50.000,12:15:50.000,12:16:18.000,AtmStateInvalidation,239.3400,28,0.7500,0.9000
2026-09-10,5,A,12:18:35.000,12:18:35.000,12:20:26.000,AtmStateInvalidation,-1840.4100,111,3.3000,1.1500
2026-09-10,5,B,12:22:30.000,12:22:30.000,12:23:09.000,AtmStateInvalidation,-718.5800,39,1.6000,0.4000
2026-09-10,5,A,12:23:40.000,12:23:40.000,12:23:42.000,AtmStateInvalidation,-249.6400,2,0.4500,0.8500
2026-09-10,5,A,12:23:44.000,12:23:44.000,12:24:08.000,AtmStateInvalidation,-2847.8500,24,4.4500,0
2026-09-10,5,A,12:30:39.000,12:30:39.000,12:31:18.000,AtmStateInvalidation,1017.2700,39,0.4500,2.0500
2026-09-10,5,B,12:41:42.000,12:41:43.000,12:42:28.000,AtmStateInvalidation,1136.1800,45,1.6000,2.0000
2026-09-10,5,A,13:45:16.000,13:45:16.000,13:47:08.000,AtmStateInvalidation,427.9000,112,0.2500,3.2500
2026-09-10,5,B,13:51:30.000,13:51:30.000,13:53:50.000,AtmStateInvalidation,-914.1000,140,2.7500,0.6000
2026-09-10,5,A,13:55:00.000,13:55:00.000,13:55:33.000,AtmStateInvalidation,-698.2000,33,0.7500,0.3000
2026-09-10,5,B,14:07:05.000,14:07:05.000,14:08:26.000,AtmStateInvalidation,-1463.2100,81,2.3000,0
2026-09-10,5,B,14:12:15.000,14:12:15.000,14:12:58.000,AtmStateInvalidation,-293.4800,43,0.4000,0.7000
2026-09-10,5,B,14:14:01.000,14:14:01.000,14:15:42.000,AtmStateInvalidation,-585.4300,101,1.4500,1.1000
2026-09-10,5,A,14:18:07.000,14:18:07.000,14:18:34.000,AtmStateInvalidation,44.6100,27,0.5000,1.1000
2026-09-10,5,A,14:20:12.000,14:20:12.000,14:20:22.000,AtmStateInvalidation,109.6500,10,0.2500,1.0000
2026-09-10,5,A,14:24:33.000,14:24:33.000,14:26:12.000,AtmStateInvalidation,1053.0200,99,2.4000,1.9500
2026-09-10,5,A,14:37:22.000,14:37:22.000,14:37:54.000,AtmStateInvalidation,953.2500,32,0.9500,2.0500
2026-09-10,5,A,14:39:59.000,14:39:59.000,14:40:43.000,AtmStateInvalidation,2673.8400,44,2.6000,5.1000
2026-09-10,5,A,14:41:19.000,14:41:19.000,14:41:38.000,AtmStateInvalidation,-574.8000,19,1.2000,0.9500
2026-09-10,5,B,14:43:13.000,14:43:13.000,14:44:21.000,AtmStateInvalidation,1040.0200,68,0.9000,1.8500
2026-09-10,5,B,14:49:53.000,14:49:53.000,14:50:11.000,AtmStateInvalidation,1654.4900,18,0,3.1000
2026-09-10,5,B,14:51:09.000,14:51:09.000,14:51:19.000,AtmStateInvalidation,-490.1000,10,0.7000,0.2000
2026-09-10,5,B,14:52:05.000,14:52:05.000,14:52:46.000,AtmStateInvalidation,-1691.0400,41,2.5500,0.6000
2026-09-11,4,A,09:23:39.000,09:23:39.000,09:23:57.000,AtmStateInvalidation,1085.9300,18,0.1000,2.1000
2026-09-11,4,B,09:25:12.000,09:25:12.000,09:25:39.000,AtmStateInvalidation,549.4100,27,0,2.9500
2026-09-11,4,B,09:26:02.000,09:26:02.000,09:26:09.000,AtmStateInvalidation,192.1800,7,0,0.7000
2026-09-11,4,A,09:27:59.000,09:27:59.000,09:28:07.000,AtmStateInvalidation,241.9000,8,0.3500,1.4500
2026-09-11,4,A,09:28:31.000,09:28:31.000,09:28:34.000,AtmStateInvalidation,598.8300,3,0,1.5500
2026-09-11,4,A,09:29:05.000,09:29:05.000,09:29:14.000,AtmStateInvalidation,501.5400,9,0.8500,1.2500
2026-09-11,4,A,09:32:41.000,09:32:41.000,09:33:06.000,AtmStateInvalidation,1053.5500,25,1.1000,2.4500
2026-09-11,4,A,09:33:21.000,09:33:21.000,09:33:23.000,AtmStateInvalidation,-181.3900,2,0.2000,0.1500
2026-09-11,4,B,09:34:18.000,09:34:18.000,09:34:37.000,AtmStateInvalidation,-1075.7100,19,1.9500,0.1000
2026-09-11,4,A,09:35:05.000,09:35:05.000,09:35:39.000,AtmStateInvalidation,-2063.3800,34,3.3000,0
2026-09-11,4,B,09:38:29.000,09:38:29.000,09:38:45.000,AtmStateInvalidation,-296.1600,16,1.8500,0
2026-09-11,4,A,09:54:55.000,09:54:55.000,09:55:27.000,AtmStateInvalidation,-1285.4200,32,1.9000,0
2026-09-11,4,B,09:58:09.000,09:58:09.000,09:58:30.000,AtmStateInvalidation,127.8300,21,0.4500,0.4000
2026-09-11,4,A,10:01:12.000,10:01:12.000,10:01:33.000,AtmStateInvalidation,-374.2400,21,1.8000,0
2026-09-11,4,A,10:06:59.000,10:06:59.000,10:07:42.000,AtmStateInvalidation,-1455.1500,43,2.4000,0.1500
2026-09-11,4,B,10:13:23.000,10:13:23.000,10:13:30.000,AtmStateInvalidation,748.7000,7,0,2.0500
2026-09-11,4,B,10:19:56.000,10:19:56.000,10:20:37.000,AtmStateInvalidation,1169.5900,41,0.2500,2.3000
2026-09-11,4,B,10:20:39.000,10:20:39.000,10:20:51.000,AtmStateInvalidation,-520.3900,12,1.2000,0
2026-09-11,4,A,10:24:42.000,10:24:42.000,10:25:14.000,AtmStateInvalidation,987.1900,32,0.9000,2.1000
2026-09-11,4,B,10:31:41.000,10:31:41.000,10:32:06.000,AtmStateInvalidation,97.8900,25,0.3000,0.5500
2026-09-11,4,B,10:38:59.000,10:38:59.000,10:39:23.000,AtmStateInvalidation,-553.7600,24,1.2500,0.5000
2026-09-11,4,A,10:40:53.000,10:40:53.000,10:41:15.000,AtmStateInvalidation,-409.9500,22,0.4500,0.9500
2026-09-11,4,A,10:42:08.000,10:42:08.000,10:43:22.000,AtmStateInvalidation,-962.7100,74,1.5000,0.6500
2026-09-11,4,A,11:04:22.000,11:04:22.000,11:05:02.000,AtmStateInvalidation,-443.4000,40,1.4000,0.7500
2026-09-11,4,B,11:07:58.000,11:07:58.000,11:08:33.000,AtmStateInvalidation,-489.1900,35,0.8500,0.9500
2026-09-11,4,B,11:10:46.000,11:10:46.000,11:11:02.000,AtmStateInvalidation,1296.7300,16,0,2.3500
2026-09-11,4,A,11:20:22.000,11:20:22.000,11:20:32.000,AtmStateInvalidation,716.5400,10,0,1.8000
2026-09-11,4,A,11:21:51.000,11:21:51.000,11:22:01.000,AtmStateInvalidation,-64.1900,10,0.3000,0.6000
2026-09-11,4,B,11:22:22.000,11:22:22.000,11:22:30.000,AtmStateInvalidation,157.2200,8,0,1.9000
2026-09-11,4,B,11:23:37.000,11:23:37.000,11:23:55.000,AtmStateInvalidation,1163.7000,18,0,3.0000
2026-09-11,4,A,11:27:00.000,11:27:00.000,11:27:22.000,AtmStateInvalidation,781.8100,22,0,1.6500
2026-09-11,4,A,11:27:52.000,11:27:52.000,11:28:20.000,AtmStateInvalidation,1171.6900,28,0.6500,2.5000
2026-09-11,4,A,11:35:59.000,11:35:59.000,11:36:46.000,AtmStateInvalidation,-2650.9800,47,4.2000,0
2026-09-11,4,B,11:44:28.000,11:44:28.000,11:44:54.000,AtmStateInvalidation,-257.5600,26,0.8000,1.2000
2026-09-11,4,B,11:46:36.000,11:46:36.000,11:47:06.000,AtmStateInvalidation,-712.2600,30,1.2000,0.8000
2026-09-11,4,A,11:47:22.000,11:47:22.000,11:47:46.000,AtmStateInvalidation,-449.8600,24,2.2500,0.0500
2026-09-11,4,A,11:57:44.000,11:57:44.000,11:58:51.000,AtmStateInvalidation,-1199.6600,67,2.2000,1.7500
2026-09-11,4,B,12:00:27.000,12:00:27.000,12:02:59.000,AtmStateInvalidation,-2115.7500,152,3.6000,0.8000
2026-09-11,4,A,12:03:23.000,12:03:23.000,12:04:09.000,AtmStateInvalidation,-797.5300,46,1.4500,1.1500
2026-09-11,4,A,12:34:05.000,12:34:05.000,12:34:50.000,AtmStateInvalidation,-1416.0900,45,3.7000,0.1500
2026-09-11,4,B,12:36:23.000,12:36:23.000,12:37:16.000,AtmStateInvalidation,-1854.2300,53,3.8500,1.3000
2026-09-11,4,B,12:37:39.000,12:37:39.000,12:38:34.000,AtmStateInvalidation,939.5100,55,0.5000,2.6500
2026-09-11,4,A,12:38:51.000,12:38:51.000,12:38:56.000,AtmStateInvalidation,-505.5800,5,0.6000,0
2026-09-11,4,A,12:39:02.000,12:39:02.000,12:39:05.000,AtmStateInvalidation,-245.7200,3,0.5000,0.1000
2026-09-11,4,A,12:40:47.000,12:40:47.000,12:40:57.000,AtmStateInvalidation,-506.1100,10,0.6500,0
2026-09-11,4,A,12:41:03.000,12:41:03.000,12:41:49.000,AtmStateInvalidation,-1447.8300,46,2.2500,0.4500
2026-09-11,4,B,12:44:26.000,12:44:26.000,12:45:12.000,AtmStateInvalidation,-944.4500,46,2.4500,0.3000
2026-09-11,4,A,12:48:33.000,12:48:33.000,12:49:01.000,AtmStateInvalidation,-2195.0500,28,3.3000,0
2026-09-11,4,A,12:50:53.000,12:50:53.000,12:51:28.000,AtmStateInvalidation,468.0000,35,0.8000,1.2500
2026-09-11,4,A,12:52:31.000,12:52:31.000,12:53:03.000,AtmStateInvalidation,-635.8200,32,1.9500,0.1000
2026-09-11,4,B,12:53:13.000,12:53:13.000,12:53:52.000,AtmStateInvalidation,680.9400,39,0.2000,1.4000
2026-09-11,4,B,12:54:10.000,12:54:10.000,12:54:13.000,AtmStateInvalidation,30.8300,3,0.3000,0.4500
2026-09-11,4,B,12:54:16.000,12:54:16.000,12:54:33.000,AtmStateInvalidation,193.0100,17,0.8500,0.5500
2026-09-11,4,B,12:55:35.000,12:55:35.000,12:55:42.000,AtmStateInvalidation,-326.6900,7,0.4000,0.2000
2026-09-11,4,A,12:57:26.000,12:57:26.000,12:57:56.000,AtmStateInvalidation,-375.1300,30,1.0000,0.3000
2026-09-11,4,B,12:59:01.000,12:59:01.000,12:59:20.000,AtmStateInvalidation,-1074.9800,19,2.0500,0
2026-09-11,4,B,13:00:03.000,13:00:03.000,13:00:45.000,AtmStateInvalidation,-1463.7400,42,2.6500,0
2026-09-11,4,A,13:01:26.000,13:01:26.000,13:03:12.000,AtmStateInvalidation,-376.1700,106,2.4500,0.9000
2026-09-11,4,A,13:15:57.000,13:15:57.000,13:18:25.000,AtmStateInvalidation,-508.5400,148,3.9000,0.6500
2026-09-11,4,B,13:31:21.000,13:31:21.000,13:32:19.000,AtmStateInvalidation,1623.0100,58,1.3000,3.4500
2026-09-11,4,B,13:32:38.000,13:32:38.000,13:33:49.000,AtmStateInvalidation,-2828.4300,71,4.6000,1.1000
2026-09-11,4,B,13:38:34.000,13:38:34.000,13:39:01.000,AtmStateInvalidation,-584.3700,27,1.4000,0.3000
2026-09-11,4,A,13:41:19.000,13:41:19.000,13:41:23.000,AtmStateInvalidation,3455.3000,4,0.3500,10.0500
2026-09-11,4,B,13:46:05.000,13:46:05.000,13:46:39.000,AtmStateInvalidation,360.3400,34,1.2500,1.1000
2026-09-11,4,A,13:48:43.000,13:48:43.000,13:49:16.000,AtmStateInvalidation,-279.6200,33,0.9500,1.1000
2026-09-11,4,B,13:52:06.000,13:52:06.000,13:52:22.000,AtmStateInvalidation,292.4400,16,0.1500,1.5000
2026-09-11,4,B,13:54:01.000,13:54:01.000,13:54:14.000,AtmStateInvalidation,96.6500,13,1.3000,6.0000
2026-09-11,4,B,14:21:29.000,14:21:29.000,14:21:46.000,AtmStateInvalidation,805.8000,17,0.5500,1.5500
2026-09-11,4,B,14:21:56.000,14:21:56.000,14:22:17.000,AtmStateInvalidation,-331.0300,21,1.5000,0.7000
2026-09-11,4,A,14:33:16.000,14:33:16.000,14:33:48.000,AtmStateInvalidation,109.1600,32,1.1500,1.4500
2026-09-11,4,A,14:39:47.000,14:39:47.000,14:41:28.000,AtmStateInvalidation,-1124.4000,101,2.4000,1.6000
2026-09-11,4,B,14:43:16.000,14:43:16.000,14:44:44.000,AtmStateInvalidation,-292.2600,88,1.2500,0.7000
2026-09-11,4,B,14:56:11.000,14:56:11.000,14:58:02.000,AtmStateInvalidation,-1331.2800,111,2.0000,0.9500
2026-09-11,4,A,14:58:02.000,14:58:02.000,15:00:32.000,AtmStateInvalidation,724.7500,150,2.6500,1.9000
2026-09-15,0,A,09:24:26.000,09:24:26.000,09:24:32.000,AtmStateInvalidation,1371.6000,6,0.1000,2.2500
2026-09-15,0,A,09:28:57.000,09:28:57.000,09:29:24.000,AtmStateInvalidation,-162.1800,27,1.2000,0.9500
2026-09-15,0,A,09:30:19.000,09:30:19.000,09:30:24.000,AtmStateInvalidation,-973.1100,5,1.4500,0
2026-09-15,0,A,09:32:51.000,09:32:51.000,09:33:14.000,AtmStateInvalidation,2176.8500,23,1.1500,3.6000
2026-09-15,0,A,09:35:53.000,09:35:53.000,09:36:06.000,AtmStateInvalidation,1624.5500,13,0,2.9000
2026-09-15,0,B,10:00:44.000,10:00:44.000,10:01:08.000,AtmStateInvalidation,-56.3300,24,0.5000,1.2000
2026-09-15,0,B,10:04:25.000,10:04:25.000,10:04:27.000,AtmStateInvalidation,235.9700,2,0,0.6000
2026-09-15,0,B,10:04:34.000,10:04:34.000,10:04:35.000,AtmStateInvalidation,-121.8300,1,0,0.4000
2026-09-15,0,B,10:04:40.000,10:04:40.000,10:04:42.000,AtmStateInvalidation,430.7500,2,0,0.8500
2026-09-15,0,A,10:07:35.000,10:07:35.000,10:07:48.000,AtmStateInvalidation,-820.4400,13,1.5500,0.1500
2026-09-15,0,A,10:08:08.000,10:08:08.000,10:08:15.000,AtmStateInvalidation,-690.0800,7,0.9000,0.3000
2026-09-15,0,A,10:23:49.000,10:23:49.000,10:24:33.000,AtmStateInvalidation,-137.4100,44,1.7500,0.6500
2026-09-15,0,A,10:25:16.000,10:25:16.000,10:25:51.000,AtmStateInvalidation,219.1300,35,1.7000,0.4000
2026-09-15,0,B,10:26:53.000,10:26:53.000,10:27:14.000,AtmStateInvalidation,-185.0500,21,0.8500,0.2000
2026-09-15,0,B,10:35:15.000,10:35:15.000,10:37:05.000,AtmStateInvalidation,1637.5300,110,0,2.8500
2026-09-15,0,B,10:50:00.000,10:50:00.000,10:50:48.000,AtmStateInvalidation,1341.3800,48,0.7000,3.4000
2026-09-15,0,A,10:50:48.000,10:50:48.000,10:51:51.000,AtmStateInvalidation,4121.8900,63,0,6.9000
2026-09-15,0,A,10:53:12.000,10:53:12.000,10:53:12.000,AtmStateInvalidation,-167.8400,0,0,0
2026-09-15,0,B,11:05:28.000,11:05:28.000,11:06:10.000,AtmStateInvalidation,-1055.2300,42,1.7500,0.1500
2026-09-15,0,A,11:07:05.000,11:07:05.000,11:07:40.000,AtmStateInvalidation,1361.7700,35,0.6500,3.7500
2026-09-15,0,A,11:30:16.000,11:30:16.000,11:30:44.000,AtmStateInvalidation,2311.9300,28,0.0500,4.0000
2026-09-15,0,A,11:31:30.000,11:31:30.000,11:31:50.000,AtmStateInvalidation,-124.1900,20,0.9500,0.9500
2026-09-15,0,B,11:41:15.000,11:41:15.000,11:41:32.000,AtmStateInvalidation,-671.7300,17,1.2000,0.4500
2026-09-15,0,A,11:42:11.000,11:42:11.000,11:42:29.000,AtmStateInvalidation,450.6700,18,0.0500,1.5500
2026-09-15,0,A,11:43:11.000,11:43:11.000,11:43:14.000,AtmStateInvalidation,124.8400,3,0,0.3500
2026-09-15,0,A,11:43:24.000,11:43:24.000,11:44:34.000,AtmStateInvalidation,-4747.2300,70,8.7000,0
2026-09-15,0,B,11:44:33.000,11:44:33.000,11:46:25.000,AtmStateInvalidation,-858.9300,112,1.7500,0.7500
2026-09-15,0,A,11:47:59.000,11:47:59.000,11:49:26.000,AtmStateInvalidation,-360.1800,87,2.9500,1.4500
2026-09-15,0,A,11:50:46.000,11:50:46.000,11:54:13.000,AtmStateInvalidation,3569.1100,207,1.6500,7.9500
2026-09-15,0,B,12:02:21.000,12:02:21.000,12:02:46.000,AtmStateInvalidation,1155.8800,25,0.1000,2.0000
2026-09-15,0,B,12:04:14.000,12:04:14.000,12:04:32.000,AtmStateInvalidation,108.1400,18,0.7500,0.5500
2026-09-15,0,A,12:12:06.000,12:12:06.000,12:13:33.000,AtmStateInvalidation,1913.5600,87,1.0000,4.2000
2026-09-15,0,B,12:28:47.000,12:28:47.000,12:31:09.000,AtmStateInvalidation,-2902.3900,142,4.5000,0.8500
2026-09-15,0,A,12:57:11.000,12:57:11.000,12:58:26.000,AtmStateInvalidation,1111.8500,75,1.4000,2.3000
2026-09-15,0,A,13:02:28.000,13:02:28.000,13:03:11.000,AtmStateInvalidation,2959.7100,43,1.8500,5.0000
2026-09-15,0,A,13:04:23.000,13:04:23.000,13:05:19.000,AtmStateInvalidation,-2594.9600,56,5.0500,0
2026-09-15,0,B,13:05:19.000,13:05:19.000,13:09:02.000,AtmStateInvalidation,-1214.5900,223,2.5500,1.4500
2026-09-15,0,A,13:10:29.000,13:10:29.000,13:11:18.000,AtmStateInvalidation,7961.5500,49,1.0500,12.3000
2026-09-15,0,A,13:16:34.000,13:16:34.000,13:16:58.000,AtmStateInvalidation,3961.5500,24,0.2500,6.3500
2026-09-15,0,B,13:20:35.000,13:20:35.000,13:21:31.000,AtmStateInvalidation,-634.3200,56,1.7500,0
2026-09-15,0,A,13:23:45.000,13:23:45.000,13:24:32.000,AtmStateInvalidation,-1528.4800,47,3.4500,1.3000
2026-09-15,0,B,13:26:03.000,13:26:03.000,13:27:56.000,AtmStateInvalidation,1348.4000,113,0.5000,4.0000
2026-09-15,0,B,13:36:04.000,13:36:04.000,13:36:21.000,AtmStateInvalidation,213.3000,17,0.3500,0.4000
2026-09-15,0,B,13:37:33.000,13:37:33.000,13:38:28.000,AtmStateInvalidation,-858.0400,55,1.3000,1.1500
2026-09-15,0,A,13:38:38.000,13:38:38.000,13:38:58.000,AtmStateInvalidation,-641.8800,20,1.4500,0
2026-09-15,0,A,13:39:32.000,13:39:32.000,13:40:03.000,AtmStateInvalidation,950.2800,31,0,1.6500
2026-09-15,0,B,13:45:18.000,13:45:18.000,13:45:52.000,AtmStateInvalidation,864.1500,34,0.1500,1.5000
2026-09-15,0,B,13:47:48.000,13:47:48.000,13:48:20.000,AtmStateInvalidation,-338.0600,32,0.7500,0.1000
2026-09-15,0,A,13:55:57.000,13:55:57.000,13:57:04.000,AtmStateInvalidation,-707.0200,67,3.6000,2.4500
2026-09-15,0,B,14:00:00.000,14:00:00.000,14:00:08.000,AtmStateInvalidation,-80.0900,8,0.4000,0
2026-09-15,0,A,14:02:43.000,14:02:43.000,14:04:02.000,AtmStateInvalidation,-869.5400,79,2.6500,0.6500
2026-09-15,0,A,14:07:03.000,14:07:03.000,14:08:09.000,AtmStateInvalidation,2638.1100,66,1.7500,4.7500
2026-09-15,0,B,14:08:43.000,14:08:43.000,14:09:30.000,AtmStateInvalidation,-1994.4600,47,3.6500,0
2026-09-15,0,A,14:14:59.000,14:14:59.000,14:15:05.000,AtmStateInvalidation,2920.4700,6,0,4.7500
2026-09-15,0,B,14:20:30.000,14:20:30.000,14:20:46.000,AtmStateInvalidation,-273.5500,16,1.1000,0.2500
2026-09-15,0,A,14:24:19.000,14:24:19.000,14:24:27.000,AtmStateInvalidation,-450.8800,8,1.6500,0
2026-09-15,0,A,14:24:42.000,14:24:42.000,14:24:53.000,AtmStateInvalidation,-581.4700,11,1.1500,0.1500
2026-09-15,0,A,14:32:34.000,14:32:34.000,14:32:49.000,AtmStateInvalidation,165.2200,15,0.4000,1.5500
2026-09-15,0,B,14:38:10.000,14:38:10.000,14:39:03.000,AtmStateInvalidation,1350.2100,53,0.7500,2.4000
2026-09-15,0,B,14:42:38.000,14:42:38.000,14:42:44.000,AtmStateInvalidation,-1088.8500,6,2.3500,0
2026-09-15,0,B,14:43:07.000,14:43:07.000,14:43:22.000,AtmStateInvalidation,-664.6900,15,1.1500,0.4000
2026-09-15,0,B,14:44:02.000,14:44:02.000,14:44:07.000,AtmStateInvalidation,-632.1200,5,1.0500,0
2026-09-15,0,A,14:46:09.000,14:46:09.000,14:46:22.000,AtmStateInvalidation,-711.3200,13,1.7500,0.7500
2026-09-15,0,B,14:56:26.000,14:56:27.000,14:56:33.000,AtmStateInvalidation,-277.0600,6,0.4500,0
2026-09-15,0,B,14:56:44.000,14:56:44.000,14:56:54.000,AtmStateInvalidation,-439.0300,10,0.8500,0.1500
2026-09-15,0,A,14:59:07.000,14:59:07.000,14:59:19.000,AtmStateInvalidation,-283.9900,12,2.6500,0
2026-09-15,0,A,14:59:55.000,14:59:56.000,15:00:25.000,AtmStateInvalidation,-120.6800,29,0.5000,1.5000
2026-09-16,6,A,09:22:12.000,09:22:12.000,09:22:44.000,AtmStateInvalidation,94.0100,32,0.3500,6.7500
2026-09-16,6,B,09:23:16.000,09:23:16.000,09:23:41.000,AtmStateInvalidation,589.3100,25,0,2.0000
2026-09-16,6,A,09:37:10.000,09:37:10.000,09:37:32.000,AtmStateInvalidation,-1307.7600,22,3.9000,0
2026-09-16,6,A,09:45:34.000,09:45:34.000,09:45:37.000,AtmStateInvalidation,-494.8100,3,0.8500,0.1500
2026-09-16,6,A,09:45:44.000,09:45:44.000,09:45:56.000,AtmStateInvalidation,-1078.3700,12,1.6500,1.8500
2026-09-16,6,A,09:47:16.000,09:47:16.000,09:47:26.000,AtmStateInvalidation,706.7900,10,0,1.8000
2026-09-16,6,A,09:58:36.000,09:58:36.000,09:59:03.000,AtmStateInvalidation,-694.1800,27,2.2500,0.9000
2026-09-16,6,A,09:59:31.000,09:59:31.000,10:00:28.000,AtmStateInvalidation,-1276.8400,57,7.3500,0
2026-09-16,6,A,10:20:53.000,10:20:53.000,10:22:04.000,AtmStateInvalidation,830.9600,71,0.3500,6.3500
2026-09-16,6,A,10:29:27.000,10:29:27.000,10:30:34.000,AtmStateInvalidation,-983.7500,67,1.9500,2.0000
2026-09-16,6,B,10:32:37.000,10:32:37.000,10:33:12.000,AtmStateInvalidation,-578.0100,35,1.0000,3.5500
2026-09-16,6,B,10:36:18.000,10:36:18.000,10:36:58.000,AtmStateInvalidation,1435.0600,40,0,4.4000
2026-09-16,6,A,10:39:27.000,10:39:27.000,10:40:04.000,AtmStateInvalidation,-1567.9400,37,2.4500,1.5000
2026-09-16,6,B,10:40:04.000,10:40:04.000,10:42:06.000,AtmStateInvalidation,70.4200,122,0.4500,3.6000
2026-09-16,6,B,10:52:22.000,10:52:22.000,10:52:49.000,AtmStateInvalidation,878.0500,27,0.7500,1.8000
2026-09-16,6,B,10:53:05.000,10:53:05.000,10:55:08.000,AtmStateInvalidation,-6008.4800,123,9.2500,1.1500
2026-09-16,6,B,11:00:20.000,11:00:20.000,11:01:12.000,AtmStateInvalidation,1855.4700,52,0.7500,5.2500
2026-09-16,6,A,11:14:33.000,11:14:33.000,11:18:22.000,AtmStateInvalidation,-3383.7800,229,7.6000,2.7000
2026-09-16,6,A,11:34:42.000,11:34:42.000,11:34:56.000,AtmStateInvalidation,409.9700,14,1.3000,1.1000
2026-09-16,6,B,11:37:59.000,11:38:00.000,11:38:43.000,AtmStateInvalidation,3669.8800,43,0,8.4500
2026-09-16,6,A,11:45:35.000,11:45:35.000,11:45:43.000,AtmStateInvalidation,-76.6400,8,0.8500,0.4500
2026-09-16,6,B,11:59:45.000,11:59:45.000,12:00:05.000,AtmStateInvalidation,-61.2400,20,1.5500,0.6000
2026-09-16,6,B,12:00:09.000,12:00:09.000,12:03:10.000,AtmStateInvalidation,-4252.3800,181,8.1000,0.1000
2026-09-16,6,A,12:15:18.000,12:15:18.000,12:16:45.000,AtmStateInvalidation,-2544.1400,87,3.8000,2.1500
2026-09-16,6,B,12:23:32.000,12:23:32.000,12:27:54.000,AtmStateInvalidation,-3758.3800,262,6.6500,0.6000
2026-09-16,6,B,12:42:13.000,12:42:13.000,12:44:25.000,AtmStateInvalidation,4522.3300,132,1.7000,8.6500
2026-09-16,6,A,12:48:17.000,12:48:17.000,12:48:53.000,AtmStateInvalidation,2368.4000,36,0.0500,4.5000
2026-09-16,6,A,12:51:55.000,12:51:55.000,12:52:39.000,AtmStateInvalidation,-361.6400,44,0.4000,1.6500
2026-09-16,6,B,12:53:53.000,12:53:53.000,12:54:51.000,AtmStateInvalidation,-1033.2600,58,1.3500,1.7000
2026-09-16,6,A,13:03:48.000,13:03:48.000,13:05:04.000,AtmStateInvalidation,-4032.3800,76,6.7500,0.1000
2026-09-16,6,B,13:16:47.000,13:16:47.000,13:16:53.000,AtmStateInvalidation,-450.8800,6,1.1000,0.0500
2026-09-16,6,B,13:16:54.000,13:16:54.000,13:17:05.000,AtmStateInvalidation,-1717.4200,11,4.5500,0
2026-09-16,6,A,13:17:05.000,13:17:05.000,13:18:10.000,AtmStateInvalidation,-3281.4000,65,4.9500,1.7000
2026-09-16,6,A,13:37:39.000,13:37:39.000,13:38:13.000,AtmStateInvalidation,-1959.3800,34,2.8500,0
2026-09-16,6,A,13:46:41.000,13:46:41.000,13:47:42.000,AtmStateInvalidation,-3121.0800,61,5.4500,0
2026-09-16,6,A,13:48:57.000,13:48:57.000,13:50:04.000,AtmStateInvalidation,-846.7100,67,3.2000,2.3500
2026-09-16,6,B,13:50:04.000,13:50:04.000,13:53:17.000,AtmStateInvalidation,654.0200,193,1.6000,4.1000
2026-09-16,6,B,14:00:11.000,14:00:11.000,14:01:29.000,AtmStateInvalidation,2470.7300,78,0.7000,3.9000
2026-09-16,6,B,14:11:07.000,14:11:07.000,14:12:18.000,AtmStateInvalidation,294.9200,71,1.2500,1.5000
2026-09-16,6,B,14:25:01.000,14:25:01.000,14:27:58.000,AtmStateInvalidation,-1427.9700,177,3.7500,1.1000
2026-09-16,6,A,14:35:12.000,14:35:12.000,14:37:50.000,AtmStateInvalidation,315.0700,158,6.6500,3.1500
2026-09-16,6,A,14:43:09.000,14:43:09.000,14:44:03.000,AtmStateInvalidation,-2663.6800,54,4.0500,1.2000
2026-09-16,6,B,14:53:12.000,14:53:12.000,14:54:39.000,AtmStateInvalidation,-2011.8500,87,2.8000,1.2500
2026-09-16,6,B,14:55:24.000,14:55:24.000,14:56:12.000,AtmStateInvalidation,2112.5400,48,1.5500,3.9000
2026-09-16,6,A,14:59:17.000,14:59:17.000,14:59:47.000,AtmStateInvalidation,2070.4500,30,1.2000,3.8000
2026-09-17,5,A,09:18:27.000,09:18:27.000,09:18:35.000,AtmStateInvalidation,-1328.1500,8,3.2500,0.9500
2026-09-17,5,A,09:38:19.000,09:38:19.000,09:38:41.000,AtmStateInvalidation,133.5300,22,1.0000,2.0000
2026-09-17,5,A,09:45:23.000,09:45:23.000,09:46:01.000,AtmStateInvalidation,815.5500,38,0.2000,3.1000
2026-09-17,5,B,09:46:01.000,09:46:01.000,09:47:01.000,AtmStateInvalidation,1254.9100,60,1.4000,2.6500
2026-09-17,5,B,10:09:06.000,10:09:06.000,10:09:36.000,AtmStateInvalidation,246.1700,30,1.6000,1.1000
2026-09-17,5,B,10:10:12.000,10:10:12.000,10:10:42.000,AtmStateInvalidation,-501.9200,30,1.4500,0.4000
2026-09-17,5,B,10:14:38.000,10:14:38.000,10:14:54.000,AtmStateInvalidation,-81.0300,16,0.8500,0.6000
2026-09-17,5,A,10:27:57.000,10:27:57.000,10:28:30.000,AtmStateInvalidation,-611.8700,33,1.5000,1.0000
2026-09-17,5,A,10:35:13.000,10:35:13.000,10:35:33.000,AtmStateInvalidation,-215.0300,20,0.4000,2.6500
2026-09-17,5,A,10:50:18.000,10:50:18.000,10:53:29.000,AtmStateInvalidation,-1256.6300,191,4.0500,1.1500
2026-09-17,5,B,10:53:29.000,10:53:29.000,10:53:45.000,AtmStateInvalidation,-697.4500,16,1.0500,0.1500
2026-09-17,5,B,10:55:08.000,10:55:08.000,10:56:55.000,AtmStateInvalidation,1186.5100,107,1.5000,2.5000
2026-09-17,5,A,10:59:51.000,10:59:51.000,11:01:07.000,AtmStateInvalidation,4135.0000,76,0.5000,7.1000
2026-09-17,5,A,11:22:52.000,11:22:52.000,11:23:15.000,AtmStateInvalidation,-1425.6500,23,2.8000,0
2026-09-17,5,A,11:27:13.000,11:27:13.000,11:29:11.000,AtmStateInvalidation,-1912.3400,118,2.8500,3.5500
2026-09-17,5,A,11:54:57.000,11:54:57.000,11:56:33.000,AtmStateInvalidation,-3015.7200,96,5.8500,0.2000
2026-09-17,5,A,12:05:26.000,12:05:26.000,12:06:01.000,AtmStateInvalidation,-1907.1800,35,3.0000,0.6000
2026-09-17,5,B,12:14:26.000,12:14:26.000,12:14:58.000,AtmStateInvalidation,-1893.8400,32,3.0500,0.8500
2026-09-17,5,A,12:20:56.000,12:20:56.000,12:21:50.000,AtmStateInvalidation,41.0900,54,0.7000,1.1000
2026-09-17,5,A,12:47:50.000,12:47:50.000,12:49:05.000,AtmStateInvalidation,494.4500,75,0.6500,1.7500
2026-09-17,5,B,12:58:21.000,12:58:21.000,13:01:00.000,AtmStateInvalidation,218.7500,159,2.8000,0.8000
2026-09-17,5,B,13:11:20.000,13:11:20.000,13:13:52.000,AtmStateInvalidation,-1119.5000,152,2.0000,2.3500
2026-09-17,5,B,13:47:11.000,13:47:11.000,13:47:12.000,AtmStateInvalidation,-143.2400,1,0,0.8000
2026-09-17,5,B,13:47:34.000,13:47:34.000,13:47:34.000,AtmStateInvalidation,-175.2800,0,0,0
2026-09-17,5,A,14:12:40.000,14:12:40.000,14:14:56.000,AtmStateInvalidation,-376.7200,136,3.5000,1.2000
2026-09-17,5,B,14:18:16.000,14:18:16.000,14:19:30.000,AtmStateInvalidation,3072.1000,74,0,5.8500
2026-09-17,5,A,14:33:17.000,14:33:17.000,14:33:56.000,AtmStateInvalidation,-180.9800,39,2.1000,0.1500
2026-09-17,5,A,14:51:22.000,14:51:22.000,14:52:21.000,AtmStateInvalidation,-1551.6500,59,2.4500,0.2000
2026-09-18,4,A,09:35:33.000,09:35:34.000,09:36:18.000,AtmStateInvalidation,-5469.8500,44,8.6000,0.1000
2026-09-18,4,B,09:47:12.000,09:47:12.000,09:49:46.000,AtmStateInvalidation,-1792.2900,154,2.7000,4.1500
2026-09-18,4,B,09:50:21.000,09:50:21.000,09:51:01.000,AtmStateInvalidation,-2961.7200,40,4.7000,0.2000
2026-09-18,4,A,09:51:23.000,09:51:23.000,09:52:28.000,AtmStateInvalidation,-1316.6600,65,1.9500,1.8000
2026-09-18,4,B,09:54:44.000,09:54:44.000,09:55:13.000,AtmStateInvalidation,3046.4500,29,0.2500,4.8500
2026-09-18,4,A,09:58:23.000,09:58:23.000,09:59:38.000,AtmStateInvalidation,-2320.7000,75,4.7500,0
2026-09-18,4,B,10:00:18.000,10:00:18.000,10:01:11.000,AtmStateInvalidation,1649.4200,53,0.5500,3.2500
2026-09-18,4,A,10:03:51.000,10:03:51.000,10:05:25.000,AtmStateInvalidation,-2288.8700,94,4.6000,0.9000
2026-09-18,4,A,10:13:15.000,10:13:15.000,10:13:58.000,AtmStateInvalidation,-2092.0700,43,4.2000,0.5500
2026-09-18,4,B,10:13:58.000,10:13:58.000,10:14:58.000,AtmStateInvalidation,-885.0200,60,2.2500,0.2000
2026-09-18,4,A,10:22:44.000,10:22:45.000,10:24:48.000,AtmStateInvalidation,3038.1400,123,2.6000,6.0000
2026-09-18,4,A,10:29:19.000,10:29:19.000,10:30:16.000,AtmStateInvalidation,-2029.8300,57,3.6000,3.0000
2026-09-18,4,B,10:38:42.000,10:38:42.000,10:40:02.000,AtmStateInvalidation,-1887.0900,80,3.4000,0.9500
2026-09-18,4,A,10:40:02.000,10:40:02.000,10:40:23.000,AtmStateInvalidation,760.6600,21,1.0000,1.5500
2026-09-18,4,A,10:40:45.000,10:40:45.000,10:41:57.000,AtmStateInvalidation,-2325.6800,72,3.8000,1.0500
2026-09-18,4,B,10:43:09.000,10:43:09.000,10:46:34.000,AtmStateInvalidation,907.0800,205,0.9500,2.2000
2026-09-18,4,A,10:55:59.000,10:55:59.000,10:58:37.000,AtmStateInvalidation,1023.5700,158,1.3500,2.6500
2026-09-18,4,A,11:26:14.000,11:26:14.000,11:29:04.000,AtmStateInvalidation,153.5200,170,1.8000,1.0000
2026-09-18,4,B,11:30:19.000,11:30:19.000,11:30:22.000,AtmStateInvalidation,-11.4000,3,0.1500,0.5000
2026-09-18,4,B,11:30:55.000,11:30:56.000,11:32:06.000,AtmStateInvalidation,-822.8200,70,5.3000,0.3500
2026-09-18,4,A,11:34:53.000,11:34:53.000,11:36:56.000,AtmStateInvalidation,-1177.5800,123,2.1000,1.1500
2026-09-18,4,B,12:10:01.000,12:10:01.000,12:13:16.000,AtmStateInvalidation,1458.4400,195,0.4500,4.0000
2026-09-18,4,A,12:18:02.000,12:18:02.000,12:19:01.000,AtmStateInvalidation,-369.6100,59,0.8000,0.9000
2026-09-18,4,A,12:22:44.000,12:22:44.000,12:25:51.000,AtmStateInvalidation,-175.2000,187,4.4000,1.8500
2026-09-18,4,B,12:44:42.000,12:44:42.000,12:47:00.000,AtmStateInvalidation,-752.4800,138,3.5000,0
2026-09-18,4,A,12:53:26.000,12:53:26.000,12:56:11.000,AtmStateInvalidation,-2510.4200,165,3.7500,0.4000
2026-09-18,4,B,12:58:23.000,12:58:23.000,13:02:23.000,AtmStateInvalidation,1164.4800,240,1.9500,2.6500
2026-09-18,4,A,13:22:32.000,13:22:32.000,13:26:19.000,AtmStateInvalidation,-560.8100,227,3.2500,0.5000
2026-09-18,4,A,13:29:22.000,13:29:22.000,13:30:51.000,AtmStateInvalidation,-1113.0800,89,2.4500,0.8500
2026-09-18,4,B,13:32:50.000,13:32:50.000,13:34:37.000,AtmStateInvalidation,-392.7400,107,0.5000,2.2000
2026-09-18,4,B,13:47:35.000,13:47:35.000,13:48:05.000,AtmStateInvalidation,1235.3000,30,0,3.0500
2026-09-18,4,B,13:51:18.000,13:51:18.000,13:52:16.000,AtmStateInvalidation,2468.3300,58,0,5.2500
2026-09-18,4,B,13:55:45.000,13:55:45.000,13:57:02.000,AtmStateInvalidation,485.1600,77,2.3500,1.0500
2026-09-18,4,A,13:59:01.000,13:59:01.000,13:59:55.000,AtmStateInvalidation,738.7200,54,0.4500,1.5000
2026-09-18,4,A,14:24:56.000,14:24:56.000,14:25:11.000,AtmStateInvalidation,-242.3100,15,1.1000,0.2500
2026-09-18,4,B,14:32:09.000,14:32:09.000,14:33:01.000,AtmStateInvalidation,2631.6100,52,0,4.1000
2026-09-18,4,B,14:34:04.000,14:34:04.000,14:34:29.000,AtmStateInvalidation,941.5700,25,0,2.6000
2026-09-18,4,B,14:35:32.000,14:35:32.000,14:35:32.000,AtmStateInvalidation,-162.6000,0,0,0
2026-09-18,4,A,14:35:39.000,14:35:39.000,14:36:07.000,AtmStateInvalidation,-400.3800,28,1.0500,0.3500
2026-09-18,4,A,14:36:47.000,14:36:47.000,14:36:52.000,AtmStateInvalidation,314.2800,5,0.3000,0.5000
2026-09-18,4,A,14:36:53.000,14:36:53.000,14:36:54.000,AtmStateInvalidation,-238.0800,1,0,0.2000
2026-09-18,4,A,14:36:55.000,14:36:55.000,14:37:05.000,AtmStateInvalidation,-855.2000,10,1.2500,0.4500
2026-09-18,4,A,14:37:21.000,14:37:21.000,14:37:43.000,AtmStateInvalidation,-562.9000,22,1.1500,0.0500
2026-09-21,1,B,09:20:44.000,09:20:44.000,09:20:56.000,AtmStateInvalidation,-1618.2800,12,2.6000,0
2026-09-21,1,A,09:20:56.000,09:20:56.000,09:21:34.000,AtmStateInvalidation,-717.4600,38,3.9000,0
2026-09-21,1,B,09:24:04.000,09:24:04.000,09:25:09.000,AtmStateInvalidation,-1747.9500,65,3.0500,0.6500
2026-09-21,1,B,09:33:23.000,09:33:23.000,09:34:01.000,AtmStateInvalidation,-646.9900,38,1.7000,0
2026-09-21,1,A,09:35:29.000,09:35:29.000,09:35:57.000,AtmStateInvalidation,-1297.5400,28,2.1500,0.1500
2026-09-21,1,B,09:44:04.000,09:44:04.000,09:44:26.000,AtmStateInvalidation,330.1400,22,0.7000,0.7000
2026-09-21,1,A,09:58:59.000,09:58:59.000,10:01:20.000,AtmStateInvalidation,552.9700,141,3.0500,1.6000
2026-09-21,1,A,10:13:17.000,10:13:17.000,10:13:46.000,AtmStateInvalidation,1590.4700,29,0,2.6000
2026-09-21,1,A,10:17:54.000,10:17:54.000,10:20:25.000,AtmStateInvalidation,-2114.1900,151,4.5000,0.6500
2026-09-21,1,B,10:22:03.000,10:22:03.000,10:22:21.000,AtmStateInvalidation,-88.4000,18,0.3500,0.3500
2026-09-21,1,A,10:32:18.000,10:32:18.000,10:33:20.000,AtmStateInvalidation,-68.0500,62,1.3000,0.8000
2026-09-21,1,B,10:48:17.000,10:48:17.000,10:50:13.000,AtmStateInvalidation,625.6200,116,1.7500,1.8500
2026-09-21,1,B,10:55:06.000,10:55:06.000,10:58:16.000,AtmStateInvalidation,-285.3300,190,3.3000,0.5000
2026-09-21,1,A,11:03:53.000,11:03:53.000,11:04:41.000,AtmStateInvalidation,-973.3800,48,2.0500,0.1500
2026-09-21,1,B,11:05:45.000,11:05:45.000,11:07:22.000,AtmStateInvalidation,753.9200,97,0.5500,1.9000
2026-09-21,1,B,11:08:25.000,11:08:25.000,11:08:36.000,AtmStateInvalidation,-253.5600,11,0.3500,0.1500
2026-09-21,1,A,11:21:51.000,11:21:51.000,11:22:07.000,AtmStateInvalidation,-485.3300,16,1.0000,0
2026-09-21,1,B,11:22:07.000,11:22:07.000,11:24:06.000,AtmStateInvalidation,1305.8300,119,0.4000,2.9000
2026-09-21,1,A,11:27:38.000,11:27:38.000,11:29:18.000,AtmStateInvalidation,-1166.5500,100,2.2500,0.1500
2026-09-21,1,B,12:00:22.000,12:00:22.000,12:01:10.000,AtmStateInvalidation,-476.7500,48,1.4000,1.1000
2026-09-21,1,A,12:05:55.000,12:05:55.000,12:06:19.000,AtmStateInvalidation,-587.4800,24,1.0000,0.4000
2026-09-21,1,B,12:13:14.000,12:13:14.000,12:13:48.000,AtmStateInvalidation,262.0900,34,0.2500,0.7000
2026-09-21,1,A,12:19:39.000,12:19:39.000,12:21:32.000,AtmStateInvalidation,-2244.5700,113,3.4500,0.2000
2026-09-21,1,B,12:21:32.000,12:21:32.000,12:22:17.000,AtmStateInvalidation,-216.0000,45,1.0000,0.4000
2026-09-21,1,B,12:37:19.000,12:37:19.000,12:39:05.000,AtmStateInvalidation,-1102.1000,106,1.9000,0.6500
2026-09-21,1,A,12:39:05.000,12:39:05.000,12:40:18.000,AtmStateInvalidation,-490.7700,73,0.8000,0.8500
2026-09-21,1,A,13:08:37.000,13:08:37.000,13:09:55.000,AtmStateInvalidation,784.7700,78,1.0000,1.5500
2026-09-21,1,A,13:11:20.000,13:11:20.000,13:11:57.000,AtmStateInvalidation,264.6100,37,0.4500,1.1500
2026-09-21,1,B,13:21:17.000,13:21:17.000,13:22:13.000,AtmStateInvalidation,1506.3800,56,0.8500,2.7000
2026-09-21,1,A,13:46:15.000,13:46:15.000,13:48:42.000,AtmStateInvalidation,-714.4500,147,2.5500,0.1500
2026-09-21,1,B,13:50:14.000,13:50:14.000,13:51:16.000,AtmStateInvalidation,1602.7400,62,0,3.0500
2026-09-21,1,B,13:55:54.000,13:55:54.000,13:56:32.000,AtmStateInvalidation,107.3300,38,0.0500,0.9500
2026-09-21,1,B,14:07:33.000,14:07:33.000,14:08:53.000,AtmStateInvalidation,-2041.3500,80,3.6500,0
2026-09-21,1,A,14:22:56.000,14:22:56.000,14:24:32.000,AtmStateInvalidation,-545.6500,96,1.3500,0.2000
2026-09-21,1,B,14:27:30.000,14:27:30.000,14:28:26.000,AtmStateInvalidation,-91.7700,56,0.4000,1.9500
2026-09-21,1,A,14:35:03.000,14:35:03.000,14:36:23.000,AtmStateInvalidation,-546.8100,80,0.9000,1.6000
2026-09-21,1,A,14:59:01.000,14:59:01.000,15:00:20.000,AtmStateInvalidation,947.5800,79,0.7500,2.8500
