TradingDate,Dte,Pattern,SignalTimeIST,EntryTimeIST,BaselineExitTimeIST,InvalidationExitTimeIST,BaselineExitReason,InvalidationTrigger,BaselineHoldingSeconds,InvalidationHoldingSeconds,EntryPremium,BaselineExitPremium,InvalidationExitPremium,BaselineNetPnl,InvalidationNetPnl,DeltaNetPnl,MaeBeforeBaseline,MfeBeforeBaseline,MfeBeforeInvalidation,MfeAfterInvalidationBeforeBaseline,SecondsToMfe,SecondsEntryToInvalidation,SecondsInvalidationToBaselineExit,UnderlyingAtEntry,UnderlyingAtInvalidation,UnderlyingAtBaselineExit,WasUnderlyingCorrectAtInvalidation,WasUnderlyingCorrectAtBaselineExit
2026-09-04,4,A,09:30:28.000,09:30:28.000,09:40:40.000,09:31:46.000,OppositePatternSignal,Other,612,78,157.4000,151.8000,161.3500,-3701.6700,2501.9500,6203.6200,7.4500,4.9000,4.6000,4.9000,371,78,534,24040.0000,24030.0000,24033.1000,True,True
2026-09-04,4,B,09:40:40.000,09:40:40.000,09:43:47.000,09:40:59.000,OppositePatternSignal,Other,187,19,61.0000,59.5000,60.2500,-999.1700,-511.9800,487.1900,2.4500,0,0,0,,19,168,24033.1000,24039.2000,24033.0000,True,False
2026-09-04,4,A,09:43:47.000,09:43:47.000,09:50:43.000,09:44:09.000,OppositePatternSignal,Other,416,22,155.8500,143.5500,154.5500,-8053.3200,-907.7900,7145.5300,14.1000,0.5500,0.5500,0,2,22,394,24033.0000,24033.0000,24047.0000,False,False
2026-09-04,4,B,09:50:43.000,09:50:43.000,09:58:41.000,09:51:56.000,OppositePatternSignal,Other,478,73,64.6000,71.9000,66.2500,4715.7900,1045.5900,-3670.2000,0.1500,8.1000,2.1000,8.1000,287,73,405,24047.0000,24056.0000,24075.9000,True,True
2026-09-04,4,A,09:58:40.000,09:58:41.000,10:04:57.000,09:59:03.000,OppositePatternSignal,Other,376,22,160.2000,157.5500,160.4500,-1786.5000,97.3200,1883.8200,4.5000,5.4500,0.8000,5.4500,67,22,354,24075.9000,24077.0000,24083.0000,False,False
2026-09-04,4,B,10:04:57.000,10:04:57.000,10:39:51.000,10:05:17.000,OppositePatternSignal,Other,2094,20,54.5500,54.9000,53.1500,205.2000,-931.5900,-1136.7900,8.9500,3.2500,0,3.2500,1521,20,2074,24083.0000,24082.1000,24088.7000,False,True
2026-09-04,4,B,10:46:13.000,10:46:13.000,10:50:56.000,10:48:19.000,OppositePatternSignal,Other,283,126,54.6000,53.6000,55.2000,-671.7800,367.5800,1039.3600,1.1000,1.1000,1.1000,0.8500,62,126,157,24086.0000,24088.2000,24088.6000,True,True
2026-09-04,4,A,10:50:56.000,10:50:56.000,10:53:54.000,10:52:48.000,OppositePatternSignal,Other,178,112,156.8000,154.9500,154.4000,-1265.4500,-1622.7200,-357.2700,3.4000,0,0,0,,112,66,24088.6000,24089.0000,24086.0000,False,True
2026-09-04,4,B,11:26:00.000,11:26:00.000,11:29:07.000,11:26:21.000,OppositePatternSignal,Other,187,21,55.9000,54.8000,55.7000,-737.2600,-152.6300,584.6300,1.2000,1.1500,0.2500,1.1500,74,21,166,24098.2000,24100.0000,24102.0000,True,True
2026-09-04,4,A,11:29:07.000,11:29:07.000,12:08:36.000,11:29:25.000,OppositePatternSignal,Other,2369,18,148.0000,156.8000,148.1500,5656.3000,37.3100,-5618.9900,12.0000,10.8000,0.8000,10.8000,2274,18,2351,24102.0000,24100.1000,24086.0000,True,True
2026-09-04,4,B,12:08:36.000,12:08:36.000,12:10:08.000,12:10:08.000,OppositePatternSignal,OppositePattern,92,92,51.7000,51.2500,51.2500,-313.3200,-313.3200,0.0000,0.4500,1.3000,1.3000,0,71,92,0,24086.0000,24088.0000,24088.0000,True,True
2026-09-04,4,A,12:10:08.000,12:10:08.000,12:18:03.000,12:12:12.000,OppositePatternSignal,Other,475,124,157.3500,162.0500,160.4000,2989.1700,1917.3400,-1071.8300,2.6000,11.1500,4.7500,11.1500,389,124,351,24088.0000,24075.6000,24074.5000,True,True
2026-09-04,4,B,12:18:03.000,12:18:03.000,12:35:27.000,12:19:07.000,OppositePatternSignal,Other,1044,64,66.9000,61.0000,66.4500,-3859.7800,-319.5000,3540.2800,8.7500,0.6000,0.6000,0,18,64,980,24074.5000,24074.0000,24060.0000,False,False
2026-09-04,4,A,12:37:19.000,12:37:19.000,12:46:12.000,12:37:44.000,OppositePatternSignal,Other,533,25,140.4500,139.7500,142.2000,-511.7700,1079.7300,1591.5000,4.1500,2.2500,2.0000,2.2500,26,25,508,24062.0000,24053.8000,24056.0000,True,True
2026-09-04,4,B,12:52:13.000,12:52:13.000,12:55:26.000,12:54:05.000,OppositePatternSignal,Other,193,112,59.6500,58.3500,61.2000,-868.7000,982.6400,1851.3400,1.3500,2.2000,2.2000,1.8500,70,112,81,24056.1000,24062.3000,24060.0000,True,True
2026-09-04,4,A,12:55:26.000,12:55:26.000,13:05:47.000,12:56:24.000,OppositePatternSignal,Other,621,58,139.5000,137.8000,139.8500,-1160.9800,170.6900,1331.6700,5.8500,7.9500,1.2500,7.9500,134,58,563,24060.0000,24056.0000,24053.1000,True,True
2026-09-04,4,B,13:05:47.000,13:05:47.000,13:20:47.000,13:07:23.000,OppositePatternSignal,Other,900,96,58.0000,64.1000,57.1000,3938.9600,-608.2000,-4547.1600,1.1000,8.8000,0.4500,8.8000,720,96,804,24053.1000,24052.4000,24080.0000,False,True
2026-09-04,4,A,13:20:47.000,13:20:47.000,13:39:31.000,13:21:53.000,OppositePatternSignal,Other,1124,66,155.2500,167.7000,158.6500,8024.3700,2145.5500,-5878.8200,3.0000,18.3000,3.8000,18.3000,829,66,1058,24080.0000,24079.0000,24059.0000,True,True
2026-09-04,4,B,13:39:30.000,13:39:31.000,13:59:43.000,13:40:57.000,OppositePatternSignal,Other,1212,86,57.9500,57.4000,59.3000,-380.8200,853.4100,1234.2300,2.5500,4.0500,1.5500,4.0500,499,86,1126,24059.0000,24064.7000,24060.1000,True,True
2026-09-04,4,A,14:08:15.000,14:08:15.000,14:32:46.000,14:10:43.000,OppositePatternSignal,Other,1471,148,130.5000,112.4000,128.6500,-11810.6600,-1254.7600,10555.9000,19.6500,1.1000,1.1000,0,106,148,1323,24070.0000,24068.3000,24088.0000,True,False
2026-09-04,4,B,14:32:46.000,14:32:46.000,14:57:01.000,14:33:39.000,OppositePatternSignal,Other,1455,53,47.6500,37.7500,46.0000,-6450.3400,-1091.1900,5359.1500,11.3000,0.3000,0.3000,0,2,53,1402,24088.0000,24083.0000,24060.0000,False,False
2026-09-08,0,B,09:31:19.000,09:31:19.000,09:34:30.000,09:31:40.000,OppositePatternSignal,Other,191,21,28.2500,27.9000,28.6000,-238.8300,215.8800,454.7100,0.8500,0.6500,0.6000,0.6500,54,21,170,23774.8000,23780.0000,23778.0000,True,True
2026-09-08,0,A,09:34:30.000,09:34:30.000,09:35:35.000,09:35:02.000,OppositePatternSignal,Other,65,32,126.2500,120.2000,124.8500,-3981.3300,-960.7200,3020.6100,7.5500,0.5000,0.5000,0,9,32,33,23778.0000,23778.2000,23781.2000,False,False
2026-09-08,0,B,09:35:35.000,09:35:35.000,09:56:46.000,09:35:55.000,OppositePatternSignal,Other,1271,20,17.5000,14.2500,17.4000,-2118.2900,-72.0700,2046.2200,3.7000,0.7000,0.3000,0.7000,161,20,1251,23781.2000,23792.6000,23784.5000,True,True
2026-09-08,0,A,09:56:46.000,09:56:46.000,10:06:11.000,09:57:06.000,OppositePatternSignal,Other,565,20,126.6500,134.2500,125.2500,4885.4600,-960.8800,-5846.3400,1.9000,11.0500,0.3500,11.0500,416,20,545,23784.5000,23784.0000,23768.5000,True,True
2026-09-08,0,B,10:06:11.000,10:06:11.000,10:29:21.000,10:06:34.000,OppositePatternSignal,Other,1390,23,21.6500,26.0000,22.1500,2816.9400,316.0000,-2500.9400,0,17.5000,0.6000,17.5000,535,23,1367,23768.5000,23770.5000,23789.3000,True,True
2026-09-08,0,A,10:29:21.000,10:29:21.000,10:42:20.000,10:30:27.000,OppositePatternSignal,Other,779,66,113.6500,124.1000,109.0000,6742.0800,-3066.7800,-9808.8600,7.2000,16.8000,0,16.8000,690,66,713,23789.3000,23792.3000,23768.5000,False,True
2026-09-08,0,B,10:42:20.000,10:42:20.000,10:43:44.000,10:42:50.000,OppositePatternSignal,Other,84,30,21.4000,20.0500,20.9000,-885.6500,-333.4900,552.1600,1.4000,0,0,0,,30,54,23768.5000,23770.0000,23773.0000,True,True
2026-09-08,0,A,11:12:19.000,11:12:19.000,11:16:11.000,11:13:07.000,OppositePatternSignal,Other,232,48,121.5500,123.6000,124.4000,1282.2900,1801.9600,519.6700,2.0000,4.4500,4.1000,4.4500,49,48,184,23781.5000,23776.5000,23775.1000,True,True
2026-09-08,0,B,11:16:11.000,11:16:11.000,11:56:22.000,11:20:09.000,OppositePatternSignal,Other,2411,238,11.7000,10.4000,13.3000,-849.2200,1034.6000,1883.8200,2.2500,2.0500,2.0500,1.7000,189,238,2173,23775.1000,23786.5000,23772.8000,True,False
2026-09-08,0,A,11:56:22.000,11:56:22.000,12:04:31.000,11:56:46.000,OppositePatternSignal,Other,489,24,87.8500,97.5500,90.7000,6265.3700,1815.6500,-4449.7200,0.2500,13.7500,3.3000,13.7500,278,24,465,23772.8000,23756.5000,23748.9000,True,True
2026-09-08,0,B,12:13:31.000,12:13:31.000,12:15:29.000,12:14:55.000,OppositePatternSignal,Other,118,84,15.2000,14.4500,15.1000,-493.3700,-71.1300,422.2400,0.7500,0.2500,0.2500,0.0500,21,84,34,23749.9000,23750.0000,23746.0000,True,False
2026-09-08,0,A,12:15:29.000,12:15:29.000,12:17:08.000,12:17:08.000,OppositePatternSignal,OppositePattern,99,99,100.3000,96.2000,96.2000,-2704.0800,-2704.0800,0.0000,4.9000,0.3500,0.3500,0,2,99,0,23746.0000,23749.2000,23749.2000,False,False
2026-09-08,0,B,12:17:08.000,12:17:08.000,12:22:18.000,12:17:37.000,OppositePatternSignal,Other,310,29,15.6500,14.9500,15.3500,-461.0700,-201.2400,259.8300,1.0000,0.2500,0,0.2500,92,29,281,23749.2000,23755.0000,23757.0000,True,True
2026-09-08,0,A,12:27:38.000,12:27:38.000,12:33:50.000,12:28:25.000,OppositePatternSignal,Other,372,47,93.0000,87.6500,93.1000,-3513.1100,27.1800,3540.2900,10.3500,1.5000,1.5000,1.5000,31,47,325,23759.0000,23754.0000,23760.2000,True,False
2026-09-08,0,B,12:36:02.000,12:36:02.000,12:50:01.000,12:36:48.000,OppositePatternSignal,Other,839,46,18.0500,13.5000,18.5000,-2962.9800,284.9800,3247.9600,5.6500,1.4000,0.9000,1.4000,101,46,793,23764.0000,23779.0000,23751.6000,True,False
2026-09-08,0,B,12:51:21.000,12:51:21.000,13:05:24.000,12:52:14.000,OppositePatternSignal,Other,843,53,13.9000,12.2500,12.7500,-1077.4800,-752.6800,324.8000,1.7500,1.2000,0.1000,1.2000,247,53,790,23754.5000,23751.9000,23753.5000,False,False
2026-09-08,0,B,13:15:45.000,13:15:45.000,13:24:14.000,13:17:47.000,OppositePatternSignal,Other,509,122,13.7500,12.8000,13.1500,-622.7000,-395.3400,227.3600,1.7000,0.3500,0.3500,0,45,122,387,23760.2000,23766.0000,23759.9000,True,False
2026-09-08,0,A,13:24:14.000,13:24:14.000,13:38:51.000,13:25:44.000,OppositePatternSignal,Other,877,90,92.3000,99.2500,95.2500,4477.1800,1878.8000,-2598.3800,1.2000,15.8000,3.4000,15.8000,549,90,787,23759.9000,23749.2000,23745.1000,True,True
2026-09-08,0,B,13:38:51.000,13:38:51.000,13:50:53.000,13:39:51.000,OppositePatternSignal,Other,722,60,10.0500,8.5000,9.3000,-1010.9500,-491.2800,519.6700,1.5500,0.1000,0,0.1000,277,60,662,23745.1000,23740.0000,23737.1000,False,False
2026-09-08,0,A,13:50:53.000,13:50:53.000,13:57:23.000,13:51:14.000,OppositePatternSignal,Other,390,21,106.8500,107.7500,109.5000,541.2300,1678.0200,1136.7900,0.6000,12.9500,5.8000,12.9500,43,21,369,23737.1000,23734.0000,23739.0000,True,False
2026-09-08,0,B,14:00:35.000,14:00:35.000,14:16:34.000,14:02:13.000,OppositePatternSignal,Other,959,98,9.1500,11.4000,9.1000,1457.8700,-36.2000,-1494.0700,0.5500,3.5000,0.2500,3.5000,780,98,861,23733.5000,23736.5000,23760.0000,True,True
2026-09-08,0,B,14:18:28.000,14:18:28.000,14:24:27.000,14:20:24.000,OppositePatternSignal,Other,359,116,11.7000,10.1000,11.6500,-1044.1000,-37.2300,1006.8700,1.9500,0.1500,0.1500,0.1000,106,116,243,23752.0000,23747.5000,23748.0000,False,False
2026-09-08,0,A,14:24:27.000,14:24:27.000,14:34:56.000,14:25:20.000,OppositePatternSignal,Other,629,53,98.3500,92.3500,98.1500,-3937.5200,-169.8700,3767.6500,8.4000,5.8500,0.5500,5.8500,107,53,576,23748.0000,23740.8000,23755.1000,True,False
2026-09-08,0,B,14:34:56.000,14:34:56.000,14:45:57.000,14:35:38.000,OppositePatternSignal,Other,661,42,12.5500,10.3500,12.5500,-1434.2000,-5.1000,1429.1000,3.0500,0.7000,0.7000,0.5500,20,42,619,23755.1000,23755.0000,23760.6000,False,True
2026-09-08,0,A,14:45:57.000,14:45:57.000,14:48:56.000,14:46:54.000,OppositePatternSignal,Other,179,57,99.1000,96.4000,99.2500,-1794.1600,57.1800,1851.3400,4.0500,1.4000,1.4000,1.2000,47,57,122,23760.6000,23750.3000,23756.6000,True,True
2026-09-08,0,B,14:57:53.000,14:57:53.000,15:02:43.000,14:58:18.000,OppositePatternSignal,Other,290,25,10.6500,10.3000,10.8000,-231.6800,93.1100,324.7900,1.4500,1.4000,0.3500,1.4000,267,25,265,23749.9000,23750.0000,23756.0000,True,True
2026-09-09,6,A,09:18:50.000,09:18:50.000,09:21:54.000,09:18:52.000,OppositePatternSignal,Other,184,2,153.8000,153.4000,155.8000,-322.3200,1236.7100,1559.0300,4.1500,5.2500,2.9000,5.2500,71,2,182,23619.1000,23618.2000,23615.7000,True,True
2026-09-09,6,B,09:21:54.000,09:21:54.000,09:22:26.000,09:22:04.000,OppositePatternSignal,Other,32,10,110.3000,109.7000,110.0500,-434.5700,-207.2100,227.3600,0.9000,1.2000,0.1000,1.2000,13,10,22,23615.7000,23620.6000,23616.0000,True,True
2026-09-09,6,B,09:22:48.000,09:22:49.000,09:29:04.000,09:22:58.000,OppositePatternSignal,Other,375,9,109.6500,112.8500,108.5000,2034.1500,-791.5800,-2825.7300,2.1500,6.9000,0,6.9000,203,9,366,23615.8000,23609.9000,23619.7000,False,True
2026-09-09,6,A,09:29:04.000,09:29:04.000,09:30:14.000,09:29:17.000,OppositePatternSignal,Other,70,13,150.8000,149.7000,151.3000,-775.8200,263.5300,1039.3500,1.3000,1.8500,1.4500,1.8500,18,13,57,23619.7000,23611.2000,23616.9000,True,True
2026-09-09,6,B,09:30:14.000,09:30:14.000,09:37:32.000,09:30:36.000,OppositePatternSignal,Other,438,22,113.1500,115.2500,112.4000,1318.1800,-533.1600,-1851.3400,2.6000,3.4500,1.1000,3.4500,253,22,416,23616.9000,23615.4000,23625.4000,False,True
2026-09-09,6,B,09:42:47.000,09:42:47.000,09:56:58.000,09:43:32.000,OppositePatternSignal,Other,851,45,96.0000,83.2000,96.5000,-8353.8000,285.8000,8639.6000,14.2000,2.3500,1.4000,2.3500,79,45,806,23631.3000,23637.0000,23605.2000,True,False
2026-09-09,6,A,09:56:58.000,09:56:58.000,10:13:32.000,09:57:13.000,OppositePatternSignal,Other,994,15,156.3500,158.8500,156.4500,1560.4700,1.4400,-1559.0300,2.1500,13.7500,0.8000,13.7500,861,15,979,23605.2000,23601.5000,23590.1000,True,True
2026-09-09,6,B,10:13:32.000,10:13:32.000,10:30:55.000,10:13:39.000,OppositePatternSignal,Other,1043,7,102.0000,123.5000,101.7000,13924.8300,-236.3200,-14161.1500,1.3000,27.7500,0.2500,27.7500,654,7,1036,23590.1000,23593.8000,23651.1000,True,True
2026-09-09,6,A,10:30:55.000,10:30:55.000,11:34:13.000,10:31:19.000,OppositePatternSignal,Other,3798,24,156.9000,161.7500,157.2000,3086.7900,131.1400,-2955.6500,4.1500,20.5000,0.5000,20.5000,691,24,3774,23651.1000,23648.5000,23630.0000,True,True
2026-09-09,6,B,11:34:13.000,11:34:13.000,11:57:09.000,11:37:05.000,OppositePatternSignal,Other,1376,172,89.9500,80.0000,87.7500,-6500.0000,-1465.6500,5034.3500,10.4000,6.2500,1.3000,6.2500,690,172,1204,23630.0000,23624.0000,23613.0000,False,False
2026-09-09,6,A,11:57:09.000,11:57:09.000,12:04:15.000,11:57:49.000,OppositePatternSignal,Other,426,40,147.1500,157.4500,148.2000,6631.0400,622.2900,-6008.7500,1.3000,14.8500,1.3500,14.8500,277,40,386,23613.0000,23602.2000,23582.0000,True,True
2026-09-09,6,B,12:04:15.000,12:04:15.000,12:05:06.000,12:05:06.000,OppositePatternSignal,OppositePattern,51,51,95.2500,94.9500,94.9500,-233.5700,-233.5700,0.0000,1.1500,0.1000,0.1000,0,2,51,0,23582.0000,23587.0000,23587.0000,True,True
2026-09-09,6,A,12:05:06.000,12:05:06.000,12:05:53.000,12:05:53.000,OppositePatternSignal,OppositePattern,47,47,158.4000,161.0000,161.0000,1624.5900,1624.5900,0.0000,1.7500,3.3000,3.3000,0,45,47,0,23587.0000,23580.0000,23580.0000,True,True
2026-09-09,6,B,12:05:53.000,12:05:53.000,12:07:43.000,12:06:11.000,OppositePatternSignal,Other,110,18,93.5500,92.4000,93.1000,-785.0400,-330.3200,454.7200,1.4000,0.7500,0.2500,0.7500,57,18,92,23580.0000,23577.0000,23587.3000,False,True
2026-09-09,6,A,12:07:43.000,12:07:43.000,12:08:42.000,12:07:44.000,OppositePatternSignal,Other,59,1,163.4500,159.3500,163.0500,-2729.7400,-326.2400,2403.5000,4.7500,0.3500,0,0.3500,15,1,58,23587.3000,23578.7000,23586.0000,True,True
2026-09-09,6,B,12:08:42.000,12:08:42.000,12:17:53.000,12:09:14.000,OppositePatternSignal,Other,551,32,94.4000,96.1500,94.6000,1098.4400,91.5700,-1006.8700,1.5000,3.2000,0.5000,3.2000,327,32,519,23586.0000,23589.0000,23591.9000,True,True
2026-09-09,6,A,12:17:53.000,12:17:54.000,12:24:06.000,12:18:28.000,OppositePatternSignal,Other,372,34,156.8000,155.4000,157.2500,-973.1300,228.6200,1201.7500,1.6500,5.5500,1.1000,5.5500,299,34,338,23591.9000,23584.0000,23590.0000,True,True
2026-09-09,6,B,12:24:06.000,12:24:06.000,12:39:23.000,12:24:42.000,OppositePatternSignal,Other,917,36,96.3500,129.3000,96.8500,21364.9700,285.6500,-21079.3200,0.4000,38.4500,0.8000,38.4500,689,36,881,23590.0000,23586.7000,23658.2000,False,True
2026-09-09,6,A,12:39:23.000,12:39:23.000,12:40:14.000,12:39:34.000,OppositePatternSignal,Other,51,11,143.1500,141.9500,142.4500,-837.6700,-512.8700,324.8000,1.4500,0.8500,0.8500,0.1500,6,11,40,23658.2000,23658.1000,23658.8000,True,False
2026-09-09,6,A,12:40:42.000,12:40:42.000,12:41:59.000,12:40:57.000,OppositePatternSignal,Other,77,15,142.5000,140.8500,143.3500,-1129.7200,494.2600,1623.9800,1.9500,4.1500,1.1000,4.1500,32,15,62,23665.0000,23659.0000,23660.0000,True,True
2026-09-09,6,B,12:42:07.000,12:42:07.000,12:50:38.000,12:42:21.000,OppositePatternSignal,Other,511,14,108.3500,104.9000,108.9000,-2285.1200,313.2600,2598.3800,6.2500,4.3000,1.8000,4.3000,61,14,497,23662.0000,23668.9000,23658.0000,True,False
2026-09-09,6,B,12:57:00.000,12:57:00.000,13:01:38.000,12:58:20.000,OppositePatternSignal,Other,278,80,102.7500,102.4000,107.5500,-269.1000,3076.3100,3345.4100,1.2500,7.1000,4.8000,7.1000,186,80,198,23658.0000,23665.5000,23669.8000,True,True
2026-09-09,6,A,13:01:38.000,13:01:38.000,13:16:56.000,13:01:56.000,OppositePatternSignal,Other,918,18,143.4500,149.1500,144.5500,3644.4100,656.2800,-2988.1300,1.9500,7.7500,1.2500,7.7500,701,18,900,23669.8000,23661.0000,23643.6000,True,True
2026-09-09,6,B,13:16:55.000,13:16:55.000,13:18:02.000,13:18:02.000,OppositePatternSignal,OppositePattern,67,67,93.5500,93.5500,93.5500,-38.0000,-38.0000,0.0000,1.5500,0.2500,0.2500,0,66,67,0,23643.6000,23650.0000,23650.0000,True,True
2026-09-09,6,A,13:18:02.000,13:18:02.000,13:27:23.000,13:19:18.000,OppositePatternSignal,Other,561,76,149.2000,145.6000,149.5000,-2399.1500,134.2700,2533.4200,5.1500,2.4000,1.1500,2.4000,166,76,485,23650.0000,23645.2000,23646.8000,True,True
2026-09-09,6,B,13:27:23.000,13:27:23.000,13:44:38.000,13:28:06.000,OppositePatternSignal,Other,1035,43,96.9500,97.8000,96.2000,512.7700,-526.5800,-1039.3500,4.8500,5.2500,1.6000,5.2500,952,43,992,23646.8000,23653.0000,23664.4000,True,True
2026-09-09,6,A,13:44:38.000,13:44:38.000,13:51:58.000,13:45:19.000,OppositePatternSignal,Other,440,41,144.9500,144.2500,144.3000,-513.6000,-481.1200,32.4800,1.8000,3.6500,0.7500,3.6500,115,41,399,23664.4000,23656.7000,23654.1000,True,True
2026-09-09,6,B,13:51:58.000,13:51:58.000,14:06:20.000,13:54:38.000,OppositePatternSignal,Other,862,160,96.5500,102.2000,92.8500,3630.9800,-2442.7200,-6073.7000,7.1000,7.7000,3.4500,7.7000,649,160,702,23654.1000,23650.1000,23665.5000,False,True
2026-09-09,6,A,14:06:26.000,14:06:26.000,14:42:12.000,14:07:07.000,OppositePatternSignal,Other,2146,41,139.9500,172.6000,142.3500,21152.3800,1502.1700,-19650.2100,0.3500,36.9000,2.7500,36.9000,2068,41,2105,23670.0000,23660.1000,23603.4000,True,True
2026-09-09,6,B,14:55:06.000,14:55:06.000,15:12:59.000,14:55:26.000,OppositePatternSignal,Other,1073,20,98.9500,88.6500,97.8500,-6731.0100,-754.7500,5976.2600,17.1000,0.2000,0.2000,0,1,20,1053,23606.8000,23601.0000,23582.0000,False,False
2026-09-10,5,B,09:18:48.000,09:18:48.000,09:21:30.000,09:19:03.000,OppositePatternSignal,Other,162,15,94.7500,90.8500,94.3000,-2571.9100,-330.8100,2241.1000,10.8000,1.2000,1.2000,0.5500,11,15,147,23555.5000,23558.6000,23559.2000,True,True
2026-09-10,5,A,09:21:30.000,09:21:30.000,09:33:30.000,09:22:07.000,OppositePatternSignal,Other,720,37,139.1500,150.5500,143.9000,7348.8400,3029.0400,-4319.8000,2.5500,24.1500,5.6000,24.1500,135,37,683,23559.2000,23545.0000,23530.0000,True,True
2026-09-10,5,B,09:33:30.000,09:33:30.000,09:35:13.000,09:34:15.000,OppositePatternSignal,Other,103,45,80.8000,77.9500,80.0000,-1884.1700,-552.5000,1331.6700,3.3500,1.3500,1.3500,0,31,45,58,23530.0000,23534.6000,23525.8000,True,False
2026-09-10,5,A,09:37:58.000,09:37:58.000,09:56:38.000,09:38:31.000,OppositePatternSignal,Other,1120,33,154.9000,143.7500,159.7500,-7305.9000,3087.6000,10393.5000,16.4000,7.5000,4.8500,7.5000,123,33,1087,23529.9000,23522.1000,23538.4000,True,False
2026-09-10,5,A,10:27:04.000,10:27:04.000,10:59:39.000,10:28:36.000,OppositePatternSignal,Other,1955,92,150.8000,159.7000,154.2500,5720.1200,2179.8400,-3540.2800,16.4500,14.2000,3.9500,14.2000,1783,92,1863,23532.9000,23524.0000,23506.3000,True,True
2026-09-10,5,B,10:59:39.000,10:59:39.000,11:05:32.000,11:01:00.000,OppositePatternSignal,Other,353,81,92.8000,93.6000,95.4500,481.9800,1683.7200,1201.7400,0.2500,5.0000,3.9500,5.0000,298,81,272,23506.3000,23513.0000,23520.0000,True,True
2026-09-10,5,A,11:05:32.000,11:05:32.000,11:06:22.000,11:06:22.000,OppositePatternSignal,OppositePattern,50,50,129.6500,125.4000,125.4000,-2813.4400,-2813.4400,0.0000,4.7000,0,0,0,,50,0,23520.0000,23520.0000,23520.0000,False,False
2026-09-10,5,B,11:06:22.000,11:06:22.000,11:17:04.000,11:08:40.000,OppositePatternSignal,Other,642,138,96.3500,104.3500,96.0500,5157.6100,-234.0200,-5391.6300,1.1500,15.4000,1.1000,15.4000,556,138,504,23520.0000,23521.0000,23543.7000,True,True
2026-09-10,5,A,11:17:04.000,11:17:04.000,11:39:18.000,11:18:34.000,OppositePatternSignal,Other,1334,90,140.9000,147.0500,140.1000,3937.7600,-576.9200,-4514.6800,2.7500,12.1000,2.1500,12.1000,1057,90,1244,23543.7000,23540.0000,23526.2000,True,True
2026-09-10,5,B,11:39:18.000,11:39:18.000,11:54:10.000,11:41:03.000,OppositePatternSignal,Other,892,105,76.4500,79.8000,73.8000,2145.0800,-1752.4800,-3897.5600,5.7500,4.9500,0,4.9500,866,105,787,23526.2000,23526.4000,23545.0000,True,True
2026-09-10,5,A,11:54:10.000,11:54:10.000,11:59:50.000,11:58:43.000,OppositePatternSignal,Other,340,273,141.0500,138.0500,141.5000,-2006.0800,235.0200,2241.1000,3.0500,4.4500,4.4500,0.8500,166,273,67,23545.0000,23535.0000,23536.6000,True,True
2026-09-10,5,B,11:59:50.000,11:59:50.000,12:07:59.000,12:00:29.000,OppositePatternSignal,Other,489,39,83.4500,82.3000,85.3500,-780.9300,1200.3300,1981.2600,1.8500,3.7500,2.2000,3.7500,289,39,450,23536.6000,23548.0000,23540.6000,True,True
2026-09-10,5,A,12:07:59.000,12:07:59.000,12:15:18.000,12:11:23.000,OppositePatternSignal,Other,439,204,138.6500,128.8500,134.8500,-6422.3500,-2524.7800,3897.5700,11.4500,2.5500,2.5500,0,109,204,235,23540.6000,23550.0000,23554.1000,False,False
2026-09-10,5,A,12:15:50.000,12:15:50.000,12:22:30.000,12:16:18.000,OppositePatternSignal,Other,400,28,130.4000,128.6000,130.8500,-1222.2400,239.3400,1461.5800,6.1000,3.7500,0.9000,3.7500,175,28,372,23564.0000,23553.0000,23558.0000,True,True
2026-09-10,5,B,12:22:30.000,12:22:30.000,12:23:40.000,12:23:09.000,OppositePatternSignal,Other,70,39,89.8500,83.9500,88.8000,-3869.1000,-718.5800,3150.5200,5.9000,0.6500,0.4000,0.6500,61,39,31,23558.0000,23566.5000,23557.6000,True,False
2026-09-10,5,A,12:23:40.000,12:23:40.000,12:26:20.000,12:23:42.000,OppositePatternSignal,Other,160,2,134.8000,129.0500,134.5000,-3789.9300,-249.6400,3540.2900,6.0500,0.8500,0.8500,0,2,2,158,23557.6000,23550.0000,23559.0000,True,False
2026-09-10,5,A,12:30:39.000,12:30:39.000,12:41:42.000,12:31:18.000,OppositePatternSignal,Other,663,39,134.3000,135.4000,135.9500,659.9900,1017.2700,357.2800,2.7000,7.0500,2.0500,7.0500,516,39,624,23556.8000,23550.0000,23545.0000,True,True
2026-09-10,5,B,12:41:42.000,12:41:43.000,13:26:08.000,12:42:28.000,OppositePatternSignal,Other,2665,45,81.4500,74.1000,83.2500,-4807.6000,1136.1800,5943.7800,15.6500,4.8000,2.0000,4.8000,234,45,2620,23545.0000,23547.0000,23526.7000,True,False
2026-09-10,5,A,13:45:16.000,13:45:16.000,13:51:30.000,13:47:08.000,OppositePatternSignal,Other,374,112,145.9500,144.8000,146.7000,-806.3200,427.9000,1234.2200,1.3000,6.7000,3.2500,6.7000,219,112,262,23527.0000,23522.8000,23515.9000,True,True
2026-09-10,5,B,13:51:30.000,13:51:30.000,13:55:00.000,13:53:50.000,OppositePatternSignal,Other,210,140,91.4500,88.2500,90.1000,-2115.8500,-914.1000,1201.7500,3.5500,0.6000,0.6000,0,4,140,70,23515.9000,23515.0000,23516.0000,False,True
2026-09-10,5,A,13:55:00.000,13:55:00.000,14:07:05.000,13:55:33.000,OppositePatternSignal,Other,725,33,119.6500,123.9000,118.6500,2712.1700,-698.2000,-3410.3700,0.8500,12.2500,0.3000,12.2500,604,33,692,23516.0000,23511.3000,23501.6000,True,True
2026-09-10,5,B,14:07:05.000,14:07:05.000,14:18:07.000,14:08:26.000,OppositePatternSignal,Other,662,81,83.9500,81.1500,81.7500,-1852.9700,-1463.2100,389.7600,4.1500,0,0,0,,81,581,23501.6000,23496.5000,23496.0000,False,False
2026-09-10,5,A,14:18:07.000,14:18:07.000,14:43:13.000,14:18:34.000,OppositePatternSignal,Other,1506,27,130.0500,132.0500,130.2000,1246.3500,44.6100,-1201.7400,6.4500,9.7000,1.1000,9.7000,1358,27,1479,23496.0000,23490.1000,23490.0000,True,True
2026-09-10,5,B,14:43:13.000,14:43:13.000,15:06:49.000,14:44:21.000,OppositePatternSignal,Other,1416,68,78.3000,70.9000,79.9500,-4838.8000,1040.0200,5878.8200,10.1000,9.6500,1.8500,9.6500,419,68,1348,23490.0000,23495.5000,23465.6000,True,False
2026-09-11,4,A,09:23:39.000,09:23:39.000,09:24:37.000,09:23:57.000,OppositePatternSignal,Other,58,18,125.2000,124.0000,126.9500,-830.3800,1085.9300,1916.3100,1.2000,3.3000,2.1000,3.3000,24,18,40,23316.9000,23312.0000,23313.6000,True,True
2026-09-11,4,B,09:25:12.000,09:25:12.000,09:27:59.000,09:25:39.000,OppositePatternSignal,Other,167,27,86.7000,86.7500,87.6000,-2.7400,549.4100,552.1500,1.9500,2.9500,2.9500,2.1500,21,27,140,23311.2000,23318.0000,23318.7000,True,True
2026-09-11,4,A,09:27:59.000,09:27:59.000,09:29:35.000,09:28:07.000,OppositePatternSignal,Other,96,8,124.1000,125.0000,124.5500,534.2200,241.9000,-292.3200,0.3500,2.7000,1.4500,2.7000,36,8,88,23318.7000,23318.5000,23312.5000,True,True
2026-09-11,4,A,09:32:41.000,09:32:41.000,09:34:18.000,09:33:06.000,OppositePatternSignal,Other,97,25,124.9500,119.7000,126.6500,-3461.1300,1053.5500,4514.6800,5.8000,2.4500,2.4500,2.2500,21,25,72,23316.0000,23312.2000,23317.1000,True,False
2026-09-11,4,B,09:34:18.000,09:34:18.000,09:35:05.000,09:34:37.000,OppositePatternSignal,Other,47,19,89.5000,87.5000,87.9000,-1335.5500,-1075.7100,259.8400,2.0000,0.1000,0.1000,0,3,19,28,23317.1000,23321.4000,23321.4000,True,True
2026-09-11,4,A,09:35:05.000,09:35:05.000,09:38:29.000,09:35:39.000,OppositePatternSignal,Other,204,34,122.2000,119.3500,119.1000,-1900.9900,-2063.3800,-162.3900,5.6500,0,0,0,,34,170,23321.4000,23325.0000,23317.0000,False,True
2026-09-11,4,B,09:38:29.000,09:38:29.000,09:54:55.000,09:38:45.000,OppositePatternSignal,Other,986,16,89.4000,81.5500,89.0000,-5135.6300,-296.1600,4839.4700,9.2000,0.8500,0,0.8500,31,16,970,23317.0000,23318.6000,23309.0000,True,False
2026-09-11,4,A,09:54:55.000,09:54:55.000,09:58:09.000,09:55:27.000,OppositePatternSignal,Other,194,32,126.0000,119.8000,124.1000,-4078.6700,-1285.4200,2793.2500,7.4500,0,0,0,,32,162,23309.0000,23310.0000,23305.2000,False,True
2026-09-11,4,B,09:58:09.000,09:58:09.000,10:01:12.000,09:58:30.000,OppositePatternSignal,Other,183,21,85.1000,84.0000,85.3500,-749.1200,127.8300,876.9500,1.1000,1.4500,0.4000,1.4500,33,21,162,23305.2000,23319.0000,23318.9000,True,True
2026-09-11,4,A,10:01:12.000,10:01:12.000,10:12:07.000,10:01:33.000,OppositePatternSignal,Other,655,21,121.7000,109.2000,121.2000,-8169.3600,-374.2400,7795.1200,14.2500,0,0,0,,21,634,23318.9000,23314.0000,23336.0000,True,False
2026-09-11,4,B,10:13:23.000,10:13:23.000,10:24:42.000,10:13:30.000,OppositePatternSignal,Other,679,7,75.8500,85.2000,77.0500,6042.8900,748.7000,-5294.1900,0,17.1000,2.0500,17.1000,564,7,672,23335.2000,23345.0000,23364.0000,True,True
2026-09-11,4,A,10:24:42.000,10:24:42.000,10:31:41.000,10:25:14.000,OppositePatternSignal,Other,419,32,128.4000,134.3500,130.0000,3812.9200,987.1900,-2825.7300,0.9000,10.9000,2.1000,10.9000,315,32,387,23364.0000,23350.0000,23338.1000,True,True
2026-09-11,4,B,10:31:41.000,10:31:41.000,10:39:44.000,10:32:06.000,OppositePatternSignal,Other,483,25,78.8500,82.2500,79.0500,2176.5900,97.8900,-2078.7000,1.7000,7.2500,0.5500,7.2500,342,25,458,23338.1000,23349.0000,23360.0000,True,True
2026-09-11,4,A,10:40:53.000,10:40:53.000,10:43:54.000,10:41:15.000,OppositePatternSignal,Other,181,22,129.6500,129.0000,129.1000,-474.9100,-409.9500,64.9600,0.6500,3.1000,0.9500,3.1000,42,22,159,23362.8000,23359.8000,23350.7000,True,True
2026-09-11,4,A,11:04:22.000,11:04:22.000,11:07:58.000,11:05:02.000,OppositePatternSignal,Other,216,40,132.0500,125.7500,131.4500,-4146.0900,-443.4000,3702.6900,8.3000,0.7500,0.7500,0.4500,25,40,176,23357.9000,23349.5000,23357.2000,True,True
2026-09-11,4,B,11:07:58.000,11:07:58.000,11:20:22.000,11:08:33.000,OppositePatternSignal,Other,744,35,84.8500,119.7000,84.1500,22603.8700,-489.1900,-23093.0600,1.7000,44.9500,0.9500,44.9500,575,35,709,23357.2000,23355.4000,23431.7000,False,True
2026-09-11,4,A,11:20:22.000,11:20:22.000,11:22:22.000,11:20:32.000,OppositePatternSignal,Other,120,10,155.0000,153.6500,156.2000,-939.9200,716.5400,1656.4600,1.1500,6.6000,1.8000,6.6000,43,10,110,23431.7000,23428.0000,23419.1000,True,True
2026-09-11,4,B,11:22:22.000,11:22:22.000,11:27:00.000,11:22:30.000,OppositePatternSignal,Other,278,8,92.7000,93.7000,93.0000,611.9300,157.2200,-454.7100,1.5000,6.7500,1.9000,6.7500,191,8,270,23419.1000,23420.7000,23433.8000,True,True
2026-09-11,4,A,11:27:00.000,11:27:00.000,11:44:28.000,11:27:22.000,OppositePatternSignal,Other,1048,22,154.2500,148.1500,155.5500,-4025.1900,781.8100,4807.0000,8.5500,7.1000,1.6500,7.1000,301,22,1026,23433.8000,23425.4000,23428.0000,True,True
2026-09-11,4,B,11:44:28.000,11:44:28.000,11:47:22.000,11:44:54.000,OppositePatternSignal,Other,174,26,74.3500,73.5500,74.0000,-549.8800,-257.5600,292.3200,2.7000,2.4000,1.2000,2.4000,43,26,148,23428.0000,23438.8000,23437.5000,True,True
2026-09-11,4,A,11:47:22.000,11:47:22.000,12:00:27.000,11:47:46.000,OppositePatternSignal,Other,785,24,147.9500,149.3000,147.3500,816.8500,-449.8600,-1266.7100,2.2500,9.9500,0.0500,9.9500,374,24,761,23437.5000,23432.3000,23419.0000,True,True
2026-09-11,4,B,12:00:27.000,12:00:27.000,12:03:23.000,12:02:59.000,OppositePatternSignal,Other,176,152,91.2000,87.2500,88.0000,-2602.9500,-2115.7500,487.2000,4.5500,0.8000,0.8000,0,3,152,24,23419.0000,23418.1000,23416.7000,False,False
2026-09-11,4,A,12:03:23.000,12:03:23.000,12:36:23.000,12:04:09.000,OppositePatternSignal,Other,1980,46,124.3000,122.5000,123.1500,-1219.7700,-797.5300,422.2400,2.7500,9.4500,1.1500,9.4500,755,46,1934,23416.7000,23418.0000,23412.4000,False,True
2026-09-11,4,B,12:36:23.000,12:36:23.000,12:38:51.000,12:37:16.000,OppositePatternSignal,Other,148,53,87.0500,85.0500,84.2500,-1334.5500,-1854.2300,-519.6800,3.8500,1.4500,1.3000,1.4500,112,53,95,23412.4000,23418.0000,23420.1000,True,True
2026-09-11,4,A,12:38:51.000,12:38:51.000,12:44:26.000,12:38:56.000,OppositePatternSignal,Other,335,5,125.2000,122.7500,124.5000,-1642.3700,-505.5800,1136.7900,8.5500,1.8000,0,1.8000,43,5,330,23420.1000,23407.8000,23410.1000,True,True
2026-09-11,4,B,12:44:26.000,12:44:26.000,12:48:33.000,12:45:12.000,OppositePatternSignal,Other,247,46,86.2000,81.3500,84.8000,-3185.5500,-944.4500,2241.1000,5.0000,0.3000,0.3000,0.3000,6,46,201,23410.1000,23408.0000,23410.0000,False,False
2026-09-11,4,A,12:48:33.000,12:48:33.000,12:53:13.000,12:49:01.000,OppositePatternSignal,Other,280,28,126.5000,124.1500,123.2000,-1577.9400,-2195.0500,-617.1100,3.3000,3.7000,0,3.7000,205,28,252,23410.0000,23403.0000,23404.0000,True,True
2026-09-11,4,B,12:53:13.000,12:53:13.000,12:57:26.000,12:53:52.000,OppositePatternSignal,Other,253,39,82.7500,83.2500,83.8500,291.1800,680.9400,389.7600,0.2000,2.7500,1.4000,2.7500,91,39,214,23404.0000,23406.5000,23415.0000,True,True
2026-09-11,4,A,12:57:26.000,12:57:26.000,12:59:01.000,12:57:56.000,OppositePatternSignal,Other,95,30,123.9000,119.0500,123.4000,-3200.8600,-375.1300,2825.7300,6.1500,0.3000,0.3000,0,15,30,65,23415.0000,23419.9000,23414.4000,False,True
2026-09-11,4,B,12:59:01.000,12:59:01.000,13:01:26.000,12:59:20.000,OppositePatternSignal,Other,145,19,87.7000,80.2000,86.1000,-4907.5800,-1074.9800,3832.6000,8.0500,0,0,0,,19,126,23414.4000,23422.0000,23414.9000,True,True
2026-09-11,4,A,13:01:26.000,13:01:26.000,13:31:21.000,13:03:12.000,OppositePatternSignal,Other,1795,106,126.4500,121.6000,125.9500,-3201.9000,-376.1700,2825.7300,7.5000,12.1500,0.9000,12.1500,592,106,1689,23414.9000,23401.2000,23406.3000,True,True
2026-09-11,4,B,13:31:21.000,13:31:21.000,13:33:49.000,13:32:19.000,OppositePatternSignal,Other,148,58,82.3500,82.3000,84.9000,-65.9300,1623.0100,1688.9400,1.3000,5.3500,3.4500,5.3500,94,58,90,23406.3000,23419.8000,23417.0000,True,True
2026-09-11,4,B,13:38:34.000,13:38:34.000,13:41:19.000,13:39:01.000,OppositePatternSignal,Other,165,27,79.3000,75.1500,78.4500,-2728.0300,-584.3700,2143.6600,4.9000,0.5000,0.3000,0.5000,59,27,138,23406.5000,23409.1000,23403.2000,True,False
2026-09-11,4,A,13:41:19.000,13:41:19.000,13:46:06.000,13:41:23.000,OppositePatternSignal,Other,287,4,129.2500,133.2000,134.6500,2513.3900,3455.3000,941.9100,2.1000,12.2500,10.0500,12.2500,18,4,283,23403.2000,23370.2000,23385.4000,True,True
2026-09-11,4,B,13:46:05.000,13:46:05.000,13:48:43.000,13:46:39.000,OppositePatternSignal,Other,158,34,72.4000,74.8500,73.0000,1562.0900,360.3400,-1201.7500,1.2500,5.7500,1.1000,5.7500,92,34,124,23385.4000,23392.0000,23405.6000,True,True
2026-09-11,4,A,13:48:43.000,13:48:43.000,13:52:06.000,13:49:16.000,OppositePatternSignal,Other,203,33,128.6500,124.0500,128.3000,-3040.4000,-279.6200,2760.7800,8.5000,1.1000,1.1000,1.0000,18,33,170,23405.6000,23391.2000,23404.9000,True,True
2026-09-11,4,B,13:52:06.000,13:52:06.000,14:15:12.000,13:52:22.000,OppositePatternSignal,Other,1386,16,79.6500,123.6000,80.1500,28517.2900,292.4400,-28224.8500,0.1500,76.0500,1.5000,76.0500,694,16,1370,23404.9000,23415.0000,23476.0000,True,True
2026-09-11,4,B,14:21:29.000,14:21:29.000,14:33:16.000,14:21:46.000,OppositePatternSignal,Other,707,17,95.2000,102.3000,96.5000,4573.4400,805.8000,-3767.6400,1.5500,15.3500,1.5500,15.3500,640,17,690,23472.0000,23471.8000,23494.0000,False,True
2026-09-11,4,A,14:33:16.000,14:33:16.000,14:43:16.000,14:33:48.000,OppositePatternSignal,Other,600,32,131.0500,124.8500,131.3000,-4080.7200,109.1600,4189.8800,7.2500,3.2500,1.4500,3.2500,359,32,568,23494.0000,23495.2000,23495.0000,False,False
2026-09-11,4,B,14:43:16.000,14:43:16.000,14:58:02.000,14:44:44.000,OppositePatternSignal,Other,886,88,79.8000,77.0000,79.4000,-1851.2800,-292.2600,1559.0200,4.9500,0.8000,0.7000,0.8000,93,88,798,23495.0000,23495.2000,23493.9000,True,False
2026-09-11,4,A,14:58:02.000,14:58:02.000,15:14:34.000,15:00:32.000,OppositePatternSignal,Other,992,150,134.8000,127.8000,136.0000,-4601.9200,724.7500,5326.6700,9.4500,19.0000,1.9000,19.0000,443,150,842,23493.9000,23480.0000,23485.0000,True,True
2026-09-15,0,A,09:24:26.000,09:24:26.000,09:32:36.000,09:24:32.000,OppositePatternSignal,Other,490,6,61.6000,78.0000,63.7500,10628.3100,1371.6000,-9256.7100,0.1000,22.0000,2.2500,22.0000,472,6,484,23517.8000,23514.0000,23486.6000,True,True
2026-09-15,0,A,09:32:51.000,09:32:51.000,09:36:44.000,09:33:14.000,OppositePatternSignal,Other,233,23,78.2000,80.7500,81.6000,1624.7000,2176.8500,552.1500,4.4500,5.2000,3.6000,5.2000,41,23,210,23494.7000,23494.0000,23489.5000,True,True
2026-09-15,0,B,10:00:44.000,10:00:44.000,10:02:18.000,10:01:08.000,OppositePatternSignal,Other,94,24,58.7000,59.6500,58.6500,593.2700,-56.3300,-649.6000,1.6500,2.0000,1.2000,2.0000,87,24,70,23413.7000,23424.8000,23426.7000,True,True
2026-09-15,0,B,10:04:25.000,10:04:25.000,10:07:35.000,10:04:27.000,OppositePatternSignal,Other,190,2,58.7500,58.8500,59.1500,41.0900,235.9700,194.8800,0.5500,3.7500,0.6000,3.7500,85,2,188,23417.1000,23425.7000,23430.0000,True,True
2026-09-15,0,A,10:07:35.000,10:07:35.000,10:26:53.000,10:07:48.000,OppositePatternSignal,Other,1158,13,100.7500,96.6500,99.5500,-2704.2600,-820.4400,1883.8200,13.3000,6.2500,0.1500,6.2500,180,13,1145,23430.0000,23430.5000,23425.0000,False,True
2026-09-15,0,B,10:26:53.000,10:26:53.000,10:50:48.000,10:27:14.000,OppositePatternSignal,Other,1435,21,55.7500,37.4500,55.5000,-11910.2100,-185.0500,11725.1600,21.1000,0.2500,0.2000,0.2500,27,21,1414,23425.0000,23416.6000,23383.7000,False,False
2026-09-15,0,A,10:50:48.000,10:50:48.000,11:05:28.000,10:51:51.000,OppositePatternSignal,Other,880,63,87.4000,82.5500,93.8000,-3186.0400,4121.8900,7307.9300,8.8000,14.0000,6.9000,14.0000,296,63,817,23383.7000,23375.0000,23383.1000,True,True
2026-09-15,0,B,11:05:28.000,11:05:28.000,11:07:05.000,11:06:10.000,OppositePatternSignal,Other,97,42,39.1000,36.7500,37.5000,-1542.4300,-1055.2300,487.2000,2.3500,0.1500,0.1500,0,15,42,55,23383.1000,23380.5000,23380.8000,False,False
2026-09-15,0,A,11:07:05.000,11:07:05.000,11:41:15.000,11:07:40.000,OppositePatternSignal,Other,2050,35,85.8000,88.4500,87.9500,1686.5700,1361.7700,-324.8000,5.7000,18.0000,3.7500,18.0000,1421,35,2015,23380.8000,23374.0000,23375.0000,True,True
2026-09-15,0,B,11:41:15.000,11:41:15.000,11:42:11.000,11:41:32.000,OppositePatternSignal,Other,56,17,54.5000,53.0500,53.5000,-964.0500,-671.7300,292.3200,2.2000,0.4500,0.4500,0,6,17,39,23375.0000,23382.2000,23380.0000,True,True
2026-09-15,0,A,11:42:11.000,11:42:11.000,11:44:34.000,11:42:29.000,OppositePatternSignal,Other,143,18,89.9000,85.5000,90.6500,-2894.7300,450.6700,3345.4000,5.8500,2.9000,1.5500,2.9000,62,18,125,23380.0000,23380.0000,23376.5000,False,True
2026-09-15,0,B,11:44:33.000,11:44:33.000,11:47:59.000,11:46:25.000,OppositePatternSignal,Other,206,112,35.6000,34.2500,34.3000,-891.4100,-858.9300,32.4800,2.3500,0.7500,0.7500,0,18,112,94,23376.5000,23382.5000,23380.0000,True,True
2026-09-15,0,A,11:47:59.000,11:47:59.000,12:02:21.000,11:49:26.000,OppositePatternSignal,Other,862,87,87.1000,86.6500,86.6000,-327.7000,-360.1800,-32.4800,2.9500,9.8000,1.4500,9.8000,360,87,775,23380.0000,23384.5000,23375.5000,False,True
2026-09-15,0,B,12:02:21.000,12:02:21.000,12:10:18.000,12:02:46.000,OppositePatternSignal,Other,477,25,32.9500,31.2500,34.7500,-1117.7000,1155.8800,2273.5800,2.0500,4.7000,2.0000,4.7000,182,25,452,23375.5000,23388.4000,23379.9000,True,True
2026-09-15,0,A,12:12:06.000,12:12:06.000,12:28:47.000,12:13:33.000,OppositePatternSignal,Other,1001,87,86.7000,85.1000,89.7000,-1074.5700,1913.5600,2988.1300,3.0000,7.2500,4.2000,7.2500,675,87,914,23380.0000,23380.0000,23376.0000,False,True
2026-09-15,0,B,12:28:47.000,12:28:47.000,12:57:11.000,12:31:09.000,OppositePatternSignal,Other,1704,142,28.8000,20.8500,24.3500,-5175.9700,-2902.3900,2273.5800,9.1500,0.8500,0.8500,0,63,142,1562,23376.0000,23363.5000,23368.6000,False,False
2026-09-15,0,A,12:57:11.000,12:57:11.000,13:05:19.000,12:58:26.000,OppositePatternSignal,Other,488,75,61.4000,67.6000,63.1500,4002.5400,1111.8500,-2890.6900,1.4000,13.8000,2.3000,13.8000,361,75,413,23368.6000,23367.5000,23353.0000,True,True
2026-09-15,0,B,13:05:19.000,13:05:19.000,13:10:29.000,13:09:02.000,OppositePatternSignal,Other,310,223,31.6000,29.8500,29.7500,-1149.6300,-1214.5900,-64.9600,2.7500,1.4500,1.4500,0,34,223,87,23353.0000,23343.0000,23349.9000,False,False
2026-09-15,0,A,13:10:29.000,13:10:29.000,13:15:08.000,13:11:18.000,OppositePatternSignal,Other,279,49,70.0500,78.1000,82.3500,5200.7700,7961.5500,2760.7800,1.0500,14.1500,12.3000,14.1500,81,49,230,23349.9000,23327.0000,23330.0000,True,True
2026-09-15,0,A,13:16:34.000,13:16:34.000,13:20:35.000,13:16:58.000,OppositePatternSignal,Other,241,24,82.3500,80.4500,88.5000,-1267.6800,3961.5500,5229.2300,7.1500,6.3500,6.3500,6.0500,23,24,217,23333.8000,23326.1000,23325.0000,True,True
2026-09-15,0,B,13:20:35.000,13:20:35.000,13:23:45.000,13:21:31.000,OppositePatternSignal,Other,190,56,42.3500,37.4000,41.4000,-3232.6900,-634.3200,2598.3700,6.3000,0,0,0,,56,134,23325.0000,23330.0000,23328.0000,True,True
2026-09-15,0,A,13:23:45.000,13:23:45.000,13:26:03.000,13:24:32.000,OppositePatternSignal,Other,138,47,84.7000,83.8500,82.4000,-586.5600,-1528.4800,-941.9200,3.4500,1.6500,1.3000,1.6500,106,47,91,23328.0000,23318.1000,23324.0000,True,True
2026-09-15,0,B,13:26:03.000,13:26:03.000,13:38:38.000,13:27:56.000,OppositePatternSignal,Other,755,113,38.7500,31.5500,40.8500,-4692.8200,1348.4000,6041.2200,9.2000,4.0000,4.0000,3.2000,78,113,642,23324.0000,23336.7000,23318.3000,True,False
2026-09-15,0,A,13:38:38.000,13:38:38.000,13:39:03.000,13:38:58.000,OppositePatternSignal,Other,25,20,60.9500,58.2500,60.0000,-1778.6600,-641.8800,1136.7800,2.7000,0,0,0,,20,5,23318.3000,23317.0000,23318.8000,True,False
2026-09-15,0,A,13:39:32.000,13:39:32.000,13:45:18.000,13:40:03.000,OppositePatternSignal,Other,346,31,59.3500,62.3000,60.8500,1892.1900,950.2800,-941.9100,0,11.8500,1.6500,11.8500,94,31,315,23319.2000,23317.7000,23302.0000,True,True
2026-09-15,0,B,13:45:18.000,13:45:18.000,13:55:57.000,13:45:52.000,OppositePatternSignal,Other,639,34,31.5000,35.6000,32.8500,2650.5400,864.1500,-1786.3900,0.7000,6.0500,1.5000,6.0500,463,34,605,23302.0000,23315.0000,23322.6000,True,True
2026-09-15,0,A,13:55:57.000,13:55:57.000,13:59:06.000,13:57:04.000,OppositePatternSignal,Other,189,67,61.4000,60.9000,60.3500,-349.7400,-707.0200,-357.2800,3.6000,2.4500,2.4500,0,20,67,122,23322.6000,23324.2000,23317.0000,False,True
2026-09-15,0,B,14:00:00.000,14:00:00.000,14:02:43.000,14:00:08.000,OppositePatternSignal,Other,163,8,37.2500,34.7000,37.1500,-1671.6000,-80.0900,1591.5100,2.5000,1.3500,0,1.3500,43,8,155,23320.0000,23328.0000,23320.0000,True,False
2026-09-15,0,A,14:02:43.000,14:02:43.000,14:08:43.000,14:04:02.000,OppositePatternSignal,Other,360,79,61.7000,62.5500,60.4000,527.0900,-869.5400,-1396.6300,2.6500,5.1500,0.6500,5.1500,326,79,281,23320.0000,23315.0000,23300.2000,True,True
2026-09-15,0,B,14:08:43.000,14:08:43.000,14:14:59.000,14:09:30.000,OppositePatternSignal,Other,376,47,32.5000,20.4500,29.4500,-7840.8100,-1994.4600,5846.3500,12.7500,0,0,0,,47,329,23300.2000,23297.1000,23279.0000,False,False
2026-09-15,0,A,14:14:59.000,14:14:59.000,14:20:30.000,14:15:05.000,OppositePatternSignal,Other,331,6,86.6000,106.0000,91.1500,12566.9400,2920.4700,-9646.4700,0,27.2000,4.7500,27.2000,284,6,325,23279.0000,23274.4000,23243.0000,True,True
2026-09-15,0,B,14:20:30.000,14:20:30.000,14:24:19.000,14:20:46.000,OppositePatternSignal,Other,229,16,33.7500,33.5500,33.3500,-143.6300,-273.5500,-129.9200,1.1500,2.5000,0.2500,2.5000,125,16,213,23243.0000,23245.1000,23255.0000,True,True
2026-09-15,0,A,14:24:19.000,14:24:19.000,14:34:32.000,14:24:27.000,OppositePatternSignal,Other,613,8,70.5000,69.8500,69.8500,-450.8800,-450.8800,0.0000,2.7500,6.9500,0,6.9500,440,8,605,23255.0000,23260.0000,23240.0000,False,True
2026-09-15,0,B,14:38:10.000,14:38:10.000,14:46:09.000,14:39:03.000,OppositePatternSignal,Other,479,53,34.3000,30.8000,36.4000,-2287.5100,1350.2100,3637.7200,4.0500,7.7500,2.4000,7.7500,267,53,426,23245.0000,23253.0000,23247.8000,True,True
2026-09-15,0,A,14:46:09.000,14:46:09.000,14:54:00.000,14:46:22.000,OppositePatternSignal,Other,471,13,72.0000,85.6000,70.9500,8805.2200,-711.3200,-9516.5400,1.7500,35.3000,0.7500,35.3000,152,13,458,23247.8000,23248.0000,23220.0000,False,True
2026-09-15,0,B,14:56:26.000,14:56:27.000,14:58:05.000,14:56:33.000,OppositePatternSignal,Other,98,6,42.4000,42.2500,42.0000,-114.6600,-277.0600,-162.4000,1.9000,0.3500,0,0.3500,87,6,92,23221.6000,23221.4000,23223.5000,False,True
2026-09-15,0,A,14:59:07.000,14:59:07.000,15:03:27.000,14:59:19.000,OppositePatternSignal,Other,260,12,59.4500,55.0500,59.0500,-2882.3600,-283.9900,2598.3700,12.6500,0.3500,0,0.3500,128,12,248,23214.6000,23206.0000,23212.0000,True,True
2026-09-16,6,A,09:22:12.000,09:22:12.000,09:23:16.000,09:22:44.000,OppositePatternSignal,Other,64,32,168.3500,170.5500,168.6000,1360.7100,94.0100,-1266.7000,3.2000,6.7500,6.7500,2.9000,11,32,32,23314.1000,23310.0000,23310.0000,True,True
2026-09-16,6,B,09:23:16.000,09:23:16.000,09:23:41.000,09:23:41.000,OppositePatternSignal,OppositePattern,25,25,148.4000,149.4000,149.4000,589.3100,589.3100,0.0000,0,2.0000,2.0000,0,7,25,0,23310.0000,23310.0000,23310.0000,False,False
2026-09-16,6,A,09:37:10.000,09:37:10.000,10:32:37.000,09:37:32.000,OppositePatternSignal,Other,3327,22,181.0000,158.5000,179.1000,-14689.3900,-1307.7600,13381.6300,30.9500,29.4000,0,29.4000,484,22,3305,23255.0000,23244.0000,23290.0000,True,False
2026-09-16,6,B,10:32:37.000,10:32:37.000,10:39:27.000,10:33:12.000,OppositePatternSignal,Other,410,35,143.6000,144.2000,142.8000,331.4200,-578.0100,-909.4300,5.0500,7.4000,3.5500,7.4000,131,35,375,23290.0000,23297.3000,23299.0000,True,True
2026-09-16,6,A,10:39:27.000,10:39:27.000,10:40:04.000,10:40:04.000,OppositePatternSignal,OppositePattern,37,37,181.8500,179.5500,179.5500,-1567.9400,-1567.9400,0.0000,2.4500,1.5000,1.5000,0,3,37,0,23299.0000,23296.3000,23296.3000,True,True
2026-09-16,6,B,10:40:04.000,10:40:04.000,11:14:33.000,10:42:06.000,OppositePatternSignal,Other,2069,122,146.4500,148.0000,146.6500,947.3800,70.4200,-876.9600,2.4000,15.5500,3.6000,15.5500,1429,122,1947,23296.3000,23300.0000,23307.5000,True,True
2026-09-16,6,A,11:14:33.000,11:14:33.000,11:37:59.000,11:18:22.000,OppositePatternSignal,Other,1406,229,174.4000,186.3500,169.3000,7691.8000,-3383.7800,-11075.5800,7.6000,19.6500,2.7000,19.6500,925,229,1177,23307.5000,23318.6000,23272.6000,False,True
2026-09-16,6,B,11:37:59.000,11:38:00.000,11:45:36.000,11:38:43.000,OppositePatternSignal,Other,456,43,160.7000,158.5000,166.4500,-1494.3900,3669.8800,5164.2700,2.2000,8.4500,8.4500,6.3000,32,43,413,23272.6000,23292.0000,23282.0000,True,True
2026-09-16,6,A,11:45:35.000,11:45:35.000,11:59:45.000,11:45:43.000,OppositePatternSignal,Other,850,8,188.6500,194.4500,188.6500,3691.0000,-76.6400,-3767.6400,10.0000,8.2500,0.4500,8.2500,659,8,842,23282.0000,23283.0000,23260.0000,False,True
2026-09-16,6,B,11:59:45.000,11:59:45.000,12:15:18.000,12:00:05.000,OppositePatternSignal,Other,933,20,150.7500,156.6500,150.7500,3771.3600,-61.2400,-3832.6000,5.5000,13.6000,0.6000,13.6000,856,20,913,23260.0000,23259.0000,23280.0000,False,True
2026-09-16,6,A,12:15:18.000,12:15:18.000,12:23:32.000,12:16:45.000,OppositePatternSignal,Other,494,87,186.3000,178.4000,182.5000,-5207.4800,-2544.1400,2663.3400,11.3000,2.1500,2.1500,0,54,87,407,23280.0000,23273.6000,23289.4000,True,False
2026-09-16,6,B,12:23:32.000,12:23:32.000,12:48:17.000,12:27:54.000,OppositePatternSignal,Other,1485,262,137.1000,147.1000,131.4000,6440.2400,-3758.3800,-10198.6200,6.6500,15.6000,0.6000,15.6000,619,262,1223,23289.4000,23283.0000,23310.0000,False,True
2026-09-16,6,A,12:48:17.000,12:48:17.000,12:53:53.000,12:48:53.000,OppositePatternSignal,Other,336,36,166.3500,168.3500,170.1000,1231.6100,2368.4000,1136.7900,0.0500,5.9500,4.5000,5.9500,231,36,300,23310.0000,23303.3000,23302.1000,True,True
2026-09-16,6,B,12:53:53.000,12:53:53.000,13:03:48.000,12:54:51.000,OppositePatternSignal,Other,595,58,144.9000,139.6000,143.4000,-3501.7100,-1033.2600,2468.4500,6.4500,3.0500,1.7000,3.0500,159,58,537,23302.1000,23300.1000,23306.2000,False,True
2026-09-16,6,A,13:03:48.000,13:03:48.000,13:16:47.000,13:05:04.000,OppositePatternSignal,Other,779,76,171.9500,159.1500,165.8500,-8384.6500,-4032.3800,4352.2700,24.5000,0.1000,0.1000,0,6,76,703,23306.2000,23311.0000,23317.7000,False,False
2026-09-16,6,B,13:16:47.000,13:16:47.000,13:17:05.000,13:16:53.000,OppositePatternSignal,Other,18,6,150.4500,147.5000,149.8500,-1977.4200,-450.8800,1526.5400,4.9500,0.0500,0.0500,0,6,6,12,23317.7000,23318.3000,23322.0000,True,True
2026-09-16,6,A,13:17:05.000,13:17:05.000,13:33:55.000,13:18:10.000,OppositePatternSignal,Other,1010,65,162.2500,181.6500,157.3000,12536.2000,-3281.4000,-15817.6000,9.1000,22.7500,1.7000,22.7500,774,65,945,23322.0000,23321.1000,23271.9000,True,True
2026-09-16,6,A,13:37:39.000,13:37:39.000,13:50:04.000,13:38:13.000,OppositePatternSignal,Other,745,34,186.0000,189.0500,183.1000,1905.7000,-1959.3800,-3865.0800,3.4000,9.9000,0,9.9000,424,34,711,23278.5000,23268.5000,23257.3000,True,True
2026-09-16,6,B,13:50:04.000,13:50:04.000,14:35:12.000,13:53:17.000,OppositePatternSignal,Other,2708,193,149.0000,153.8500,150.1000,3090.0000,654.0200,-2435.9800,1.6000,16.0000,4.1000,16.0000,1696,193,2515,23257.3000,23260.2000,23277.3000,True,True
2026-09-16,6,A,14:35:12.000,14:35:12.000,14:53:12.000,14:37:50.000,OppositePatternSignal,Other,1080,158,183.8500,180.5000,184.4500,-2250.8300,315.0700,2565.9000,8.1500,4.9500,3.1500,4.9500,211,158,922,23277.3000,23268.0000,23270.0000,True,True
2026-09-16,6,B,14:53:12.000,14:53:12.000,14:59:17.000,14:54:39.000,OppositePatternSignal,Other,365,87,155.2500,155.8000,152.2500,294.2100,-2011.8500,-2306.0600,2.8000,10.3500,1.2500,10.3500,236,87,278,23270.0000,23265.0000,23280.6000,False,True
2026-09-16,6,A,14:59:17.000,14:59:17.000,15:15:00.000,14:59:47.000,ForcedEod,Other,943,30,180.2000,183.9500,183.5000,2362.7700,2070.4500,-292.3200,1.2000,12.0000,3.8000,12.0000,73,30,913,23280.6000,23272.0000,23270.5000,True,True
2026-09-17,5,A,09:18:27.000,09:18:27.000,09:46:01.000,09:18:35.000,OppositePatternSignal,Other,1654,8,151.2500,152.5000,149.3000,750.5500,-1328.1500,-2078.7000,30.4500,9.6500,0.9500,9.6500,443,8,1646,23301.0000,23304.7000,23276.9000,False,True
2026-09-17,5,B,09:46:01.000,09:46:01.000,10:09:36.000,09:47:01.000,OppositePatternSignal,Other,1415,60,109.0000,141.1000,111.0000,20807.6800,1254.9100,-19552.7700,1.4000,34.8500,2.6500,34.8500,1184,60,1355,23276.9000,23281.2000,23356.7000,True,True
2026-09-17,5,B,10:10:12.000,10:10:12.000,10:27:57.000,10:10:42.000,OppositePatternSignal,Other,1065,30,116.2000,105.3000,115.5000,-7127.7800,-501.9200,6625.8600,14.2500,8.4000,0.4000,8.4000,144,30,1035,23351.0000,23350.0000,23331.0000,False,False
2026-09-17,5,A,10:27:57.000,10:27:57.000,10:53:29.000,10:28:30.000,OppositePatternSignal,Other,1532,33,147.0000,159.8000,146.1500,8255.0800,-611.8700,-8866.9500,3.0000,17.9500,1.0000,17.9500,1038,33,1499,23331.0000,23329.6000,23307.0000,True,True
2026-09-17,5,B,10:53:29.000,10:53:29.000,10:59:51.000,10:53:45.000,OppositePatternSignal,Other,382,16,117.8000,115.7500,116.8000,-1379.5200,-697.4500,682.0700,3.3000,5.4000,0.1500,5.4000,223,16,366,23307.0000,23315.1000,23309.9000,True,True
2026-09-17,5,A,10:59:51.000,10:59:51.000,12:02:09.000,11:01:07.000,OppositePatternSignal,Other,3738,76,135.1000,113.6500,141.5500,-13988.6700,4135.0000,18123.6700,26.9000,39.0500,7.1000,39.0500,659,76,3662,23309.9000,23294.0000,23345.1000,True,False
2026-09-17,5,A,12:05:26.000,12:05:26.000,12:12:27.000,12:06:01.000,OppositePatternSignal,Other,421,35,137.4500,117.6000,134.6000,-12950.2800,-1907.1800,11043.1000,22.7500,0.6000,0.6000,0,7,35,386,23347.7000,23355.0000,23389.9000,False,False
2026-09-17,5,B,12:14:26.000,12:14:26.000,12:20:56.000,12:14:58.000,OppositePatternSignal,Other,390,32,104.6000,103.7500,101.7500,-594.6500,-1893.8400,-1299.1900,5.2500,4.8000,0.8500,4.8000,227,32,358,23390.0000,23390.0000,23394.9000,False,True
2026-09-17,5,A,12:20:56.000,12:20:56.000,12:58:21.000,12:21:50.000,OppositePatternSignal,Other,2245,54,138.7000,139.4000,138.8500,398.3700,41.0900,-357.2800,9.7500,7.2500,1.1000,7.2500,1770,54,2191,23394.9000,23392.0000,23381.6000,True,True
2026-09-17,5,B,12:58:21.000,12:58:21.000,13:13:52.000,13:01:00.000,OppositePatternSignal,Other,931,159,101.1500,90.8000,101.5500,-6764.3900,218.7500,6983.1400,11.4500,0.8000,0.8000,0.7500,154,159,772,23381.6000,23389.0000,23371.0000,True,False
2026-09-17,5,B,13:47:11.000,13:47:11.000,14:01:47.000,13:47:12.000,OppositePatternSignal,Other,876,1,112.7500,109.2500,112.6000,-2319.3800,-143.2400,2176.1400,7.3000,1.4500,0.8000,1.4500,5,1,875,23303.8000,23312.1000,23310.5000,True,True
2026-09-17,5,A,14:12:40.000,14:12:40.000,14:18:16.000,14:14:56.000,OppositePatternSignal,Other,336,136,127.8000,124.9000,127.3000,-1935.7400,-376.7200,1559.0200,3.5000,3.6000,1.2000,3.6000,276,136,200,23319.1000,23319.6000,23310.1000,False,True
2026-09-17,5,B,14:18:16.000,14:18:16.000,14:33:17.000,14:19:30.000,OppositePatternSignal,Other,901,74,113.1000,110.5000,117.9000,-1734.8900,3072.1000,4806.9900,6.4500,7.4500,5.8500,7.4500,360,74,827,23310.1000,23329.0000,23318.7000,True,True
2026-09-17,5,A,14:33:17.000,14:33:17.000,14:46:48.000,14:33:56.000,OppositePatternSignal,Other,811,39,125.7000,119.2000,125.5000,-4273.4200,-180.9800,4092.4400,18.5000,3.0000,0.1500,3.0000,85,39,772,23318.7000,23319.9000,23322.1000,False,False
2026-09-17,5,A,14:51:22.000,14:51:22.000,15:01:56.000,14:52:21.000,OppositePatternSignal,Other,634,59,141.7500,145.1500,139.4500,2151.0300,-1551.6500,-3702.6800,3.5000,12.2500,0.2000,12.2500,539,59,575,23335.4000,23325.8000,23319.0000,True,True
2026-09-18,4,A,09:35:33.000,09:35:34.000,09:47:12.000,09:36:18.000,OppositePatternSignal,Other,698,44,112.6000,99.0000,104.2500,-8880.2200,-5469.8500,3410.3700,18.2000,0.1000,0.1000,0,3,44,654,23323.2000,23330.0000,23335.0000,False,False
2026-09-18,4,B,09:47:12.000,09:47:12.000,09:51:23.000,09:49:46.000,OppositePatternSignal,Other,251,154,94.5000,93.3000,91.8000,-817.9000,-1792.2900,-974.3900,4.5000,4.1500,4.1500,0.6000,84,154,97,23335.0000,23332.0000,23345.0000,False,True
2026-09-18,4,A,09:51:23.000,09:51:23.000,09:54:44.000,09:52:28.000,OppositePatternSignal,Other,201,65,122.9500,118.5000,121.0000,-2940.6400,-1316.6600,1623.9800,5.6000,1.8000,1.8000,0,31,65,136,23345.0000,23335.2000,23344.5000,True,True
2026-09-18,4,B,09:54:44.000,09:54:44.000,09:58:23.000,09:55:13.000,OppositePatternSignal,Other,219,29,96.3000,97.2000,101.0500,545.5100,3046.4500,2500.9400,2.0000,5.4500,4.8500,5.4500,161,29,190,23344.5000,23350.0000,23352.0000,True,True
2026-09-18,4,A,09:58:23.000,09:58:23.000,10:00:18.000,09:59:38.000,OppositePatternSignal,Other,115,75,116.0000,114.5000,112.5000,-1021.5200,-2320.7000,-1299.1800,4.7500,0,0,0,,75,40,23352.0000,23355.0000,23344.0000,False,True
2026-09-18,4,B,10:00:18.000,10:00:18.000,10:03:51.000,10:01:11.000,OppositePatternSignal,Other,213,53,97.3000,94.6500,99.9000,-1760.9500,1649.4200,3410.3700,2.8000,3.5500,3.2500,3.5500,55,53,160,23344.0000,23358.2000,23351.7000,True,True
2026-09-18,4,A,10:03:51.000,10:03:51.000,10:13:58.000,10:05:25.000,OppositePatternSignal,Other,607,94,117.6000,109.7000,114.1500,-5179.5700,-2288.8700,2890.7000,8.9500,4.2000,0.9000,4.2000,199,94,513,23351.7000,23347.0000,23352.1000,True,False
2026-09-18,4,B,10:13:58.000,10:13:58.000,10:22:45.000,10:14:58.000,OppositePatternSignal,Other,527,60,99.8000,93.0000,98.5000,-4457.7800,-885.0200,3572.7600,7.5500,0.2000,0.2000,0.2000,5,60,467,23352.1000,23356.0000,23353.0000,True,True
2026-09-18,4,A,10:22:44.000,10:22:45.000,10:38:42.000,10:24:48.000,OppositePatternSignal,Other,957,123,116.7500,120.8500,121.5000,2615.9000,3038.1400,422.2400,2.6000,9.9500,6.0000,9.9500,863,123,834,23353.0000,23330.0000,23335.0000,True,True
2026-09-18,4,B,10:38:42.000,10:38:42.000,10:40:02.000,10:40:02.000,OppositePatternSignal,OppositePattern,80,80,88.0000,85.1500,85.1500,-1887.0900,-1887.0900,0.0000,3.4000,0.9500,0.9500,0,40,80,0,23335.0000,23330.0000,23330.0000,False,False
2026-09-18,4,A,10:40:02.000,10:40:02.000,10:43:09.000,10:40:23.000,OppositePatternSignal,Other,187,21,126.3500,124.7000,127.6000,-1123.1600,760.6600,1883.8200,5.7500,3.5500,1.5500,3.5500,36,21,166,23330.0000,23321.0000,23327.7000,True,True
2026-09-18,4,B,10:43:09.000,10:43:09.000,10:55:59.000,10:46:34.000,OppositePatternSignal,Other,770,205,85.7500,88.7000,87.2000,1881.4700,907.0800,-974.3900,2.1000,5.2000,2.2000,5.2000,546,205,565,23327.7000,23338.0000,23339.9000,True,True
2026-09-18,4,A,10:55:59.000,10:55:59.000,11:17:15.000,10:58:37.000,OppositePatternSignal,Other,1276,158,118.8000,124.3500,120.4500,3556.9800,1023.5700,-2533.4100,1.8000,12.2000,2.6500,12.2000,560,158,1118,23339.9000,23335.0000,23321.1000,True,True
2026-09-18,4,A,11:26:14.000,11:26:14.000,11:30:19.000,11:29:04.000,OppositePatternSignal,Other,245,170,101.8000,97.1500,102.1000,-3061.9700,153.5200,3215.4900,4.9500,1.0000,1.0000,0.9500,150,170,75,23325.0000,23316.0000,23321.7000,True,True
2026-09-18,4,B,11:30:19.000,11:30:19.000,11:34:54.000,11:30:22.000,OppositePatternSignal,Other,275,3,108.0000,104.6000,108.0500,-2252.4900,-11.4000,2241.0900,6.8500,0.5000,0.5000,0,2,3,272,23321.7000,23334.1000,23324.0000,True,True
2026-09-18,4,A,11:34:53.000,11:34:53.000,12:10:01.000,11:36:56.000,OppositePatternSignal,Other,2108,123,100.4000,88.1000,98.6500,-8030.7900,-1177.5800,6853.2100,19.5500,1.1500,1.1500,0.6500,32,123,1985,23324.0000,23323.0000,23340.6000,True,False
2026-09-18,4,B,12:10:01.000,12:10:01.000,12:18:02.000,12:13:16.000,OppositePatternSignal,Other,481,195,87.7000,87.9000,90.0000,94.2900,1458.4400,1364.1500,0.4500,4.0000,4.0000,3.8000,127,195,286,23340.6000,23345.7000,23349.0000,True,True
2026-09-18,4,A,12:18:02.000,12:18:02.000,12:44:42.000,12:19:01.000,OppositePatternSignal,Other,1600,59,110.3000,100.7500,109.8000,-6248.4300,-369.6100,5878.8200,12.2000,3.6000,0.9000,3.6000,166,59,1541,23349.0000,23344.0000,23359.1000,True,False
2026-09-18,4,B,12:44:42.000,12:44:42.000,12:53:26.000,12:47:00.000,OppositePatternSignal,Other,524,138,93.3500,90.1000,92.2500,-2149.1000,-752.4800,1396.6200,6.1000,0.1500,0,0.1500,166,138,386,23359.1000,23360.0000,23360.0000,True,True
2026-09-18,4,A,12:53:26.000,12:53:26.000,12:58:23.000,12:56:11.000,OppositePatternSignal,Other,297,165,103.3000,100.1500,99.5000,-2088.1900,-2510.4200,-422.2300,4.6000,0.4000,0.4000,0,14,165,132,23360.0000,23360.0000,23354.1000,False,True
2026-09-18,4,B,12:58:23.000,12:58:23.000,13:22:32.000,13:02:23.000,OppositePatternSignal,Other,1449,240,91.7500,87.6500,93.6000,-2700.6100,1164.4800,3865.0900,7.1000,7.2500,2.6500,7.2500,355,240,1209,23354.1000,23364.0000,23360.0000,True,True
2026-09-18,4,A,13:22:32.000,13:22:32.000,13:32:50.000,13:26:19.000,OppositePatternSignal,Other,618,227,101.2500,99.5000,100.4500,-1177.9200,-560.8100,617.1100,3.6500,3.1000,0.5000,3.1000,531,227,391,23360.0000,23355.0000,23358.0000,True,True
2026-09-18,4,B,13:32:50.000,13:32:50.000,13:59:01.000,13:34:37.000,OppositePatternSignal,Other,1571,107,87.3000,84.1000,86.7500,-2114.1700,-392.7400,1721.4300,13.4000,2.2000,2.2000,0.2000,80,107,1464,23358.0000,23351.4000,23362.0000,False,True
2026-09-18,4,A,13:59:01.000,13:59:01.000,14:32:09.000,13:59:55.000,OppositePatternSignal,Other,1988,54,100.4000,83.0500,101.6000,-11311.2400,738.7200,12049.9600,19.4000,1.6000,1.5000,1.6000,64,54,1934,23362.0000,23358.0000,23394.0000,True,False
2026-09-18,4,B,14:32:09.000,14:32:09.000,14:35:39.000,14:33:01.000,OppositePatternSignal,Other,210,52,78.1000,80.2500,82.2000,1364.9000,2631.6100,1266.7100,0,7.5500,4.1000,7.5500,70,52,158,23394.0000,23400.0000,23400.0000,True,True
2026-09-18,4,A,14:35:39.000,14:35:39.000,14:58:46.000,14:36:07.000,OppositePatternSignal,Other,1387,28,106.1000,97.2500,105.5500,-5792.0100,-400.3800,5391.6300,11.2500,9.7500,0.3500,9.7500,565,28,1359,23400.0000,23398.0000,23409.0000,True,False
2026-09-21,1,B,09:20:44.000,09:20:44.000,09:20:56.000,09:20:56.000,OppositePatternSignal,OppositePattern,12,12,65.9000,63.4500,63.4500,-1618.2800,-1618.2800,0.0000,2.6000,0,0,0,,12,0,23395.1000,23397.8000,23397.8000,True,True
2026-09-21,1,A,09:20:56.000,09:20:56.000,09:24:04.000,09:21:34.000,OppositePatternSignal,Other,188,38,87.1000,85.3000,86.0500,-1204.6500,-717.4600,487.1900,4.5500,1.9000,0,1.9000,99,38,150,23397.8000,23394.7000,23393.0000,True,True
2026-09-21,1,B,09:24:04.000,09:24:04.000,09:35:29.000,09:25:09.000,OppositePatternSignal,Other,685,65,65.3000,72.5500,62.6500,4683.0300,-1747.9500,-6430.9800,3.0500,11.1000,0.6500,11.1000,504,65,620,23393.0000,23388.0000,23412.0000,False,True
2026-09-21,1,A,09:35:29.000,09:35:29.000,09:44:04.000,09:35:57.000,OppositePatternSignal,Other,515,28,75.9000,79.2000,73.9500,2112.8200,-1297.5400,-3410.3600,3.2000,7.7000,0.1500,7.7000,340,28,487,23412.0000,23415.0000,23393.8000,False,True
2026-09-21,1,B,09:44:04.000,09:44:04.000,09:58:59.000,09:44:26.000,OppositePatternSignal,Other,895,22,66.8000,66.9000,67.3500,37.8200,330.1400,292.3200,0.7000,7.2000,0.7000,7.2000,306,22,873,23393.8000,23400.0000,23402.6000,True,True
2026-09-21,1,A,09:58:59.000,09:58:59.000,10:22:03.000,10:01:20.000,OppositePatternSignal,Other,1384,141,77.9500,86.8500,78.8500,5749.7200,552.9700,-5196.7500,3.0500,10.8500,1.6000,10.8500,975,141,1243,23402.6000,23400.6000,23380.6000,True,True
2026-09-21,1,B,10:22:03.000,10:22:03.000,10:32:18.000,10:22:21.000,OppositePatternSignal,Other,615,18,57.7000,56.3500,57.6000,-900.3900,-88.4000,811.9900,3.2500,2.5000,0.3500,2.5000,110,18,597,23380.6000,23391.6000,23382.6000,True,True
2026-09-21,1,A,10:32:18.000,10:32:18.000,10:48:17.000,10:33:20.000,OppositePatternSignal,Other,959,62,87.5500,82.9000,87.5000,-3056.1800,-68.0500,2988.1300,9.7500,3.7500,0.8000,3.7500,118,62,897,23382.6000,23380.7000,23387.3000,True,False
2026-09-21,1,B,10:48:17.000,10:48:17.000,10:58:16.000,10:50:13.000,OppositePatternSignal,Other,599,116,59.0000,62.3500,60.0000,2152.1700,625.6200,-1526.5500,1.7500,4.9000,1.8500,4.9000,353,116,483,23387.3000,23398.8000,23398.0000,True,True
2026-09-21,1,A,11:03:53.000,11:03:53.000,11:05:45.000,11:04:41.000,OppositePatternSignal,Other,112,48,77.4500,77.0500,76.0000,-291.3000,-973.3800,-682.0800,2.0500,0.5500,0.1500,0.5500,106,48,64,23403.0000,23405.0000,23397.2000,False,True
2026-09-21,1,B,11:05:45.000,11:05:45.000,11:21:51.000,11:07:22.000,OppositePatternSignal,Other,966,97,63.0000,63.0500,64.2000,6.8900,753.9200,747.0300,2.3000,5.0000,1.9000,5.0000,465,97,869,23397.2000,23403.0000,23406.9000,True,True
2026-09-21,1,A,11:21:51.000,11:21:51.000,11:22:07.000,11:22:07.000,OppositePatternSignal,OppositePattern,16,16,75.3500,74.6500,74.6500,-485.3300,-485.3300,0.0000,1.0000,0,0,0,,16,0,23406.9000,23393.6000,23393.6000,True,True
2026-09-21,1,B,11:22:07.000,11:22:07.000,11:27:38.000,11:24:06.000,OppositePatternSignal,Other,331,119,63.6000,64.1500,65.6500,331.4400,1305.8300,974.3900,0.4000,2.9000,2.9000,2.9000,115,119,212,23393.6000,23401.0000,23405.9000,True,True
2026-09-21,1,A,11:27:38.000,11:27:38.000,11:59:19.000,11:29:18.000,OppositePatternSignal,Other,1901,100,73.2500,60.5000,71.5000,-8312.0800,-1166.5500,7145.5300,14.2000,0.1500,0.1500,0,1,100,1801,23405.9000,23404.2000,23431.0000,True,False
2026-09-21,1,B,12:00:22.000,12:00:22.000,12:04:58.000,12:01:10.000,OppositePatternSignal,Other,276,48,54.2500,52.1500,53.5500,-1386.1900,-476.7500,909.4400,4.9000,1.1000,1.1000,0,8,48,228,23433.3000,23430.9000,23428.2000,False,False
2026-09-21,1,A,12:05:55.000,12:05:55.000,12:06:19.000,12:06:19.000,OppositePatternSignal,OppositePattern,24,24,86.9500,86.1000,86.1000,-587.4800,-587.4800,0.0000,1.0000,0.4000,0.4000,0,3,24,0,23427.1000,23425.8000,23425.8000,True,True
2026-09-21,1,B,12:13:14.000,12:13:14.000,12:19:39.000,12:13:48.000,OppositePatternSignal,Other,385,34,74.4000,74.0000,74.8500,-290.0600,262.0900,552.1500,1.2000,2.8500,0.7000,2.8500,172,34,351,23423.7000,23433.9000,23432.0000,True,True
2026-09-21,1,A,12:19:39.000,12:19:39.000,12:21:32.000,12:21:32.000,OppositePatternSignal,OppositePattern,113,113,88.5000,85.1000,85.1000,-2244.5700,-2244.5700,0.0000,3.4500,0.2000,0.2000,0,34,113,0,23432.0000,23428.7000,23428.7000,True,True
2026-09-21,1,B,12:21:32.000,12:21:32.000,12:39:05.000,12:22:17.000,OppositePatternSignal,Other,1053,45,52.0000,48.4000,51.7000,-2359.6600,-216.0000,2143.6600,3.8000,0.9000,0.4000,0.9000,568,45,1008,23428.7000,23434.0000,23431.5000,True,True
2026-09-21,1,A,12:39:05.000,12:39:05.000,13:21:17.000,12:40:18.000,OppositePatternSignal,Other,2532,73,88.7500,82.3500,88.0500,-4193.4500,-490.7700,3702.6800,9.0500,8.6500,0.8500,8.6500,1956,73,2459,23431.5000,23423.4000,23426.0000,True,True
2026-09-21,1,B,13:21:17.000,13:21:17.000,13:46:15.000,13:22:13.000,OppositePatternSignal,Other,1498,56,49.6500,50.1500,52.0000,304.6300,1506.3800,1201.7500,0.8500,5.8000,2.7000,5.8000,823,56,1442,23426.0000,23435.0000,23437.8000,True,True
2026-09-21,1,A,13:46:15.000,13:46:15.000,13:50:14.000,13:48:42.000,OppositePatternSignal,Other,239,147,79.7000,77.0500,78.6500,-1753.8000,-714.4500,1039.3500,3.3500,0.2500,0.1500,0.2500,170,147,92,23437.8000,23438.0000,23437.0000,False,True
2026-09-21,1,B,13:50:14.000,13:50:14.000,14:22:56.000,13:51:16.000,OppositePatternSignal,Other,1962,62,52.3000,64.3500,54.8000,7806.3600,1602.7400,-6203.6200,0,23.8000,3.0500,23.8000,563,62,1900,23437.0000,23440.0000,23465.8000,True,True
2026-09-21,1,A,14:22:56.000,14:22:56.000,14:27:30.000,14:24:32.000,OppositePatternSignal,Other,274,96,63.9500,63.4500,63.1500,-350.7800,-545.6500,-194.8700,1.9000,0.9000,0.2000,0.9000,206,96,178,23465.8000,23456.5000,23457.0000,True,True
2026-09-21,1,B,14:27:30.000,14:27:30.000,14:35:03.000,14:28:26.000,OppositePatternSignal,Other,453,56,66.0000,60.5500,65.9000,-3567.1000,-91.7700,3475.3300,6.8500,1.9500,1.9500,0.0500,34,56,397,23457.0000,23457.4000,23450.0000,True,False
2026-09-21,1,A,14:35:03.000,14:35:03.000,15:17:22.000,14:36:23.000,OppositePatternSignal,Other,2539,80,66.8000,64.3000,66.0000,-1651.1200,-546.8100,1104.3100,4.3500,3.2000,1.6000,3.2000,2260,80,2459,23450.0000,23449.0000,23441.1000,True,True
