TradingDate,Dte,Pattern,SignalTimeIST,EntryTimeIST,ExitTimeIST,ExitReason,EntryPremium,ExitPremium,Quantity,NetPnl,HoldingSeconds,HoldingBars,MAE,MFE,SecondsToMfe
2026-09-04,4,B,09:41:34.000,09:41:34.000,09:44:09.000,Both,59.6500,60.0000,650,203.1200,155,1,1.1000,0.5500,146
2026-09-04,4,B,09:44:27.000,09:44:27.000,09:45:04.000,PatternInvalidation,60.7500,60.7500,650,-24.6800,37,1,0.2500,0.3000,6
2026-09-04,4,A,11:48:39.000,11:48:39.000,11:53:12.000,PatternInvalidation,145.6000,144.6000,650,-708.7400,273,1,6.0000,0.3000,2
2026-09-04,4,A,11:58:43.000,11:58:43.000,12:01:45.000,PatternInvalidation,145.4000,151.0000,650,3578.6600,182,1,0.7500,6.6000,182
2026-09-08,0,A,10:00:47.000,10:00:47.000,10:02:33.000,PatternInvalidation,128.4000,132.1000,650,2351.3300,106,1,1.1500,3.7500,85
2026-09-08,0,B,10:07:07.000,10:07:07.000,10:08:38.000,PatternInvalidation,13.8000,14.7000,650,579.0300,91,1,0,1.2000,91
2026-09-08,0,A,11:13:24.000,11:13:24.000,11:18:06.000,PatternInvalidation,123.2000,122.0000,650,-829.5600,282,1,3.6500,1.8000,178
2026-09-08,0,B,12:13:31.000,12:13:31.000,12:18:45.000,PatternInvalidation,15.2000,15.7000,650,318.6200,314,1,0.7500,0.7000,309
2026-09-08,0,A,12:52:14.000,12:52:14.000,12:57:01.000,PatternInvalidation,94.8000,89.2500,650,-3643.7600,287,1,9.1000,1.1000,22
2026-09-08,0,B,14:01:36.000,14:01:36.000,14:07:24.000,PatternInvalidation,9.2000,9.7500,650,353.5400,348,2,0.6000,1.1000,206
2026-09-08,0,A,14:46:54.000,14:46:54.000,14:49:22.000,PatternInvalidation,99.5000,98.1000,650,-949.8500,148,1,4.4500,0.8000,25
2026-09-09,6,B,09:25:06.000,09:25:06.000,09:25:44.000,PatternInvalidation,112.9500,113.5500,650,343.8700,38,1,1.2000,1.2000,31
2026-09-09,6,A,09:36:42.000,09:36:42.000,09:37:02.000,PatternInvalidation,148.7000,147.0500,650,-1132.2400,20,2,2.2500,0,
2026-09-09,6,A,10:09:07.000,10:09:07.000,10:10:12.000,Both,165.8000,164.5500,650,-879.3500,65,1,2.3000,0.4500,5
2026-09-09,6,B,10:29:39.000,10:29:39.000,10:30:01.000,PatternInvalidation,99.8500,100.1500,650,154.3100,22,1,0.3000,1.1500,7
2026-09-09,6,A,12:07:43.000,12:07:43.000,12:11:15.000,PatternInvalidation,163.4500,160.9500,650,-1690.3900,212,2,5.4500,0.3500,15
2026-09-09,6,B,12:12:47.000,12:12:47.000,12:18:28.000,PatternInvalidation,96.4000,96.0000,650,-299.0000,341,2,2.3000,1.2000,82
2026-09-09,6,A,12:21:58.000,12:21:58.000,12:24:06.000,PatternInvalidation,159.3000,155.4000,650,-2598.1300,128,1,3.9000,3.0500,55
2026-09-09,6,B,14:04:38.000,14:04:38.000,14:07:07.000,PatternInvalidation,99.0000,97.7500,650,-852.2100,149,1,1.4500,3.3000,99
2026-09-10,5,A,14:04:29.000,14:04:29.000,14:07:05.000,PatternInvalidation,126.7000,123.9000,650,-1870.3300,156,1,3.1500,5.2000,35
2026-09-11,4,B,11:08:33.000,11:08:33.000,11:10:23.000,PatternInvalidation,84.3000,86.3000,650,1264.9400,110,1,1.1500,3.6500,78
2026-09-11,4,B,12:43:12.000,12:43:12.000,12:46:46.000,Both,91.7500,82.9000,650,-5786.1800,214,1,9.7000,0.7000,15
2026-09-11,4,A,12:51:11.000,12:51:11.000,12:51:52.000,PatternInvalidation,127.0000,129.2000,650,1377.5100,41,1,0.6000,2.3000,39
2026-09-11,4,B,12:54:16.000,12:54:16.000,12:55:02.000,PatternInvalidation,84.5500,84.1000,650,-326.6700,46,1,1.2000,0.9500,28
2026-09-11,4,A,12:58:01.000,12:58:01.000,12:59:20.000,Both,123.2500,120.5000,650,-1836.4500,79,1,5.5000,0.2500,1
2026-09-11,4,A,13:01:26.000,13:01:26.000,13:05:04.000,PatternInvalidation,126.4500,132.4000,650,3813.7100,218,1,2.4500,7.0500,214
2026-09-11,4,B,13:52:06.000,13:52:06.000,13:54:16.000,PatternInvalidation,79.6500,87.7500,650,5229.3500,130,2,0.1500,11.2500,130
2026-09-15,0,A,09:33:14.000,09:33:14.000,09:35:09.000,PatternInvalidation,81.8000,76.4500,650,-3508.5600,115,1,5.3500,1.6000,18
2026-09-15,0,A,10:52:24.000,10:52:24.000,10:53:59.000,PatternInvalidation,64.5000,65.6500,650,720.8300,95,1,1.7000,3.2500,7
2026-09-15,0,B,11:44:33.000,11:44:33.000,11:49:26.000,PatternInvalidation,35.6000,34.6500,650,-631.5800,293,1,2.3500,0.7500,18
2026-09-15,0,A,13:03:11.000,13:03:11.000,13:04:23.000,PatternInvalidation,74.7500,71.4000,650,-2206.5100,72,2,5.1500,0.4500,1
2026-09-15,0,A,13:16:53.000,13:16:53.000,13:20:35.000,PatternInvalidation,83.2000,80.4500,650,-1820.1800,222,2,8.0000,5.5000,4
2026-09-15,0,A,14:45:04.000,14:45:04.000,14:45:55.000,PatternInvalidation,65.8500,68.7500,650,1857.0700,51,1,0,3.4500,49
2026-09-15,0,B,14:56:26.000,14:56:27.000,14:58:38.000,PatternInvalidation,42.4000,41.1000,650,-861.7000,131,2,1.9000,0.3500,87
2026-09-16,6,A,09:22:21.000,09:22:21.000,09:23:12.000,OptionMomentumInvalidation,171.5000,169.0500,650,-1661.1800,51,1,6.3500,3.6000,2
2026-09-16,6,B,09:34:01.000,09:34:01.000,09:34:53.000,PatternInvalidation,157.5000,163.0000,650,3508.7800,52,1,0.4500,6.4000,46
2026-09-16,6,A,13:17:05.000,13:17:05.000,13:21:56.000,Both,162.2500,160.5500,650,-1170.2200,291,1,9.1000,1.7000,7
2026-09-16,6,B,13:21:56.000,13:21:56.000,13:25:54.000,Both,148.7000,140.0000,650,-5711.8800,238,1,10.1500,1.2000,8
2026-09-16,6,A,13:37:39.000,13:37:39.000,13:41:08.000,PatternInvalidation,186.0000,188.6500,650,1645.8600,209,1,3.4000,9.7000,166
2026-09-16,6,B,14:29:16.000,14:29:16.000,14:37:50.000,Both,156.6000,153.3500,650,-2174.8000,514,1,4.4500,2.9000,18
2026-09-17,5,B,13:47:11.000,13:47:11.000,13:47:42.000,PatternInvalidation,112.7500,110.5500,650,-1474.9100,31,2,2.0500,1.4500,5
2026-09-17,5,A,14:34:19.000,14:34:19.000,14:37:45.000,Both,126.6500,110.8500,650,-10315.0300,206,1,16.0000,2.0500,23
2026-09-18,4,A,09:35:33.000,09:35:34.000,09:39:57.000,Both,112.6000,97.8000,650,-9659.7300,263,1,16.5500,0.1000,3
2026-09-18,4,B,10:00:18.000,10:00:18.000,10:07:05.000,PatternInvalidation,97.3000,92.1000,650,-3417.4200,407,1,5.0000,3.5500,55
2026-09-18,4,A,10:40:45.000,10:40:45.000,10:49:37.000,PatternInvalidation,128.2500,126.6500,650,-1091.4500,532,1,7.6500,1.0500,22
2026-09-18,4,B,14:34:04.000,14:34:04.000,14:35:44.000,Both,80.8000,80.3500,650,-325.1400,100,2,1.7000,2.6000,17
2026-09-21,1,B,09:32:29.000,09:32:29.000,09:35:29.000,PatternInvalidation,75.5500,72.5500,650,-1979.4700,180,1,6.2500,0.2500,2
2026-09-21,1,B,11:05:45.000,11:05:45.000,11:08:12.000,PatternInvalidation,63.0000,65.1500,650,1371.0300,147,1,0.5500,2.3500,143
2026-09-21,1,B,11:08:30.000,11:08:30.000,11:11:44.000,PatternInvalidation,64.5500,65.9000,650,850.7300,194,1,0.4500,3.2500,178
2026-09-21,1,B,12:01:10.000,12:01:10.000,12:04:09.000,Both,53.7000,50.0500,650,-2392.8300,179,1,4.3500,0,
2026-09-21,1,A,12:11:25.000,12:11:25.000,12:14:02.000,PatternInvalidation,87.1500,86.5000,650,-457.6400,157,2,0.8000,1.3500,105
2026-09-21,1,A,13:09:16.000,13:09:16.000,13:13:21.000,PatternInvalidation,66.6000,66.0500,650,-384.3300,245,1,0.9500,2.7500,141
