Pattern,SignalTimeIST,EntryTimeIST,ExitTimeIST,OptionType,Strike,ContractToken,EntryPremium,ExitPremium,GrossPnl,Costs,NetPnl,HoldingSeconds,FuturesEntry,FuturesExit,UnderlyingChange,MAE,MFE,SecondsToMfe,OptionMtm1,OptionMtm2,OptionMtm4,ExitReason
A,09:47:29.000,09:47:29.000,09:50:34.000,Put,23250.0000,73922,128.3000,121.1500,-4647.5000,49.22,-4696.7200,185,23236.2000,23235.0000,-1.2000,11.6000,1.0500,33,-3.5463756819953234606391270500,-8.651597817614964925954793450,-5.9625876851130163678877630600,OppositePatternSignal
B,09:50:34.000,09:50:34.000,09:54:37.000,Call,23250.0000,73921,111.1500,109.1500,-1300.0000,44.34,-1344.3400,243,23235.0000,23241.0000,6.0000,2.7500,1.7000,20,0.1349527665317139001349527700,0.1799370220422852001799370200,-2.0692757534862798020692757500,OppositePatternSignal
A,09:54:37.000,09:54:37.000,10:30:50.000,Put,23250.0000,73922,125.2500,123.9500,-845.0000,50.35,-895.3500,2173,23241.0000,23226.8000,-14.2000,18.2500,8.9500,1729,4.4311377245508982035928143700,0.9980039920159680638722554900,-2.4750499001996007984031936100,OppositePatternSignal
B,10:30:50.000,10:30:50.000,11:04:47.000,Call,23250.0000,73921,105.5000,112.0000,4225.0000,45.50,4179.5000,2037,23226.8000,23259.2000,32.4000,1.8000,11.7000,1499,2.3696682464454976303317535500,3.3175355450236966824644549800,1.5165876777251184834123222700,OppositePatternSignal
A,11:04:47.000,11:04:47.000,11:29:38.000,Put,23250.0000,73922,111.2000,120.6000,6110.0000,48.99,6061.0100,1491,23259.2000,23230.1000,-29.1000,4.2000,16.3000,1247,2.8327338129496402877697841700,4.6762589928057553956834532400,9.622302158273381294964028780,OppositePatternSignal
B,11:29:38.000,11:29:38.000,11:35:36.000,Call,23250.0000,73921,105.7500,100.3000,-3542.5000,40.75,-3583.2500,358,23230.1000,23227.0000,-3.1000,6.4500,0,,-3.1678486997635933806146572100,-6.0992907801418439716312056700,-3.3096926713947990543735224600,OppositePatternSignal
A,11:35:36.000,11:35:36.000,12:31:11.000,Put,23250.0000,73922,129.0000,128.0500,-617.5000,52.02,-669.5200,3335,23227.0000,23219.9000,-7.1000,10.2500,9.7500,1332,-3.2945736434108527131782945700,-4.3023255813953488372093023300,-5.7751937984496124031007751900,OppositePatternSignal
B,12:31:11.000,12:31:11.000,13:06:49.000,Call,23200.0000,73910,125.5000,122.2500,-2112.5000,49.66,-2162.1600,2138,23219.9000,23211.0000,-8.9000,11.5500,0.3000,2,-6.1752988047808764940239043800,-6.1354581673306772908366533900,-6.6135458167330677290836653400,OppositePatternSignal
A,13:06:49.000,13:06:49.000,14:10:49.000,Put,23200.0000,73911,110.2000,197.8500,56972.5000,80.38,56892.1200,3840,23211.0000,23088.0000,-123.0000,7.1000,116.0000,3142,-1.6333938294010889292196007300,-2.4047186932849364791288566200,3.3575317604355716878402903800,OppositePatternSignal
A,14:20:57.000,14:20:57.000,14:46:25.000,Put,23100.0000,73907,148.5000,118.2500,-19662.5000,48.04,-19710.5400,1528,23096.0000,23120.6000,24.6000,35.0000,12.4000,216,0.2693602693602693602693602700,1.4478114478114478114478114500,3.6700336700336700336700336700,OppositePatternSignal
B,14:46:25.000,14:46:25.000,15:14:19.000,Call,23100.0000,73906,143.6500,132.3000,-7377.5000,53.75,-7431.2500,1674,23120.6000,23114.0000,-6.6000,15.4000,6.3500,551,-1.1138183083884441350504698900,-0.8005569091541942220675252300,1.6359206404455273233553776500,OppositePatternSignal
