Pattern,TimestampIST,WindowBarCount,WindowDurationSeconds,ActualWindowVolume,FuturesStart,FuturesEnd,AtmStrike,Forward1Pts,Forward2Pts,Forward4Pts,ExpectedDirectionCorrect4,Executed,NotExecutedReason
A,09:47:29.000,6,213,85345,23235.3000,23236.2000,23250.0000,0.8000,13.8000,-0.4000,True,True,
B,09:50:34.000,3,185,39975,23236.2000,23235.0000,23250.0000,0.8000,6.9000,6.0000,True,True,
A,09:54:37.000,3,188,40365,23235.8000,23241.0000,23250.0000,-7.0000,-11.0000,-4.0000,True,True,
A,10:25:44.000,4,262,52455,23223.3000,23225.0000,23250.0000,5.4000,0.0000,15.9000,False,False,PositionAlreadyOpenOrNoExecutableQuote
B,10:30:50.000,2,207,26260,23230.4000,23226.8000,23250.0000,14.1000,18.2000,13.3000,True,True,
B,10:45:58.000,2,186,27560,23240.0000,23234.9000,23250.0000,10.8000,10.1000,12.5000,True,False,PositionAlreadyOpenOrNoExecutableQuote
A,11:04:47.000,3,271,42120,23257.4000,23259.2000,23250.0000,-11.2000,-15.8000,-28.5000,True,True,
B,11:29:38.000,2,257,26520,23234.4000,23230.1000,23250.0000,-5.1000,-12.1000,-0.1000,False,True,
A,11:35:36.000,2,231,27755,23225.0000,23227.0000,23250.0000,3.0000,4.6000,3.0000,False,True,
A,12:08:44.000,4,251,52780,23222.8000,23223.5000,23200.0000,4.4000,4.1000,-4.5000,True,False,PositionAlreadyOpenOrNoExecutableQuote
A,12:27:36.000,2,203,26260,23216.9000,23222.3000,23200.0000,-5.9000,-2.4000,-25.3000,True,False,PositionAlreadyOpenOrNoExecutableQuote
B,12:31:11.000,2,215,26260,23222.3000,23219.9000,23200.0000,-18.9000,-22.9000,-19.9000,False,True,
A,13:06:49.000,2,201,26715,23208.9000,23211.0000,23200.0000,-1.1000,0.3000,-8.7000,True,True,
A,14:20:57.000,3,198,43940,23090.5000,23096.0000,23100.0000,-16.8000,-20.0000,-27.7000,True,True,
A,14:26:46.000,5,217,74035,23076.0000,23080.0000,23100.0000,-0.7000,5.0000,9.0000,False,False,PositionAlreadyOpenOrNoExecutableQuote
B,14:46:25.000,3,253,42250,23125.0000,23120.6000,23100.0000,2.9000,-2.6000,14.4000,True,True,
B,15:02:49.000,3,314,43940,23133.0000,23127.3000,23150.0000,-1.6000,-0.1000,-14.2000,False,False,AfterCutoff
A,15:14:19.000,3,303,39650,23111.0000,23114.0000,23100.0000,3.0000,0.5000,6.0000,False,False,AfterCutoff
