TradingDate,Dte,Pattern,SignalTimeIST,Token,MomentumAvailable,MomentumPass,Forward1Pts,Forward2Pts,Forward4Pts,OptionMtm1,OptionMtm2,OptionMtm4
2026-09-04,4,B,09:40:42.000,42641,True,False,-0.3000,6.1000,-0.1000,2.068311416721409608066453400,1.725642251077785729949127700,-0.4272295076539813610839946800
2026-09-04,4,B,09:41:34.000,42641,True,True,0.2000,0.2000,18.5000,-1.2017110853654523132325682700,0.7224349161525203102804071500,4.7955590783847468685463476700
2026-09-04,4,B,09:44:27.000,42641,True,True,0.0000,18.3000,12.1000,0.6474837281142564893111706400,4.0439095476821452886135633500,
2026-09-04,4,A,11:29:25.000,42644,True,False,4.2000,9.8000,10.9000,-0.9894931408069972247580516200,-2.71753714977105399675344700,-2.2357469752468026382921490500
2026-09-04,4,A,11:42:41.000,42644,True,False,-6.1000,-3.2000,-1.2000,2.9984929751457114230991192200,3.7244366280366302815568380600,3.3486080947899416702510607500
2026-09-04,4,A,11:48:39.000,42644,True,True,0.2000,2.0000,-15.5000,-1.3066412525700469280762910300,-0.3623336462114873194035535800,2.2161913570526729877056379400
2026-09-04,4,A,11:58:43.000,42644,True,True,-17.5000,-21.5000,-28.0000,3.1274230404739210760590268100,6.8168930619617039197953370200,9.109961251864929211321265590
2026-09-04,4,A,15:19:10.000,42642,True,False,-20.7000,-17.2000,-18.3000,1.0779699208301624530534398200,9.928709919330816768195019210,9.198831527824644294460934530
2026-09-08,0,A,09:19:22.000,42632,True,False,3.0000,3.9000,-0.3000,-0.380361667395520718928284100,0.9739575088336584039976224500,3.1619922131963222499402521400
2026-09-08,0,A,10:00:47.000,42632,True,True,-5.3000,-17.3000,-11.3000,-0.1972886730684567846065745800,3.1613207040381512846772754200,2.5362039974344306342850208900
2026-09-08,0,B,10:07:07.000,42631,True,True,7.5000,8.0000,33.2000,5.1723683169361432753936644400,11.940009467659336403150148470,15.394882401038911067288730700
2026-09-08,0,A,11:13:24.000,42632,True,True,-3.0000,0.9000,-8.0000,0.1631246451315983648423546700,-0.5989876461012694610863673100,4.4618286231997889437639546100
2026-09-08,0,B,12:13:31.000,42629,True,True,0.1000,-2.9000,4.1000,1.4239348168947333334174328900,2.8797586565321899564737218200,4.4900944605706389300471128500
2026-09-08,0,A,12:52:14.000,42630,True,True,7.7000,1.6000,8.0000,-1.2783812636369595550020133600,-1.0025128202727067757455351400,-1.5409570949976530569901309400
2026-09-08,0,B,14:01:36.000,42629,True,True,2.0000,13.0000,25.5000,5.7654418640202763640913101500,12.865686929335496639730345380,31.682486211339309155554336520
2026-09-08,0,A,14:46:54.000,42630,True,True,6.2000,3.2000,-1.3000,-1.2893991898504573588583456500,0.5433970502683286405902916300,-1.3201633906130054725998563700
2026-09-08,0,B,15:19:12.000,42629,True,False,-6.5000,-7.0000,-12.0000,-14.386388345292454881495977390,-74.309799789251844046364594310,-85.42614211485255415345164991
2026-09-09,6,B,09:25:06.000,47301,True,True,3.2000,9.7000,2.6000,1.4648986738991066122178194900,3.5902908533804249944448992500,1.5377271714241356000448669400
2026-09-09,6,A,09:36:42.000,47302,True,True,0.0000,0.0000,9.8000,,-1.5837820851299438410018406200,-5.0051413167329016480004446600
2026-09-09,6,A,09:42:27.000,47304,False,False,5.0000,-6.0000,-18.0000,-1.1064989991132910688849613600,-0.1290463488140121162402632600,2.3401095896650515460415768300
2026-09-09,6,A,10:03:50.000,47302,True,False,0.1000,0.7000,-4.3000,0.1979896770236631438571450200,0.1004760638966219909695503700,2.3845808804063075983978540900
2026-09-09,6,A,10:09:07.000,47302,True,True,-0.6000,-3.1000,3.8000,-0.8067191197589045529014380800,0.9595260802294180853932754700,-3.8954218034165176550376418200
2026-09-09,6,B,10:29:39.000,47303,True,True,2.7000,-2.7000,-5.1000,0.1923196661260767428205992100,1.5533607183492070275149967700,-2.8847181913850824695252682400
2026-09-09,6,A,10:30:55.000,47304,True,False,-5.1000,-2.4000,-25.1000,3.9752356446536981240607915200,4.2259131869301974697297704400,10.503502110723440901755783860
2026-09-09,6,B,11:43:05.000,47303,True,False,-12.0000,-24.5000,-28.0000,3.3874615254782808577048640100,-5.3581558356953531396543777900,-10.692866113956776358808777020
2026-09-09,6,A,12:07:43.000,47302,True,True,1.7000,0.6000,-0.1000,-0.7733751938994340160214064300,-0.6589026360734643285805466500,-4.3430546842334077267906099500
2026-09-09,6,B,12:12:47.000,47301,True,True,2.2000,-1.0000,5.0000,1.4303165213878724381558762900,0.7971010056112827903835100400,-0.4008594932069062889484999900
2026-09-09,6,A,12:21:58.000,47302,True,True,-2.2000,12.8000,37.3000,0.2509139755444304758255864900,-3.5059662157412078426219630300,-13.885369175944633809700683480
2026-09-09,6,B,14:04:38.000,47303,True,True,7.5000,14.4000,-12.1000,-0.8471624027153319342462854600,-2.873027010771923601847496700,-7.9005707277958586859110419300
2026-09-09,6,A,14:08:13.000,47304,True,False,-17.0000,-26.5000,-16.9000,1.8889483177793225147904427600,3.2499354932054819678308046500,4.1325413752066075949392079800
2026-09-10,5,A,09:21:08.000,47300,True,False,-1.0000,-22.0000,-31.5000,-1.1939279619150273960298212600,7.6140854130266600603263184400,11.136297226473772227025415020
2026-09-10,5,B,11:10:01.000,47297,True,False,34.6000,22.4000,7.1000,5.0494211430901737969770769400,11.300814125405772304466769300,4.7569429811797559523517364300
2026-09-10,5,A,12:23:44.000,47300,True,False,-9.6000,-12.1000,-29.6000,1.7308781386785966600311760800,3.8000828227639520348404420400,4.2137849598983269491253670500
2026-09-10,5,A,13:47:08.000,47298,True,False,-6.8000,-15.6000,-21.8000,1.6529313212929614177934225100,3.8211635838682284883590410500,7.2978350580164039381565580200
2026-09-10,5,A,14:04:29.000,47298,True,True,-6.4000,-8.0000,-19.2000,0.5086888375849593753168221800,0.4476438813602891038123629400,2.5248804401462849974865913100
2026-09-10,5,B,14:07:05.000,47297,True,False,-1.6000,-9.6000,-12.6000,0.2169480204492840728976929700,-0.6245150555680149857799077100,-3.4974066417850850540160547700
2026-09-10,5,A,14:29:54.000,47298,True,False,-17.1000,-22.0000,3.5000,2.4332379043185658648306965300,4.6373758180259931889026791400,1.1744138281470701611975045300
2026-09-10,5,A,15:06:49.000,47296,True,True,-1.2000,-3.1000,0.8000,-2.5770599162494883662353200500,-1.4814131416107072956961257800,-1.9160826495049852036002138400
2026-09-10,5,A,15:14:12.000,47296,True,True,-5.6000,-11.7000,-7.4000,0.3457230872098576750405960500,-1.0338173376506990676593602700,-0.9691058955251852666885113400
2026-09-10,5,B,15:16:24.000,47295,True,False,-6.1000,-9.4000,24.1000,1.1941077158850672091887593800,0.158428251284202883100751100,5.4375694035399093280262082400
2026-09-10,5,A,15:26:35.000,47298,True,False,2.9000,3.8000,10.2000,-0.2154181370667679031651954500,-0.0639921732737245312210360300,-6.868140760346404373566421700
2026-09-10,5,A,15:28:56.000,47298,True,False,6.2000,6.4000,,-3.1261589505135278131825774800,-6.8085054977081242860303172400,
2026-09-11,4,B,09:24:42.000,47289,True,False,6.4000,9.1000,8.5000,2.3640810292289135873744873200,4.0264898254713122824450375500,1.8842493994044030549336694100
2026-09-11,4,B,11:08:33.000,47291,True,True,9.0000,15.6000,25.9000,2.3718347697505860510875520500,4.6236861624104046545301353900,10.278607332455170728760452230
2026-09-11,4,B,12:26:45.000,47293,True,False,19.4000,15.9000,4.7000,-0.146945190945254230874376600,0.5256764617472467392649356500,5.3401621134133208755358174100
2026-09-11,4,B,12:43:12.000,47293,True,True,-11.4000,-9.8000,-6.5000,-4.1241819075206288043159967100,-7.7548457197602551670152235600,-8.736564338740663195427913570
2026-09-11,4,A,12:51:11.000,47294,True,True,-7.3000,-10.6000,-7.5000,1.8649349054274367509287838100,2.6727499757434956066387834900,-0.2310104817174911958246843600
2026-09-11,4,A,12:52:38.000,47294,True,False,-1.2000,3.7000,6.3000,-0.7645903751655916960861646600,-2.3346156596280712821961350700,-2.8558543377221661568473865200
2026-09-11,4,B,12:54:16.000,47293,True,True,11.6000,2.6000,0.1000,0.9726384053551603658160515100,1.1743775563332345467155387600,0.1449970608813714499738600500
2026-09-11,4,A,12:58:01.000,47294,True,True,14.5000,7.4000,-26.7000,-2.7136095598928233225998681800,-0.3483448854899839830893049600,7.8783353681041465116065660400
2026-09-11,4,A,13:01:26.000,47294,True,True,-28.7000,-34.1000,-9.9000,3.6714079219460177061084264500,8.25543764841720643899717700,5.4720281870777458054688642600
2026-09-11,4,A,13:36:12.000,47294,True,False,-2.9000,-7.2000,-20.0000,2.6729982067875789594616615500,3.1328983716397968798880301100,7.4492335404487336731416157200
2026-09-11,4,B,13:44:31.000,47293,True,False,9.6000,18.8000,19.1000,-0.0112096507152017319736091100,3.7418655290654302084387460400,2.7477477806757973777471081500
2026-09-11,4,A,13:48:43.000,47294,True,False,-0.7000,-0.6000,25.1000,-0.6849465837013337416851770200,-2.9284627608179534252856653300,-13.253025424669701343399578110
2026-09-11,4,B,13:52:06.000,47293,True,True,0.1000,25.1000,10.5000,3.9297910479006659775739575300,4.7507590310785352400661227900,15.435306642372175662361539960
2026-09-15,0,A,09:33:14.000,47298,True,True,-5.8000,-6.1000,-13.4000,0.0011906925707515415892506200,-2.8116807796241814310916771100,6.0902655684554578204661573500
2026-09-15,0,A,10:52:24.000,47292,True,True,-4.0000,-4.1000,9.0000,4.7333062410311814776758328900,6.5411262484357660614360257800,-9.142432740636285936462090590
2026-09-15,0,A,11:18:38.000,47294,True,False,-13.7000,-3.4000,-11.5000,11.947191753786723406735240160,6.0170092478038957981023428400,15.311396510339713540633273060
2026-09-15,0,A,11:42:11.000,47294,True,False,0.0000,0.0000,4.5000,1.9036543889446779319208374100,2.648146879391484003769729800,-2.4354669616450547503274954500
2026-09-15,0,B,11:44:33.000,47293,True,True,8.0000,3.5000,3.5000,2.0484895439272944411310253900,-3.457880755312623763437939200,-4.5220524243913657126623889100
2026-09-15,0,A,11:49:26.000,47294,True,False,-4.5000,-4.5000,-8.5000,3.1655113274226586688678806100,,5.7098823734608190522740570700
2026-09-15,0,A,13:03:11.000,47292,True,True,0.0000,4.9000,-22.2000,,3.8579389765237354661926979200,6.405865278622552073980211900
2026-09-15,0,B,13:15:14.000,47291,False,False,4.5000,3.8000,2.8000,-6.4609489050364140240394828800,-13.823845909086891577765796660,-11.596267783856721553931230350
2026-09-15,0,A,13:16:53.000,47292,True,True,-0.7000,-5.7000,-6.7000,5.3255420980061025899294854400,-1.1901282867210967627437305400,4.5497849940375596429832824100
2026-09-15,0,B,13:20:35.000,47291,True,False,4.0000,-1.0000,-4.1000,-5.8164738696818508790304559600,-10.609509805801463290544668020,-6.3298079327283707940806505600
2026-09-15,0,A,13:57:04.000,47290,True,False,-4.2000,-9.2000,-30.3000,-1.2550596276839256818315738900,0.2146934513593776848528252500,8.779925609127949111251181350
2026-09-15,0,A,14:45:04.000,47288,True,True,-2.7000,-6.3000,-29.8000,2.4172581248743100215270686800,6.9543392250636662574511549700,23.737411062811994007027633520
2026-09-15,0,B,14:56:26.000,47285,True,True,-13.5000,-11.7000,0.4000,0.0882998103877755883555786900,1.1288349766974401208836651800,-6.4111251523438064515093076200
2026-09-15,0,B,15:03:41.000,47285,True,True,15.9000,12.9000,19.3000,4.8004252647201529811342295300,12.603645977092184889904319430,7.886143738956479773330531100
2026-09-15,0,B,15:11:21.000,47287,True,True,13.1000,1.5000,-2.9000,13.674035854239998005921700380,13.785563258264351777213200730,-8.774662733035960715579671750
2026-09-15,0,A,15:15:05.000,47288,True,False,-7.6000,-4.6000,5.6000,6.0293269200928135504029141700,0.0367927311055668243512635100,1.637300011016311917243753200
2026-09-16,6,A,09:22:21.000,56994,True,True,2.9000,-8.7000,-26.1000,-0.2662404371055057599060410900,0.7593325410062427732521869100,5.4987249715473697243791723900
2026-09-16,6,B,09:34:01.000,56983,True,True,25.1000,-2.9000,-30.9000,2.9006819140450359076224110100,-1.3128470032418579664939586600,-8.061360706290089862210394510
2026-09-16,6,A,12:23:32.000,56994,False,False,0.6000,25.6000,17.6000,0.1936170704447861782674095200,-4.6012685234204381102306329800,-4.7483261111718015441513563400
2026-09-16,6,A,13:17:05.000,56994,True,True,-7.4000,-25.4000,-49.0000,-2.5484165952522224638163093700,1.241522170124266868274565600,11.746508755818740302099496500
2026-09-16,6,B,13:21:56.000,56985,True,True,-18.0000,-34.5000,-42.7000,-4.8221352271282087098603220500,-9.757989093756825144161898610,-13.484842527713953854966979160
2026-09-16,6,A,13:37:39.000,56994,True,True,-18.5000,-23.5000,-18.3000,3.5330402352624412381296202700,5.3749858302129081325605741800,3.880739100041508321426333600
2026-09-16,6,A,14:20:54.000,56994,True,False,-5.8000,-12.8000,-7.8000,1.5908714495374549924512731300,3.1595934911871121072042736600,2.4501679967972926729261567200
2026-09-16,6,B,14:29:16.000,56983,True,True,-7.0000,-5.0000,5.0000,-0.7462337635120981876989027600,-1.9926568426222956484582368700,-0.6190762771267720864726294800
2026-09-17,5,A,10:15:53.000,56996,True,False,-10.0000,-8.2000,-44.9000,3.5001243262098968630606822300,5.1962162559494275685906977600,9.787662880446385601024776280
2026-09-17,5,A,11:46:42.000,56994,True,False,24.0000,32.0000,48.0000,-0.3469052143245195014154426900,-6.0947266783755506437278135800,-15.527560907885524263451283130
2026-09-17,5,B,12:17:28.000,56999,True,False,4.2000,3.2000,10.2000,3.2799737055674951748862237400,3.8319844983349949731029170900,7.0450870906953560299717725800
2026-09-17,5,B,13:47:11.000,56985,True,True,-3.8000,12.9000,1.2000,2.3560934016132065240642775300,1.1236391903981217856047595800,-0.9164300670739468087736233800
2026-09-17,5,A,14:34:19.000,56994,True,True,19.0000,26.6000,16.8000,-1.0847473139996117443476114800,-9.540912160904785879811949260,-5.4691722551918063343334378600
2026-09-17,5,B,15:14:10.000,56995,True,True,3.6000,1.3000,4.0000,3.0667688681610929166979746200,2.9752388230826564277070348200,0.3516796593135929625285971900
2026-09-18,4,A,09:35:33.000,56994,True,True,14.0000,25.6000,21.8000,-7.7113681418660099186419996100,-11.314220356656910760724547950,-10.517724434427518183548336380
2026-09-18,4,B,10:00:18.000,56995,True,True,1.0000,8.1000,-1.0000,-0.8241744470946191418182536600,-0.9023171856765212180685667700,-8.607500966044079782649977470
2026-09-18,4,A,10:07:05.000,56996,True,False,7.1000,-15.0000,-17.6000,-0.4175976992966432040064846800,-0.3927872281104811823208386900,6.7797871260640521504742650600
2026-09-18,4,A,10:40:45.000,56996,True,True,-4.0000,10.2000,-4.7000,0.6124885811101421440620621200,-2.4819805551342215624744988200,-0.2066729056735504637708204800
2026-09-18,4,B,10:49:37.000,56995,True,False,14.2000,-3.6000,-0.7000,2.4046194144849187999881130200,1.4828360994285482062663187800,-3.5968155534143294671907632700
2026-09-18,4,A,12:25:51.000,56996,True,False,6.6000,10.3000,12.6000,-3.4191331389227444727595237300,-7.6447831894901258467718517600,-9.001173398918921970457095370
2026-09-18,4,B,13:47:35.000,56995,True,False,0.4000,16.7000,25.1000,1.9725596238107146822600827500,5.9178114565450256630068552800,10.165391214950262666377740690
2026-09-18,4,B,14:34:04.000,56999,True,True,-0.9000,3.0000,-3.0000,-0.8523898422005424933244105300,-1.8254358638028092036945947400,-1.0406061074169516279657625200
2026-09-18,4,B,15:14:21.000,56999,True,False,5.7000,5.5000,-6.0000,-1.0991431412670443358347892600,-1.2177184264553533341318522900,-4.4046255289691148655889841200
2026-09-21,1,B,09:32:29.000,56999,True,True,2.8000,6.8000,-15.4000,-2.8324556221516984235015831100,-0.3147808955306566209160284200,-9.923254557437454366193697480
2026-09-21,1,A,09:35:29.000,57002,True,False,4.0000,-7.0000,-12.0000,-2.6756570265159248150384376300,0.7997790220370812328384609600,0.4229723595747213979511891100
2026-09-21,1,B,11:05:45.000,56999,True,True,9.4000,3.9000,7.0000,2.4365674648364477273588713800,4.0291002706349320312423500800,4.6217663709900923946500705800
2026-09-21,1,B,11:08:30.000,56999,True,True,8.9000,3.1000,8.1000,0.9464736246783045351756712300,0.5697118391039825537995777600,4.014184993480095337940952900
2026-09-21,1,B,12:01:10.000,57003,True,True,-5.9000,-5.1000,-2.4000,-3.2885307053508936498111101700,-3.6133833851134256878689507600,-7.4825434109368846776200993700
2026-09-21,1,A,12:11:25.000,57006,True,True,-1.2000,7.3000,-5.3000,-1.6635022247744417996990494600,-1.475771332982268965466099100,-1.6169382154542420601916748300
2026-09-21,1,A,13:09:16.000,57002,True,True,-1.9000,12.0000,14.6000,1.1635990810115743685790328400,-6.0124858160346816877692987800,-13.477218786192393976159003440
2026-09-21,1,A,14:59:09.000,57006,True,False,-7.5000,-4.6000,-6.2000,4.2136538344924737502507195100,4.8237223107726635966920141100,6.4970175119443141234931972500
2026-09-21,1,A,15:06:37.000,57006,True,True,-1.6000,0.4000,-3.6000,2.2130589707390588052388343800,1.1996949365063845920946183900,2.8408949175433616592503198200
2026-09-21,1,B,15:17:22.000,57003,True,True,8.9000,8.9000,6.1000,-1.8396198154955730970895751900,-0.9154332559237911863572085100,-0.9698993378648561236036845200
2026-09-21,1,B,15:19:36.000,57003,True,True,-2.0000,-2.8000,-5.8000,-0.0451722001519558794503678100,-0.0549692890939760839687258200,-2.5673970811363617311996512800
