EpisodeId,Pattern,StateEntryTimestamp,StateExitTimestamp,NumberOfRollingUpdates,EpisodeDurationSeconds,FuturesAtEntry,FuturesAtExit,FuturesChangePointsAtEntry,FuturesReturnPctAtEntry,CeRetPctAtEntry,PeRetPctAtEntry,SelectedStrike,TransitionedFromOpposite
0,A,09:15:23.000,09:15:23.000,1,0,23470.8000,23470.8000,0.8000,0.00340860673199829569663400,-10.725308641975308641975308640,29.302987197724039829302987200,23450.0000,False
1,B,09:22:03.000,09:22:03.000,1,0,23448.0000,23448.0000,-2.0000,-0.0085287846481876332622601300,0.7543103448275862068965517200,-12.657166806370494551550712490,23450.0000,False
2,A,09:25:10.000,09:25:10.000,1,0,23450.0000,23450.0000,2.0000,0.0085295121119071989082224500,-5.5614973262032085561497326200,2.2072936660268714011516314800,23450.0000,False
3,A,09:26:07.000,09:26:07.000,1,0,23447.0000,23447.0000,1.0000,0.004265119849867781284654100,-7.4193548387096774193548387100,6.9164265129682997118155619600,23450.0000,False
4,A,09:27:23.000,09:27:23.000,1,0,23447.9000,23447.9000,2.9000,0.0123693751332906803156323300,-7.1593533487297921478060046200,8.715596330275229357798165140,23450.0000,False
5,A,09:33:48.000,09:33:48.000,1,0,23454.4000,23454.4000,3.4000,0.0144983156368598354014754200,-12.473347547974413646055437100,11.305241521068859198355601230,23450.0000,False
6,B,09:37:10.000,09:37:54.000,2,44,23451.6000,23446.1000,-5.6000,-0.0238732670565966952577460200,0.1165501165501165501165501200,-2.5787965616045845272206303700,23450.0000,False
7,B,09:44:17.000,09:44:19.000,2,2,23459.9000,23459.7000,-10.1000,-0.0430336599914784831700042600,0.310880829015544041450777200,-1.2600229095074455899198167200,23450.0000,False
8,A,09:45:54.000,09:45:54.000,1,0,23460.0000,23460.0000,2.0000,0.0085258760337624690936993800,-1.1482254697286012526096033400,1.1402508551881413911060433300,23450.0000,False
9,B,09:47:42.000,09:47:42.000,1,0,23463.4000,23463.4000,-3.6000,-0.0153406911833638726722631800,0.309278350515463917525773200,-0.1165501165501165501165501200,23450.0000,False
10,A,09:48:55.000,09:48:55.000,1,0,23473.0000,23473.0000,0.5000,0.0021301523058898711257854900,-2.1649484536082474226804123700,1.3969732246798603026775320100,23450.0000,False
11,A,09:49:27.000,09:49:27.000,1,0,23471.0000,23471.0000,3.5000,0.0149142431021625652498135700,-4.5918367346938775510204081600,2.2274325908558030480656506400,23450.0000,False
12,A,09:51:37.000,09:51:37.000,1,0,23464.5000,23464.5000,1.1000,0.0046881526121533963534696600,-4.5220966084275436793422404900,1.9836639439906651108518086300,23450.0000,False
13,B,09:53:32.000,09:53:32.000,1,0,23467.9000,23467.9000,-5.1000,-0.021727090699953137647509900,0.4214963119072708113804004200,-4.5924225028702640642939150400,23450.0000,False
14,B,09:53:41.000,09:53:41.000,1,0,23464.3000,23464.3000,-6.7000,-0.028545865110135912402539300,2.3529411764705882352941176500,-4.5871559633027522935779816500,23450.0000,False
15,A,10:01:56.000,10:01:56.000,1,0,23473.0000,23473.0000,8.2000,0.0349459616105826599843169300,-1.8311291963377416073245167900,0.2472187886279357231149567400,23450.0000,False
16,B,10:05:22.000,10:05:22.000,1,0,23463.1000,23463.1000,-1.8000,-0.0076710320521289244786894500,1.6666666666666666666666666700,-2.216748768472906403940886700,23450.0000,False
17,B,10:05:32.000,10:05:32.000,1,0,23463.1000,23463.1000,-4.8000,-0.0204534704852159758649048300,4.1622198505869797225186766300,-5.7074910820451843043995243800,23450.0000,False
18,B,10:05:35.000,10:05:35.000,1,0,23467.9000,23467.9000,-5.1000,-0.021727090699953137647509900,1.4507772020725388601036269400,-2.0961775585696670776818742300,23450.0000,False
19,B,10:08:55.000,10:08:55.000,1,0,23467.3000,23467.3000,-0.6000,-0.002556683810651996983113100,1.9308943089430894308943089400,-4.3367346938775510204081632700,23450.0000,False
20,A,10:13:10.000,10:13:10.000,1,0,23473.9000,23473.9000,6.6000,0.0281242409650875899656117200,-5.9820538384845463609172482600,4.800,23450.0000,False
21,A,10:15:13.000,10:15:13.000,1,0,23467.6000,23467.6000,0.2000,0.000852246094582271576740500,-5.0246305418719211822660098500,4.3596730245231607629427792900,23450.0000,False
22,A,10:20:45.000,10:20:45.000,1,0,23469.9000,23469.9000,3.5000,0.014914942215252446050523300,-5.9436913451511991657977059400,5.4545454545454545454545454500,23450.0000,False
23,A,10:22:03.000,10:22:03.000,1,0,23464.0000,23464.0000,0.9000,0.0038358102722999092191568900,-16.786817713697219361483007210,18.110236220472440944881889760,23450.0000,False
24,A,10:30:33.000,10:30:33.000,2,0,23450.0000,23450.0000,2.9000,0.0123682672910509188769613300,-5.8047493403693931398416886500,4.7179487179487179487179487200,23450.0000,False
25,A,10:31:37.000,10:31:37.000,1,0,23442.4000,23442.4000,0.4000,0.0017063390495691493899837900,-9.612625538020086083213773310,11.464354527938342967244701350,23450.0000,False
26,A,10:32:29.000,10:32:29.000,1,0,23439.8000,23439.8000,5.6000,0.023896697988410101475621100,-2.00,2.0758122743682310469314079400,23450.0000,False
27,A,10:32:57.000,10:32:57.000,1,0,23436.2000,23436.2000,6.0000,0.025607976030934435045368800,-8.320251177394034536891679750,7.3913043478260869565217391300,23450.0000,False
28,A,10:35:13.000,10:35:13.000,1,0,23433.1000,23433.1000,10.9000,0.0465370460503283209946119500,-1.1764705882352941176470588200,2.0950846091861402095084609200,23450.0000,False
29,A,10:35:30.000,10:35:30.000,1,0,23427.5000,23427.5000,2.5000,0.0106723585912486659551760900,-5.4009819967266775777414075300,8.874281018898931799506984390,23450.0000,False
30,A,10:36:53.000,10:36:53.000,1,0,23417.0000,23417.0000,1.4000,0.0059789200362151727907890500,-0.9345794392523364485981308400,1.3563501849568434032059186200,23400.0000,False
31,A,10:38:49.000,10:39:17.000,2,28,23417.8000,23420.0000,3.4000,0.0145209785431187645209785400,-3.0131826741996233521657250500,2.4242424242424242424242424200,23400.0000,False
32,A,10:40:55.000,10:40:55.000,1,0,23420.0000,23420.0000,2.2000,0.0093945631101128201624405400,-0.0970873786407766990291262100,0.2366863905325443786982248500,23400.0000,False
33,A,10:45:08.000,10:45:08.000,1,0,23391.3000,23391.3000,0.3000,0.0012825445684237527254072100,-7.209302325581395348837209300,8.426483233018056749785038690,23400.0000,False
34,B,10:47:44.000,10:47:44.000,1,0,23390.9000,23390.9000,-2.2000,-0.0094044825183494278227340500,5.1833122629582806573957016400,-9.803921568627450980392156860,23400.0000,False
35,B,10:48:16.000,10:48:16.000,1,0,23390.0000,23390.0000,-1.1000,-0.0047026433130549653500690400,3.9897039897039897039897039900,-10.083396512509476876421531460,23400.0000,False
36,A,10:48:51.000,10:48:51.000,1,0,23395.0000,23395.0000,1.9000,0.0081220530840290513014521400,-3.9215686274509803921568627500,2.2040816326530612244897959200,23400.0000,False
37,A,10:53:31.000,10:53:56.000,2,25,23378.1000,23383.0000,3.1000,0.0132620320855614973262032100,-3.1335149863760217983651226200,1.3709063214013709063214013700,23400.0000,False
38,B,11:00:32.000,11:00:32.000,1,0,23390.0000,23390.0000,-6.3000,-0.0269273346640280728149322800,1.5789473684210526315789473700,-3.5947712418300653594771241800,23400.0000,False
39,A,11:06:59.000,11:07:36.000,2,37,23395.0000,23394.5000,5.0000,0.0213766566908935442496793500,-5.699481865284974093264248700,1.6101694915254237288135593200,23400.0000,False
40,B,11:10:55.000,11:10:55.000,1,0,23390.1000,23390.1000,-1.9000,-0.0081224350205198358413132700,5.0561797752808988764044943800,-7.344632768361581920903954800,23400.0000,False
41,B,11:19:02.000,11:19:02.000,1,0,23401.5000,23401.5000,-0.5000,-0.0021365695239723100589693200,4.922279792746113989637305700,-6.726457399103139013452914800,23400.0000,False
42,A,11:20:16.000,11:20:16.000,1,0,23405.2000,23405.2000,3.7000,0.0158109522893831591991966300,-4.539722572509457755359394700,4.0186915887850467289719626200,23400.0000,False
43,B,11:29:13.000,11:29:13.000,1,0,23404.5000,23404.5000,-0.7000,-0.0029907883718148103840172300,8.718626155878467635402906210,-11.051212938005390835579514820,23400.0000,False
44,A,11:48:39.000,11:48:39.000,1,0,23375.0000,23375.0000,8.6000,0.0368049849356340728567515700,-2.4630541871921182266009852200,1.0101010101010101010101010100,23350.0000,False
45,A,11:51:04.000,11:51:04.000,1,0,23371.5000,23371.5000,1.6000,0.0068464135490524135747264600,-4.3121149897330595482546201200,1.3110846245530393325387365900,23350.0000,False
46,A,11:51:30.000,11:51:32.000,3,2,23365.0000,23361.0000,3.4000,0.0145537976850900623244983200,-7.4718526100307062436028659200,5.3075995174909529553679131500,23350.0000,False
47,A,11:52:13.000,11:52:13.000,1,0,23365.0000,23365.0000,2.1000,0.0089886101468567686374551100,-4.0567951318458417849898580100,0.7389162561576354679802955700,23350.0000,False
48,B,11:53:17.000,11:53:17.000,1,0,23362.1000,23362.1000,-9.4000,-0.0402199259782213379543461100,0.9656652360515021459227467800,-2.1176470588235294117647058800,23350.0000,False
49,A,11:57:15.000,11:57:15.000,1,0,23365.0000,23365.0000,2.9000,0.0124132676428916920995972100,-9.139213602550478214665249730,8.293269230769230769230769230,23350.0000,False
50,B,11:59:38.000,11:59:38.000,1,0,23362.0000,23362.0000,-5.9000,-0.0252483107168380556233123200,0.9879253567508232711306256900,-4.9941927990708478513356562100,23350.0000,False
51,B,12:01:05.000,12:01:05.000,1,0,23366.0000,23366.0000,-1.1000,-0.0047074733278840763295402500,1.5294117647058823529411764700,-2.6905829596412556053811659200,23350.0000,False
52,B,12:12:56.000,12:12:56.000,1,0,23365.1000,23365.1000,-1.5000,-0.0064194191709534121352700,2.8441410693970420932878270800,-7.5934579439252336448598130800,23350.0000,False
53,B,12:16:22.000,12:16:22.000,1,0,23360.9000,23360.9000,-1.1000,-0.0047085009845047513055389100,0.5681818181818181818181818200,-2.4449877750611246943765281200,23350.0000,False
54,A,12:16:55.000,12:16:55.000,1,0,23375.1000,23375.1000,13.0000,0.0556456825371006887223323200,-2.9106029106029106029106029100,1.8248175182481751824817518200,23400.0000,False
55,B,12:18:43.000,12:18:43.000,1,0,23370.0000,23370.0000,-2.3000,-0.0098407088733244053858627500,7.311320754716981132075471700,-7.5739644970414201183431952700,23350.0000,False
56,A,12:42:57.000,12:42:57.000,1,0,23377.0000,23377.0000,6.8000,0.0290968840660328110157379900,-4.04858299595141700404858300,1.3729977116704805491990846700,23400.0000,False
57,B,12:54:31.000,12:54:31.000,1,0,23348.0000,23348.0000,-1.3000,-0.0055676187294694059350815700,0.7763975155279503105590062100,-4.405737704918032786885245900,23350.0000,False
58,A,12:55:48.000,12:55:48.000,1,0,23350.0000,23350.0000,1.0000,0.0042828386654674718403357700,-4.00,0.2030456852791878172588832500,23350.0000,False
59,B,12:59:30.000,12:59:30.000,1,0,23349.0000,23349.0000,-1.0000,-0.0042826552462526766595289100,1.00,-2.9381965552178318135764944300,23350.0000,False
60,A,13:00:16.000,13:00:16.000,1,0,23357.1000,23357.1000,9.1000,0.0389755011135857461024498900,-4.3333333333333333333333333300,3.1991744066047471620227038200,23350.0000,False
61,A,13:00:48.000,13:01:08.000,3,20,23349.9000,23346.7000,0.9000,0.003854554798920724656302200,-14.686468646864686468646864690,12.421711899791231732776617950,23350.0000,False
62,B,13:02:18.000,13:02:54.000,3,36,23343.3000,23340.7000,-6.6000,-0.0282656456772834144899978200,6.769825918762088974854932300,-5.4781801299907149489322191300,23350.0000,False
63,A,13:14:00.000,13:14:00.000,1,0,23359.9000,23359.9000,8.9000,0.0381139994004539420153312500,-3.1545741324921135646687697200,4.9614112458654906284454244800,23350.0000,False
64,B,13:15:29.000,13:15:29.000,1,0,23352.1000,23352.1000,-0.5000,-0.0021410892149054066784854800,2.6234567901234567901234567900,-0.5630630630630630630630630600,23350.0000,False
65,A,13:19:37.000,13:19:37.000,1,0,23355.8000,23355.8000,6.9000,0.0295517133569461516388352300,-5.0080775444264943457189014500,2.9598308668076109936575052900,23350.0000,False
66,A,13:25:32.000,13:25:32.000,1,0,23350.0000,23350.0000,4.6000,0.0197040958818439606946122100,-2.8813559322033898305084745800,1.9628099173553719008264462800,23350.0000,False
67,B,13:28:20.000,13:29:18.000,2,58,23349.9000,23349.9000,-5.9000,-0.0252613911747831373791520700,3.9115646258503401360544217700,-5.0308008213552361396303901400,23350.0000,False
68,B,13:43:48.000,13:43:48.000,1,0,23355.1000,23355.1000,-7.8000,-0.0333862662597537120819761200,6.8148148148148148148148148100,-2.6726057906458797327394209400,23350.0000,False
69,A,13:56:08.000,13:56:48.000,2,40,23321.7000,23320.0000,7.5000,0.0321692359163085158401317700,-3.4077555816686251468860164500,2.3980815347721822541966426900,23300.0000,False
70,A,14:00:00.000,14:00:00.000,1,0,23315.9000,23315.9000,8.4000,0.0360399013193178161535986300,-4.0572792362768496420047732700,6.6026410564225690276110444200,23300.0000,False
71,B,14:09:18.000,14:09:18.000,1,0,23303.5000,23303.5000,-1.5000,-0.0064363870414074232997210900,11.459754433833560709413369710,-9.255533199195171026156941650,23300.0000,False
72,B,14:17:52.000,14:17:52.000,1,0,23398.9000,23398.9000,-0.3000,-0.0012820951143628842011692700,33.106960950764006791171477080,-11.775362318840579710144927540,23400.0000,False
73,B,14:19:55.000,14:19:58.000,2,3,23397.2000,23397.0000,-0.8000,-0.0034190956492007863919993200,6.4377682403433476394849785400,-1.2333965844402277039848197300,23400.0000,False
74,A,14:21:59.000,14:21:59.000,1,0,23407.4000,23407.4000,1.5000,0.0064086405564408973805749800,-1.2910798122065727699530516400,3.303964757709251101321585900,23400.0000,False
75,A,14:23:37.000,14:23:37.000,1,0,23420.0000,23420.0000,8.0000,0.0341705108491371946010592900,-3.4782608695652173913043478300,4.4289044289044289044289044300,23400.0000,False
76,B,14:27:48.000,14:27:48.000,1,0,23409.0000,23409.0000,-4.6000,-0.0196467010626302661700891800,10.302197802197802197802197800,-3.896103896103896103896103900,23400.0000,False
77,A,14:29:52.000,14:30:50.000,4,58,23405.0000,23413.3000,3.0000,0.0128194171438338603538159100,-1.1968085106382978723404255300,1.2108980827447023208879919300,23400.0000,False
78,A,14:31:35.000,14:31:35.000,1,0,23411.4000,23411.4000,2.4000,0.010252466999871844162501600,-7.3474470734744707347447073500,2.8066528066528066528066528100,23400.0000,False
79,B,14:32:04.000,14:32:04.000,1,0,23403.1000,23403.1000,-9.9000,-0.0422842010848673813693247300,1.3440860215053763440860215100,-3.1620553359683794466403162100,23400.0000,True
80,B,14:33:28.000,14:33:28.000,1,0,23405.0000,23405.0000,-10.0000,-0.0427076660260516762758915200,2.0725388601036269430051813500,-2.4590163934426229508196721300,23400.0000,False
81,B,14:37:07.000,14:37:07.000,1,0,23398.7000,23398.7000,-1.5000,-0.0064102016222083571935282600,13.240418118466898954703832750,-9.821428571428571428571428570,23400.0000,False
82,B,14:38:22.000,14:38:22.000,1,0,23395.0000,23395.0000,-4.0000,-0.0170947476387879823924099300,3.8095238095238095238095238100,-8.655616942909760589318600370,23400.0000,False
83,B,14:53:40.000,14:54:00.000,2,20,23379.1000,23377.1000,-2.8000,-0.0119750747372967979505514900,4.6116504854368932038834951500,-6.5353625783348254252461951700,23400.0000,False
84,A,14:56:16.000,14:56:16.000,1,0,23377.5000,23377.5000,1.0000,0.0042778003550574294697666500,-0.2375296912114014251781472700,0.8506616257088846880907372400,23400.0000,False
85,A,14:56:49.000,14:56:49.000,1,0,23380.6000,23380.6000,0.4000,0.0017108493511603835724245300,-3.7610619469026548672566371700,0.2921129503407984420642648500,23400.0000,False
86,A,14:58:42.000,14:58:42.000,1,0,23384.5000,23384.5000,12.3000,0.0526266247935581588382779500,-4.6753246753246753246753246800,3.0438675022381378692927484300,23400.0000,False
87,B,14:59:03.000,14:59:03.000,2,0,23364.6000,23364.6000,-1.1000,-0.0047077553850301938311285300,1.2162162162162162162162162200,-0.3154574132492113564668769700,23350.0000,False
88,B,15:01:01.000,15:01:01.000,1,0,23363.1000,23363.1000,-0.1000,-0.0004280235584166552527051100,1.2261580381471389645776566800,-0.8968609865470852017937219700,23350.0000,False
89,A,15:02:11.000,15:02:11.000,1,0,23373.0000,23373.0000,2.9000,0.0124090183610682025322955400,-2.2471910112359550561797752800,1.9867549668874172185430463600,23350.0000,False
90,B,15:02:21.000,15:02:21.000,1,0,23369.5000,23369.5000,-0.4000,-0.0017116033872631033936816200,1.0101010101010101010101010100,-1.7973856209150326797385620900,23350.0000,False
91,B,15:02:21.000,15:02:22.000,2,1,23369.8000,23370.3000,-3.2000,-0.0136910109955932058357934400,2.1711366538952745849297573400,-2.4350649350649350649350649400,23350.0000,False
92,A,15:03:49.000,15:03:50.000,3,1,23381.8000,23380.9000,11.5000,0.0492077551422104123609880900,-12.162162162162162162162162160,7.1490094745908699397071490100,23400.0000,False
93,A,15:07:57.000,15:07:57.000,1,0,23378.9000,23378.9000,14.5000,0.0620602283816404444368355300,-3.048780487804878048780487800,1.2882447665056360708534621600,23400.0000,False
94,A,15:08:46.000,15:08:46.000,1,0,23371.3000,23371.3000,6.9000,0.0295321086781599356285631100,-1.8181818181818181818181818200,0.45941807044410413476263400,23350.0000,False
95,B,15:09:34.000,15:09:34.000,1,0,23367.1000,23367.1000,-14.7000,-0.0628694112514861986673395500,2.4456521739130434782608695700,-10.903426791277258566978193150,23350.0000,True
96,B,15:10:33.000,15:10:33.000,1,0,23373.4000,23373.4000,-7.5000,-0.0320774649393308213114123100,8.611111111111111111111111110,-11.719939117199391171993911720,23350.0000,False
97,A,15:18:17.000,15:18:17.000,1,0,23380.0000,23380.0000,1.3000,0.0055606171429549119497662400,-49.095022624434389140271493210,2.834008097165991902834008100,23400.0000,False
98,A,15:19:32.000,15:19:35.000,4,3,23387.0000,23387.0000,7.0000,0.0299401197604790419161676600,-54.155495978552278820375335120,3.6792452830188679245283018900,23400.0000,False
99,A,15:20:17.000,15:20:27.000,2,10,23375.0000,23379.9000,4.0000,0.0171152282743571092379444600,-64.609053497942386831275720160,84.07407407407407407407407407,23350.0000,False
100,A,15:24:36.000,15:24:36.000,1,0,23388.0000,23388.0000,1.0000,0.0042758797622610852182836600,-94.70198675496688741721854305,5.030355594102341717259323500,23400.0000,False
101,A,15:25:38.000,15:25:38.000,1,0,23395.3000,23395.3000,10.3000,0.0440453282018387855462903600,-97.71689497716894977168949772,28.272251308900523560209424080,23400.0000,False
102,A,15:27:17.000,15:27:38.000,2,21,23397.2000,23397.9000,9.2000,0.0393364118351291260475457500,-62.500,5.4500412881915772089182493800,23400.0000,False
103,A,15:28:58.000,15:30:00.000,7,62,23395.0000,23399.2000,1.0000,0.0042746003248696246900914800,-85.71428571428571428571428571,28.158844765342960288808664260,23400.0000,False
