TradingDate,Dte,Pattern,SignalTimeIST,FuturesEnd,OpenedUnderB,OpenedUnderC,Forward1Pts,Forward2Pts,Forward4Pts,OptionMtm1,OptionMtm2,OptionMtm4
2026-09-04,4,B,09:40:42.000,24033.1000,True,True,-0.3000,6.1000,-0.1000,0.4958677685950413223140495900,-0.1652892561983471074380165300,-0.8264462809917355371900826400
2026-09-04,4,B,09:41:34.000,24032.8000,True,False,0.2000,0.2000,18.5000,0.8403361344537815126050420200,2.2689075630252100840336134500,7.983193277310924369747899160
2026-09-04,4,B,09:44:27.000,24033.0000,True,False,0.0000,18.3000,12.1000,0.0821692686935086277732128200,5.5875102711585866885784716500,4.6014790468364831552999178300
2026-09-04,4,A,11:29:25.000,24100.1000,True,True,4.2000,9.8000,10.9000,-3.6787040161997975025312183600,-3.6449544380695241309483631500,-3.543705703678704016199797500
2026-09-04,4,A,11:42:41.000,24114.2000,True,False,-6.1000,-3.2000,-1.2000,0.9097270818754373687893631900,1.889433170048985304408677400,1.0146955913226032190342897100
2026-09-04,4,A,11:48:39.000,24111.0000,True,False,0.2000,2.0000,-15.5000,-0.5837912087912087912087912100,-0.8585164835164835164835164800,3.7087912087912087912087912100
2026-09-04,4,A,11:58:43.000,24113.0000,True,False,-17.5000,-21.5000,-28.0000,3.7444177258673995190656131900,5.462040535898316729646169700,10.614908965991068361387839230
2026-09-04,4,A,15:19:10.000,24062.3000,False,False,-20.7000,-17.2000,-18.3000,9.187279151943462897526501770,11.071849234393404004711425210,4.6329014526894385551629367900
2026-09-08,0,A,09:19:22.000,23788.0000,True,True,3.0000,3.9000,-0.3000,-1.5398152221733391992960844700,1.3638363396392432908051033900,-0.4399472063352397712274527100
2026-09-08,0,A,10:00:47.000,23785.3000,True,True,-5.3000,-17.3000,-11.3000,2.8493364558938329430132708800,4.4106167056986729117876658900,2.4980483996877439500390320100
2026-09-08,0,B,10:07:07.000,23776.0000,True,True,7.5000,8.0000,33.2000,8.695652173913043478260869570,13.405797101449275362318840580,15.942028985507246376811594200
2026-09-08,0,A,11:13:24.000,23780.0000,True,True,-3.0000,0.9000,-8.0000,-0.5684125050751116524563540400,-0.1624035728786033292732440100,4.303694681282988225740966300
2026-09-08,0,B,12:13:31.000,23749.9000,True,True,0.1000,-2.9000,4.1000,3.6184210526315789473684210500,1.3157894736842105263157894700,1.9736842105263157894736842100
2026-09-08,0,A,12:52:14.000,23751.9000,True,True,7.7000,1.6000,8.0000,-5.5438225976768743400211193200,1.795142555438225976768743400,-2.7455121436114044350580781400
2026-09-08,0,B,14:01:36.000,23736.0000,True,True,2.0000,13.0000,25.5000,4.3715846994535519125683060100,7.1038251366120218579234972700,27.868852459016393442622950820
2026-09-08,0,A,14:46:54.000,23750.3000,True,True,6.2000,3.2000,-1.3000,-1.6591251885369532428355957800,2.8154851684263448969331322300,-1.4580191050779286073403720500
2026-09-08,0,B,15:19:12.000,23747.0000,False,False,-6.5000,-7.0000,-12.0000,-73.333333333333333333333333330,-78.666666666666666666666666670,-85.33333333333333333333333333
2026-09-09,6,B,09:25:06.000,23616.8000,True,True,3.2000,9.7000,2.6000,1.1106175033318525099955575300,2.5322079075966237227898711700,1.4660151043980453131941359400
2026-09-09,6,A,09:36:42.000,23623.5000,True,True,0.0000,0.0000,9.8000,0,-0.9109311740890688259109311700,-4.824561403508771929824561400
2026-09-09,6,A,09:42:27.000,23635.0000,True,False,5.0000,-6.0000,-18.0000,-1.5689757252812314979277679100,1.036116044997039668442865600,4.7957371225577264653641207800
2026-09-09,6,A,10:03:50.000,23589.3000,True,True,0.1000,0.7000,-4.3000,0.4914004914004914004914004900,0.4914004914004914004914004900,1.3820638820638820638820638800
2026-09-09,6,A,10:09:07.000,23590.0000,True,False,-0.6000,-3.1000,3.8000,-1.1725796752856283824413710200,-0.6915213469633193024654239300,-4.3896572459410703547805171400
2026-09-09,6,B,10:29:39.000,23653.8000,True,True,2.7000,-2.7000,-5.1000,0.4497751124437781109445277400,-1.1994002998500749625187406300,-1.7991004497751124437781109400
2026-09-09,6,A,10:30:55.000,23651.1000,True,True,-5.1000,-2.4000,-25.1000,3.2361422620954822172380647200,1.0893944248638256968920217900,10.509452098686318487664210190
2026-09-09,6,B,11:43:05.000,23633.0000,True,True,-12.0000,-24.5000,-28.0000,-4.9537289058247142079477408800,-9.907457811649428415895481760,-13.500272182906913445835601520
2026-09-09,6,A,12:07:43.000,23587.3000,True,True,1.7000,0.6000,-0.1000,-2.6348039215686274509803921600,-1.3480392156862745098039215700,-5.2083333333333333333333333300
2026-09-09,6,B,12:12:47.000,23585.0000,True,True,2.2000,-1.0000,5.0000,0.2074688796680497925311203300,-0.4668049792531120331950207500,-0.0518672199170124481327800800
2026-09-09,6,A,12:21:58.000,23592.2000,True,True,-2.2000,12.8000,37.3000,-2.2948758252121974221942785300,-5.9100911662999056900345803200,-17.353033637220999685633448600
2026-09-09,6,B,14:04:38.000,23652.6000,True,True,7.5000,14.4000,-12.1000,-1.5143866733972741039878849100,-2.1201413427561837455830388700,-10.449268046441191317516405860
2026-09-09,6,A,14:08:13.000,23667.0000,True,True,-17.0000,-26.5000,-16.9000,1.9985974754558204768583450200,5.6100981767180925666199158500,3.3309957924263674614305750400
2026-09-10,5,A,09:21:08.000,23547.0000,True,True,-1.0000,-22.0000,-31.5000,3.3939818054583624912526242100,10.496850944716585024492652200,10.356892932120363890832750170
2026-09-10,5,B,11:10:01.000,23517.9000,True,True,34.6000,22.4000,7.1000,10.548086866597724922440537750,6.2564632885211995863495346400,0.1551189245087900723888314400
2026-09-10,5,A,12:23:44.000,23561.6000,True,True,-9.6000,-12.1000,-29.6000,-0.3406510219530658591975775900,1.665404996214988644965934900,5.6018168054504163512490537500
2026-09-10,5,A,13:47:08.000,23522.8000,True,True,-6.8000,-15.6000,-21.8000,1.0118043844856661045531197300,4.8060708263069139966273187200,6.3237774030354131534569983100
2026-09-10,5,A,14:04:29.000,23508.0000,True,False,-6.4000,-8.0000,-19.2000,-2.2143139580862000790826413600,0.3558718861209964412811387900,4.744958481613285883748517200
2026-09-10,5,B,14:07:05.000,23501.6000,True,True,-1.6000,-9.6000,-12.6000,-1.1933174224343675417661097900,-3.1026252983293556085918854400,-5.4892601431980906921241050100
2026-09-10,5,A,14:29:54.000,23500.0000,True,True,-17.1000,-22.0000,3.5000,5.2218296034550451511582253600,9.736945425991362387122104440,-2.2379269729093050647820965800
2026-09-10,5,A,15:06:49.000,23465.6000,False,False,-1.2000,-3.1000,0.8000,-1.5845824411134903640256959300,-1.4132762312633832976445396100,-1.9271948608137044967880085700
2026-09-10,5,A,15:14:12.000,23475.0000,False,False,-5.6000,-11.7000,-7.4000,-5.8873358746293943244387971200,-2.0753917831427361287590004200,-4.5319779754341380770859805200
2026-09-10,5,B,15:16:24.000,23469.4000,False,False,-6.1000,-9.4000,24.1000,-2.4867724867724867724867724900,-4.0740740740740740740740740700,6.2433862433862433862433862400
2026-09-10,5,A,15:26:35.000,23492.0000,False,False,2.9000,3.8000,10.2000,-0.8021390374331550802139037400,0.1145912910618792971734148200,-6.7608861726508785332314744100
2026-09-10,5,A,15:28:56.000,23495.8000,False,False,6.2000,6.4000,,-8.088515833651278138115223200,-6.8676077832888210606638687500,
2026-09-11,4,B,09:24:42.000,23310.0000,True,True,6.4000,9.1000,8.5000,0.2870264064293915040183696900,1.3203214695752009184845005700,0.8036739380022962112514351300
2026-09-11,4,B,11:08:33.000,23355.4000,True,True,9.0000,15.6000,25.9000,2.8571428571428571428571428600,4.7619047619047619047619047600,13.452380952380952380952380950
2026-09-11,4,B,12:26:45.000,23403.2000,True,False,19.4000,15.9000,4.7000,2.9184038117927337701012507400,2.0845741512805241215008933900,3.2162001191185229303156640900
2026-09-11,4,B,12:43:12.000,23416.5000,True,True,-11.4000,-9.8000,-6.5000,-8.571428571428571428571428570,-8.406593406593406593406593410,-11.263736263736263736263736260
2026-09-11,4,A,12:51:11.000,23410.0000,True,True,-7.3000,-10.6000,-7.5000,1.8934911242603550295857988200,0.2761341222879684418145956600,-1.7751479289940828402366863900
2026-09-11,4,A,12:52:38.000,23403.7000,True,False,-1.2000,3.7000,6.3000,-0.3202562049639711769415532400,-2.241793434747798238590872700,-1.5612489991993594875900720600
2026-09-11,4,B,12:54:16.000,23407.4000,True,True,11.6000,2.6000,0.1000,-0.7100591715976331360946745600,-0.1775147928994082840236686400,-0.8284023668639053254437869800
2026-09-11,4,A,12:58:01.000,23407.5000,True,True,14.5000,7.4000,-26.7000,-1.9846091535034426893479141400,1.7010935601458080194410692600,10.368570271364925070878898340
2026-09-11,4,A,13:01:26.000,23414.9000,True,False,-28.7000,-34.1000,-9.9000,5.416168857029072082835523700,8.522500995619275189167662290,-1.1549183592194344882516925500
2026-09-11,4,A,13:36:12.000,23410.4000,True,False,-2.9000,-7.2000,-20.0000,1.6064257028112449799196787100,4.8594377510040160642570281100,3.0522088353413654618473895600
2026-09-11,4,B,13:44:31.000,23390.4000,True,True,9.6000,18.8000,19.1000,-1.8637532133676092544987146500,-0.8997429305912596401028277600,-0.9640102827763496143958868900
2026-09-11,4,A,13:48:43.000,23405.6000,True,True,-0.7000,-0.6000,25.1000,-3.9132119333591631150716776400,-5.0755521115846571096474234800,-11.894614490507555211158465710
2026-09-11,4,B,13:52:06.000,23404.9000,True,True,0.1000,25.1000,10.5000,1.6260162601626016260162601600,13.696060037523452157598499060,10.193871169480925578486554100
2026-09-15,0,A,09:33:14.000,23494.0000,True,True,-5.8000,-6.1000,-13.4000,-6.5403422982885085574572127100,-1.0391198044009779951100244500,1.7726161369193154034229828900
2026-09-15,0,A,10:52:24.000,23374.0000,True,False,-4.0000,-4.1000,9.0000,2.2568093385214007782101167300,1.9455252918287937743190661500,-13.151750972762645914396887160
2026-09-15,0,A,11:18:38.000,23377.5000,True,False,-13.7000,-3.4000,-11.5000,2.2527472527472527472527472500,0,4.395604395604395604395604400
2026-09-15,0,A,11:42:11.000,23380.0000,True,False,0.0000,0.0000,4.5000,0.9444444444444444444444444400,2.9444444444444444444444444400,-3.1111111111111111111111111100
2026-09-15,0,B,11:44:33.000,23376.5000,True,True,8.0000,3.5000,3.5000,-3.3660589060308555399719495100,-11.921458625525946704067321180,-9.116409537166900420757363250
2026-09-15,0,A,11:49:26.000,23384.5000,True,True,-4.5000,-4.5000,-8.5000,5.7339449541284403669724770600,5.7339449541284403669724770600,8.199541284403669724770642200
2026-09-15,0,A,13:03:11.000,23349.2000,True,True,0.0000,4.9000,-22.2000,0,-6.3375583722481654436290860600,12.208138759172781854569713140
2026-09-15,0,B,13:15:14.000,23326.2000,True,True,4.5000,3.8000,2.8000,-8.091286307053941908713692950,-6.8464730290456431535269709500,-14.315352697095435684647302900
2026-09-15,0,A,13:16:53.000,23330.7000,True,True,-0.7000,-5.7000,-6.7000,-1.0185739964050329538645895700,-3.5949670461354104254044337900,0.5392450569203115638106650700
2026-09-15,0,B,13:20:35.000,23325.0000,True,True,4.0000,-1.0000,-4.1000,-12.500,-9.745762711864406779661016950,-16.313559322033898305084745760
2026-09-15,0,A,13:57:04.000,23324.2000,True,True,-4.2000,-9.2000,-30.3000,0.5833333333333333333333333300,1.00,12.583333333333333333333333330
2026-09-15,0,A,14:45:04.000,23254.3000,True,True,-2.7000,-6.3000,-29.8000,3.9879608728367193378480060200,7.449209932279909706546275400,26.787057938299473288186606470
2026-09-15,0,B,14:56:26.000,23221.6000,True,True,-13.5000,-11.7000,0.4000,-0.8274231678486997635933806100,-2.8368794326241134751773049600,-5.5555555555555555555555555600
2026-09-15,0,B,15:03:41.000,23214.1000,False,False,15.9000,12.9000,19.3000,15.431348724179829890643985420,4.7387606318347509113001215100,14.337788578371810449574726610
2026-09-15,0,B,15:11:21.000,23229.9000,False,False,13.1000,1.5000,-2.9000,4.3551088777219430485762144100,1.1725293132328308207705192600,-5.1926298157453936348408710200
2026-09-15,0,A,15:15:05.000,23234.6000,False,False,-7.6000,-4.6000,5.6000,-25.558739255014326647564469910,1.3753581661891117478510028700,-4.126074498567335243553008600
2026-09-16,6,A,09:22:21.000,23311.7000,True,True,2.9000,-8.7000,-26.1000,-1.8459763484280357657917507900,1.3267955004326507066628208800,5.2783386212864147678107874200
2026-09-16,6,B,09:34:01.000,23254.9000,True,True,25.1000,-2.9000,-30.9000,3.4548335974643423137876386700,-4.81774960380348652931854200,-11.251980982567353407290015850
2026-09-16,6,A,12:23:32.000,23289.4000,True,True,0.6000,25.6000,17.6000,-2.7224249228178501262980634300,-6.9042941341566095986528206600,-6.0623070446253157451585742400
2026-09-16,6,A,13:17:05.000,23322.0000,True,True,-7.4000,-25.4000,-49.0000,-1.5337423312883435582822085900,3.2208588957055214723926380400,12.024539877300613496932515340
2026-09-16,6,B,13:21:56.000,23314.6000,True,True,-18.0000,-34.5000,-42.7000,-5.7239057239057239057239057200,-11.919191919191919191919191920,-12.289562289562289562289562290
2026-09-16,6,A,13:37:39.000,23278.5000,True,True,-18.5000,-23.5000,-18.3000,1.8573351278600269179004037700,3.2570659488559892328398384900,1.18438761776581426648721400
2026-09-16,6,A,14:20:54.000,23280.8000,True,False,-5.8000,-12.8000,-7.8000,-0.5523336095001380834023750300,2.1541010770505385252692626300,-0.0276166804750069041701187500
2026-09-16,6,B,14:29:16.000,23275.0000,True,True,-7.0000,-5.0000,5.0000,-2.1981522777954762663268556900,-3.5361580121057661675692895800,2.2300095571838165020707231600
2026-09-17,5,A,10:15:53.000,23365.0000,True,True,-10.0000,-8.2000,-44.9000,3.7335285505124450951683748200,3.1478770131771595900439238700,10.614934114202049780380673500
2026-09-17,5,A,11:46:42.000,23308.0000,True,False,24.0000,32.0000,48.0000,-10.769800148038490007401924500,-13.989637305699481865284974090,-16.617320503330866025166543300
2026-09-17,5,B,12:17:28.000,23389.8000,True,True,4.2000,3.2000,10.2000,0.8498583569405099150141643100,-0.5193578847969782813975448500,3.8715769593956562795089707300
2026-09-17,5,B,13:47:11.000,23303.8000,True,False,-3.8000,12.9000,1.2000,-1.2405848471422241914045192700,-1.9051838723969871510855117400,-4.0762073548958794860434204700
2026-09-17,5,A,14:34:19.000,23318.2000,True,True,19.0000,26.6000,16.8000,-12.805358550039401103230890460,-11.702127659574468085106382980,-9.850275807722616233254531130
2026-09-17,5,B,15:14:10.000,23330.0000,False,False,3.6000,1.3000,4.0000,0.9493670886075949367088607600,0.2637130801687763713080168800,-0.1582278481012658227848101300
2026-09-18,4,A,09:35:33.000,23323.2000,True,True,14.0000,25.6000,21.8000,-13.155555555555555555555555560,-14.666666666666666666666666670,-11.911111111111111111111111110
2026-09-18,4,B,10:00:18.000,23344.0000,True,True,1.0000,8.1000,-1.0000,-4.845360824742268041237113400,3.0412371134020618556701030900,-5.4639175257731958762886597900
2026-09-18,4,A,10:07:05.000,23345.0000,True,True,7.1000,-15.0000,-17.6000,-9.429280397022332506203473950,0.7444168734491315136476426800,4.0115798180314309346567411100
2026-09-18,4,A,10:40:45.000,23329.7000,True,False,-4.0000,10.2000,-4.7000,-1.7489312087057909055577147300,-7.5009716284492809949475320600,-2.8371550719005052467936261200
2026-09-18,4,B,10:49:37.000,23325.7000,True,True,14.2000,-3.6000,-0.7000,5.1479289940828402366863905300,-1.834319526627218934911242600,-5.0887573964497041420118343200
2026-09-18,4,A,12:25:51.000,23352.4000,True,True,6.6000,10.3000,12.6000,-7.8687050359712230215827338100,-8.498201438848920863309352520,-13.938848920863309352517985610
2026-09-18,4,B,13:47:35.000,23339.9000,True,True,0.4000,16.7000,25.1000,-1.2547051442910915934755332500,4.5796737766624843161856963600,10.790464240903387703889585950
2026-09-18,4,B,14:34:04.000,23394.0000,True,False,-0.9000,3.0000,-3.0000,-0.4320987654320987654320987700,-0.5555555555555555555555555600,0.1851851851851851851851851900
2026-09-18,4,B,15:14:21.000,23381.0000,False,False,5.7000,5.5000,-6.0000,-2.1567217828900071890726096300,0.5032350826743350107836089100,-4.6728971962616822429906542100
2026-09-21,1,B,09:32:29.000,23409.2000,True,True,2.8000,6.8000,-15.4000,-3.9098740888005301524188204100,-1.2591119946984758117958913200,-11.332007952286282306163021870
2026-09-21,1,A,09:35:29.000,23412.0000,True,True,4.0000,-7.0000,-12.0000,-2.6955950032873109796186719300,2.0381328073635765943458251200,0.3944773175542406311637080900
2026-09-21,1,B,11:05:45.000,23397.2000,True,True,9.4000,3.9000,7.0000,2.5984251968503937007874015700,1.574803149606299212598425200,-4.0157480314960629921259842500
2026-09-21,1,B,11:08:30.000,23401.1000,True,False,8.9000,3.1000,8.1000,2.3255813953488372093023255800,-5.5038759689922480620155038800,2.9457364341085271317829457400
2026-09-21,1,B,12:01:10.000,23430.9000,True,False,-5.9000,-5.1000,-2.4000,-6.5116279069767441860465116300,-2.8837209302325581395348837200,-5.3023255813953488372093023300
2026-09-21,1,A,12:11:25.000,23428.5000,True,True,-1.2000,7.3000,-5.3000,0.287686996547756041426927500,-0.6329113924050632911392405100,1.8987341772151898734177215200
2026-09-21,1,A,13:09:16.000,23416.9000,True,False,-1.9000,12.0000,14.6000,-1.0526315789473684210526315800,-9.022556390977443609022556390,-15.789473684210526315789473680
2026-09-21,1,A,14:59:09.000,23454.6000,True,False,-7.5000,-4.6000,-6.2000,-0.5247376311844077961019490300,0.5997001499250374812593703100,3.2233883058470764617691154400
2026-09-21,1,A,15:06:37.000,23450.0000,False,False,-1.6000,0.4000,-3.6000,2.7611940298507462686567164200,0.0746268656716417910447761200,2.0895522388059701492537313400
2026-09-21,1,B,15:17:22.000,23441.1000,False,False,8.9000,8.9000,6.1000,-2.4597116200169635284139100900,2.7989821882951653944020356200,-2.7141645462256149279050042400
2026-09-21,1,B,15:19:36.000,23450.0000,False,False,-2.0000,-2.8000,-5.8000,-3.795379537953795379537953800,-5.3630363036303630363036303600,-8.663366336633663366336633660
