Architecture,TradingDate,Dte,Pattern,SignalTimeIST,EntryTimeIST,ExitTimeIST,ExitReason,EntryPremium,ExitPremium,Quantity,NetPnl,HoldingSeconds,MAE,MFE,SecondsToMfe,GivebackPct
A,2026-09-04,4,B,11:29:25.000,09:40:42.000,11:29:25.000,OppositePatternSignal,60.5500,74.8000,650,9232.1100,6523,2.0000,17.6500,2977,19.263456090651558073654390930
A,2026-09-04,4,A,13:39:30.000,11:29:25.000,13:39:30.000,OppositePatternSignal,148.4000,167.7000,650,12476.8700,7806,12.4000,33.7500,5294,42.814814814814814814814814810
B,2026-09-04,4,B,09:40:42.000,09:40:42.000,09:40:59.000,AtmStateInvalidation,60.5500,60.2500,650,-219.4800,17,0.2000,0.4000,2,175.00
B,2026-09-04,4,B,09:41:34.000,09:41:34.000,09:44:09.000,AtmStateInvalidation,59.6500,60.0000,650,203.1200,155,1.1000,0.5500,146,36.363636363636363636363636360
B,2026-09-04,4,B,09:44:27.000,09:44:27.000,09:45:04.000,AtmStateInvalidation,60.7500,60.7500,650,-24.6800,37,0.2500,0.3000,6,100
B,2026-09-04,4,A,11:29:25.000,11:29:25.000,11:32:38.000,AtmStateInvalidation,148.4000,142.8500,650,-3665.5300,193,5.9000,0.1000,2,5650.0
B,2026-09-04,4,A,11:42:41.000,11:42:41.000,11:45:26.000,AtmStateInvalidation,142.8500,144.0000,650,689.0000,165,0.7500,2.9000,152,60.344827586206896551724137930
B,2026-09-04,4,A,11:48:39.000,11:48:39.000,11:53:12.000,AtmStateInvalidation,145.6000,144.6000,650,-708.7400,273,6.0000,0.3000,2,433.33333333333333333333333333
B,2026-09-04,4,A,11:58:43.000,11:58:43.000,12:01:44.000,AtmStateInvalidation,145.4000,151.0000,650,3578.6600,182,0.7500,6.6000,182,15.151515151515151515151515150
C,2026-09-04,4,B,09:40:42.000,09:40:42.000,09:40:59.000,AtmStateInvalidation,60.5500,60.2500,650,-219.4800,17,0.2000,0.4000,2,175.00
C,2026-09-04,4,A,11:29:25.000,11:29:25.000,11:32:38.000,AtmStateInvalidation,148.4000,142.8500,650,-3665.5300,193,5.9000,0.1000,2,5650.0
A,2026-09-08,0,A,09:35:25.000,09:19:22.000,09:35:25.000,OppositePatternSignal,114.2500,120.5000,650,4013.5500,963,2.7500,15.6000,634,59.935897435897435897435897440
A,2026-09-08,0,A,10:07:07.000,10:00:47.000,10:07:07.000,OppositePatternSignal,128.4000,127.7000,650,-506.8800,380,1.1500,9.3000,175,107.52688172043010752688172043
A,2026-09-08,0,B,11:13:24.000,10:07:07.000,11:13:24.000,OppositePatternSignal,13.8000,11.5500,650,-1467.1900,3977,3.4000,9.3000,484,124.19354838709677419354838710
A,2026-09-08,0,A,11:18:06.000,11:13:24.000,11:18:06.000,OppositePatternSignal,123.2000,122.0000,650,-829.5600,282,3.6500,1.8000,178,166.66666666666666666666666667
A,2026-09-08,0,B,12:52:14.000,12:13:31.000,12:52:14.000,OppositePatternSignal,15.2000,12.7500,650,-1597.6800,2323,2.8000,4.2500,1452,157.64705882352941176470588235
A,2026-09-08,0,A,14:01:36.000,12:52:14.000,14:01:36.000,OppositePatternSignal,94.8000,103.5500,650,5645.4300,4162,9.1000,25.0000,3562,65.00
A,2026-09-08,0,B,14:46:54.000,14:01:36.000,14:46:54.000,OppositePatternSignal,9.2000,10.2500,650,678.3400,2718,0.6000,4.2500,1894,75.294117647058823529411764710
A,2026-09-08,0,A,14:57:01.000,14:46:54.000,14:57:01.000,OppositePatternSignal,99.5000,101.7000,650,1388.6800,607,5.9000,5.1000,336,56.862745098039215686274509800
B,2026-09-08,0,A,09:19:22.000,09:19:22.000,09:19:54.000,AtmStateInvalidation,114.2500,111.8500,650,-1605.4400,32,2.7500,0,,
B,2026-09-08,0,A,10:00:47.000,10:00:47.000,10:02:33.000,AtmStateInvalidation,128.4000,132.1000,650,2351.3300,106,1.1500,3.7500,85,1.3333333333333333333333333300
B,2026-09-08,0,B,10:07:07.000,10:07:07.000,10:08:38.000,AtmStateInvalidation,13.8000,14.7000,650,579.0300,91,0,1.2000,91,25.00
B,2026-09-08,0,A,11:13:24.000,11:13:24.000,11:18:06.000,AtmStateInvalidation,123.2000,122.0000,650,-829.5600,282,3.6500,1.8000,178,166.66666666666666666666666667
B,2026-09-08,0,B,12:13:31.000,12:13:31.000,12:18:45.000,AtmStateInvalidation,15.2000,15.7000,650,318.6200,314,0.7500,0.7000,309,28.571428571428571428571428570
B,2026-09-08,0,A,12:52:14.000,12:52:14.000,12:57:01.000,AtmStateInvalidation,94.8000,89.2500,650,-3643.7600,287,9.1000,1.1000,22,604.54545454545454545454545455
B,2026-09-08,0,B,14:01:36.000,14:01:36.000,14:07:24.000,AtmStateInvalidation,9.2000,9.7500,650,353.5400,348,0.6000,1.1000,206,50.0
B,2026-09-08,0,A,14:46:54.000,14:46:54.000,14:49:22.000,AtmStateInvalidation,99.5000,98.1000,650,-949.8500,148,4.4500,0.8000,25,275.00
C,2026-09-08,0,A,09:19:22.000,09:19:22.000,09:19:54.000,AtmStateInvalidation,114.2500,111.8500,650,-1605.4400,32,2.7500,0,,
C,2026-09-08,0,A,10:00:47.000,10:00:47.000,10:02:33.000,AtmStateInvalidation,128.4000,132.1000,650,2351.3300,106,1.1500,3.7500,85,1.3333333333333333333333333300
C,2026-09-08,0,B,10:07:07.000,10:07:07.000,10:08:38.000,AtmStateInvalidation,13.8000,14.7000,650,579.0300,91,0,1.2000,91,25.00
C,2026-09-08,0,A,11:13:24.000,11:13:24.000,11:18:06.000,AtmStateInvalidation,123.2000,122.0000,650,-829.5600,282,3.6500,1.8000,178,166.66666666666666666666666667
C,2026-09-08,0,B,12:13:31.000,12:13:31.000,12:18:45.000,AtmStateInvalidation,15.2000,15.7000,650,318.6200,314,0.7500,0.7000,309,28.571428571428571428571428570
C,2026-09-08,0,A,12:52:14.000,12:52:14.000,12:57:01.000,AtmStateInvalidation,94.8000,89.2500,650,-3643.7600,287,9.1000,1.1000,22,604.54545454545454545454545455
C,2026-09-08,0,B,14:01:36.000,14:01:36.000,14:07:24.000,AtmStateInvalidation,9.2000,9.7500,650,353.5400,348,0.6000,1.1000,206,50.0
C,2026-09-08,0,A,14:46:54.000,14:46:54.000,14:49:22.000,AtmStateInvalidation,99.5000,98.1000,650,-949.8500,148,4.4500,0.8000,25,275.00
A,2026-09-09,6,B,09:36:42.000,09:25:06.000,09:36:42.000,OppositePatternSignal,112.9500,112.6500,650,-240.7600,696,2.5000,3.6500,561,108.21917808219178082191780822
A,2026-09-09,6,A,09:46:18.000,09:36:42.000,09:46:18.000,OppositePatternSignal,148.7000,141.7500,650,-4575.0900,576,13.5000,0,,
A,2026-09-09,6,A,10:29:39.000,10:03:50.000,10:29:39.000,OppositePatternSignal,163.0000,128.6000,650,-22412.2400,1549,40.3000,7.1000,449,584.50704225352112676056338028
A,2026-09-09,6,B,10:30:55.000,10:29:39.000,10:30:55.000,OppositePatternSignal,99.8500,98.3000,650,-1047.4300,76,1.4500,4.4500,50,134.83146067415730337078651685
A,2026-09-09,6,A,11:43:05.000,10:30:55.000,11:43:05.000,OppositePatternSignal,156.9000,158.8500,650,1202.9700,4330,4.1500,20.5000,691,90.48780487804878048780487805
A,2026-09-09,6,B,12:07:43.000,11:43:05.000,12:07:43.000,OppositePatternSignal,92.0000,72.9000,650,-12444.6200,1478,19.2000,4.2000,158,554.76190476190476190476190476
A,2026-09-09,6,A,12:12:47.000,12:07:43.000,12:12:47.000,OppositePatternSignal,163.4500,155.7000,650,-5100.7500,304,9.7500,0.3500,15,2314.2857142857142857142857143
A,2026-09-09,6,B,12:21:58.000,12:12:47.000,12:21:58.000,OppositePatternSignal,96.4000,94.8500,650,-1046.0300,552,2.6500,1.2000,82,229.16666666666666666666666667
A,2026-09-09,6,A,14:04:38.000,12:21:58.000,14:04:38.000,OppositePatternSignal,159.3000,116.4500,650,-27899.8100,6160,47.0000,3.0500,55,1504.9180327868852459016393443
A,2026-09-09,6,B,14:08:13.000,14:04:38.000,14:08:13.000,OppositePatternSignal,99.0000,97.3000,650,-1144.5300,215,2.7500,3.3000,99,151.51515151515151515151515152
A,2026-09-09,6,A,14:58:00.000,14:08:13.000,14:58:00.000,OppositePatternSignal,142.5500,172.2500,650,19235.0200,2987,0.7000,38.6000,2263,23.056994818652849740932642490
B,2026-09-09,6,B,09:25:06.000,09:25:06.000,09:25:44.000,AtmStateInvalidation,112.9500,113.5500,650,343.8700,38,1.2000,1.2000,31,50.0
B,2026-09-09,6,A,09:36:42.000,09:36:42.000,09:37:02.000,AtmStateInvalidation,148.7000,147.0500,650,-1132.2400,20,2.2500,0,,
B,2026-09-09,6,A,09:42:27.000,09:42:27.000,09:45:18.000,AtmStateInvalidation,169.3500,169.3500,650,-68.8000,171,6.3500,1.3000,171,100
B,2026-09-09,6,A,10:03:50.000,10:03:50.000,10:04:38.000,AtmStateInvalidation,163.0000,163.6000,650,323.5400,48,2.5000,1.7500,3,65.714285714285714285714285710
B,2026-09-09,6,A,10:09:07.000,10:09:07.000,10:10:12.000,AtmStateInvalidation,165.8000,164.5500,650,-879.3500,65,2.3000,0.4500,5,377.77777777777777777777777778
B,2026-09-09,6,B,10:29:39.000,10:29:39.000,10:30:01.000,AtmStateInvalidation,99.8500,100.1500,650,154.3100,22,0.3000,1.1500,7,73.913043478260869565217391300
B,2026-09-09,6,A,10:30:55.000,10:30:55.000,10:32:23.000,AtmStateInvalidation,156.9000,161.0500,650,2632.0700,88,1.4500,5.1000,71,18.627450980392156862745098040
B,2026-09-09,6,B,11:43:05.000,11:43:05.000,11:50:23.000,AtmStateInvalidation,92.0000,87.3000,650,-3090.4700,438,4.9500,4.2000,158,211.90476190476190476190476190
B,2026-09-09,6,A,12:07:43.000,12:07:43.000,12:11:15.000,AtmStateInvalidation,163.4500,160.9500,650,-1690.3900,212,5.4500,0.3500,15,814.2857142857142857142857143
B,2026-09-09,6,B,12:12:47.000,12:12:47.000,12:18:28.000,AtmStateInvalidation,96.4000,96.0000,650,-299.0000,341,2.3000,1.2000,82,133.33333333333333333333333333
B,2026-09-09,6,A,12:21:58.000,12:21:58.000,12:24:06.000,AtmStateInvalidation,159.3000,155.4000,650,-2598.1300,128,3.9000,3.0500,55,227.86885245901639344262295082
B,2026-09-09,6,B,14:04:38.000,14:04:38.000,14:07:07.000,AtmStateInvalidation,99.0000,97.7500,650,-852.2100,149,1.4500,3.3000,99,137.87878787878787878787878788
B,2026-09-09,6,A,14:08:13.000,14:08:13.000,14:12:45.000,AtmStateInvalidation,142.5500,145.1500,650,1631.0300,272,0.7000,6.4500,167,59.689922480620155038759689920
C,2026-09-09,6,B,09:25:06.000,09:25:06.000,09:25:44.000,AtmStateInvalidation,112.9500,113.5500,650,343.8700,38,1.2000,1.2000,31,50.0
C,2026-09-09,6,A,09:36:42.000,09:36:42.000,09:37:02.000,AtmStateInvalidation,148.7000,147.0500,650,-1132.2400,20,2.2500,0,,
C,2026-09-09,6,A,10:03:50.000,10:03:50.000,10:04:38.000,AtmStateInvalidation,163.0000,163.6000,650,323.5400,48,2.5000,1.7500,3,65.714285714285714285714285710
C,2026-09-09,6,B,10:29:39.000,10:29:39.000,10:30:01.000,AtmStateInvalidation,99.8500,100.1500,650,154.3100,22,0.3000,1.1500,7,73.913043478260869565217391300
C,2026-09-09,6,A,10:30:55.000,10:30:55.000,10:32:23.000,AtmStateInvalidation,156.9000,161.0500,650,2632.0700,88,1.4500,5.1000,71,18.627450980392156862745098040
C,2026-09-09,6,B,11:43:05.000,11:43:05.000,11:50:23.000,AtmStateInvalidation,92.0000,87.3000,650,-3090.4700,438,4.9500,4.2000,158,211.90476190476190476190476190
C,2026-09-09,6,A,12:07:43.000,12:07:43.000,12:11:15.000,AtmStateInvalidation,163.4500,160.9500,650,-1690.3900,212,5.4500,0.3500,15,814.2857142857142857142857143
C,2026-09-09,6,B,12:12:47.000,12:12:47.000,12:18:28.000,AtmStateInvalidation,96.4000,96.0000,650,-299.0000,341,2.3000,1.2000,82,133.33333333333333333333333333
C,2026-09-09,6,A,12:21:58.000,12:21:58.000,12:24:06.000,AtmStateInvalidation,159.3000,155.4000,650,-2598.1300,128,3.9000,3.0500,55,227.86885245901639344262295082
C,2026-09-09,6,B,14:04:38.000,14:04:38.000,14:07:07.000,AtmStateInvalidation,99.0000,97.7500,650,-852.2100,149,1.4500,3.3000,99,137.87878787878787878787878788
C,2026-09-09,6,A,14:08:13.000,14:08:13.000,14:12:45.000,AtmStateInvalidation,142.5500,145.1500,650,1631.0300,272,0.7000,6.4500,167,59.689922480620155038759689920
A,2026-09-10,5,A,11:10:01.000,09:21:08.000,11:10:01.000,OppositePatternSignal,143.1000,152.0000,650,5723.2500,6533,8.7500,23.3500,3149,61.884368308351177730192719490
A,2026-09-10,5,B,12:23:44.000,11:10:01.000,12:23:44.000,OppositePatternSignal,96.7000,109.0500,650,7983.2000,4423,5.2000,22.1500,4344,44.243792325056433408577878100
A,2026-09-10,5,A,12:28:41.000,12:23:44.000,12:28:41.000,OppositePatternSignal,134.4000,131.6500,650,-1840.9800,297,6.4500,0,,
A,2026-09-10,5,A,14:07:05.000,13:47:09.000,14:07:05.000,OppositePatternSignal,118.5500,123.9000,650,3427.1700,1196,3.3500,13.3500,1075,59.925093632958801498127340820
A,2026-09-10,5,B,14:29:54.000,14:07:05.000,14:29:54.000,OppositePatternSignal,83.9500,82.8500,650,-748.6600,1369,5.9500,1.0500,867,204.76190476190476190476190476
A,2026-09-10,5,A,15:10:19.000,14:29:54.000,15:10:19.000,OppositePatternSignal,127.4500,143.9000,650,10634.0400,2425,10.1500,24.9500,1866,34.068136272545090180360721440
B,2026-09-10,5,A,09:21:08.000,09:21:08.000,09:22:16.000,AtmStateInvalidation,143.1000,146.6000,650,2215.4400,68,6.5000,4.6500,68,24.731182795698924731182795700
B,2026-09-10,5,B,11:10:01.000,11:10:01.000,11:14:56.000,AtmStateInvalidation,96.7000,106.9000,650,6586.5700,295,0.2500,11.5500,292,11.688311688311688311688311690
B,2026-09-10,5,A,12:23:44.000,12:23:44.000,12:28:41.000,AtmStateInvalidation,134.4000,131.6500,650,-1840.9800,297,6.4500,0,,
B,2026-09-10,5,A,13:47:09.000,13:47:09.000,13:55:00.000,AtmStateInvalidation,118.5500,119.5500,650,601.4300,471,3.3500,4.8500,107,79.38144329896907216494845361
B,2026-09-10,5,A,14:04:29.000,14:04:29.000,14:07:05.000,AtmStateInvalidation,126.7000,123.9000,650,-1870.3300,156,3.1500,5.2000,35,153.84615384615384615384615385
B,2026-09-10,5,B,14:07:05.000,14:07:05.000,14:12:15.000,AtmStateInvalidation,83.9500,82.6500,650,-878.5800,310,3.4500,0,,
B,2026-09-10,5,A,14:29:54.000,14:29:54.000,14:37:54.000,AtmStateInvalidation,127.4500,133.5500,650,3910.7500,480,1.9000,6.6000,478,7.5757575757575757575757575800
C,2026-09-10,5,A,09:21:08.000,09:21:08.000,09:22:16.000,AtmStateInvalidation,143.1000,146.6000,650,2215.4400,68,6.5000,4.6500,68,24.731182795698924731182795700
C,2026-09-10,5,B,11:10:01.000,11:10:01.000,11:14:56.000,AtmStateInvalidation,96.7000,106.9000,650,6586.5700,295,0.2500,11.5500,292,11.688311688311688311688311690
C,2026-09-10,5,A,12:23:44.000,12:23:44.000,12:28:41.000,AtmStateInvalidation,134.4000,131.6500,650,-1840.9800,297,6.4500,0,,
C,2026-09-10,5,A,13:47:09.000,13:47:09.000,13:55:00.000,AtmStateInvalidation,118.5500,119.5500,650,601.4300,471,3.3500,4.8500,107,79.38144329896907216494845361
C,2026-09-10,5,B,14:07:05.000,14:07:05.000,14:12:15.000,AtmStateInvalidation,83.9500,82.6500,650,-878.5800,310,3.4500,0,,
C,2026-09-10,5,A,14:29:54.000,14:29:54.000,14:37:54.000,AtmStateInvalidation,127.4500,133.5500,650,3910.7500,480,1.9000,6.6000,478,7.5757575757575757575757575800
A,2026-09-11,4,B,09:27:59.000,09:24:42.000,09:27:59.000,OppositePatternSignal,87.2000,86.7500,650,-327.7400,197,2.4500,2.4500,51,118.36734693877551020408163265
A,2026-09-11,4,B,12:39:02.000,11:08:33.000,12:39:02.000,OppositePatternSignal,84.3000,110.4500,650,16952.6300,5429,1.1500,45.5000,540,42.527472527472527472527472530
A,2026-09-11,4,B,12:51:11.000,12:43:12.000,12:51:11.000,OppositePatternSignal,91.7500,80.6500,650,-7247.7600,479,11.9500,0.7000,15,1685.7142857142857142857142857
A,2026-09-11,4,A,12:54:16.000,12:51:11.000,12:54:16.000,OppositePatternSignal,127.0000,122.1000,650,-3234.6000,185,5.0000,3.2000,47,253.12500
A,2026-09-11,4,B,12:58:01.000,12:54:16.000,12:58:01.000,OppositePatternSignal,84.5500,83.8000,650,-521.5400,225,1.8500,0.9500,28,178.94736842105263157894736842
A,2026-09-11,4,A,13:44:31.000,12:58:01.000,13:44:31.000,OppositePatternSignal,123.2500,128.0000,650,3035.5000,2790,6.1000,18.2500,2616,73.972602739726027397260273970
A,2026-09-11,4,B,13:48:43.000,13:44:31.000,13:48:43.000,OppositePatternSignal,77.7000,74.8500,650,-1882.9100,252,6.5500,0.6000,2,575.00
A,2026-09-11,4,A,13:52:06.000,13:48:43.000,13:52:06.000,OppositePatternSignal,128.6500,124.0500,650,-3040.4000,203,8.5000,1.1000,18,518.18181818181818181818181818
A,2026-09-11,4,B,14:15:55.000,13:52:06.000,14:15:55.000,OppositePatternSignal,79.6500,125.2500,650,29589.1200,1429,0.1500,76.0500,694,40.039447731755424063116370810
B,2026-09-11,4,B,09:24:42.000,09:24:42.000,09:25:19.000,AtmStateInvalidation,87.2000,87.3500,650,62.0100,37,1.1500,0.6500,4,76.923076923076923076923076920
B,2026-09-11,4,B,11:08:33.000,11:08:33.000,11:10:23.000,AtmStateInvalidation,84.3000,86.3000,650,1264.9400,110,1.1500,3.6500,78,45.205479452054794520547945210
B,2026-09-11,4,B,12:26:45.000,12:26:45.000,12:32:40.000,AtmStateInvalidation,84.1500,85.6000,650,907.7200,355,4.0000,2.2500,355,35.555555555555555555555555560
B,2026-09-11,4,B,12:43:12.000,12:43:12.000,12:46:46.000,AtmStateInvalidation,91.7500,82.9000,650,-5786.1800,214,9.7000,0.7000,15,1364.2857142857142857142857143
B,2026-09-11,4,A,12:51:11.000,12:51:11.000,12:51:52.000,AtmStateInvalidation,127.0000,129.2000,650,1377.5100,41,0.6000,2.3000,39,4.3478260869565217391304347800
B,2026-09-11,4,A,12:52:38.000,12:52:38.000,12:53:03.000,AtmStateInvalidation,124.7500,125.1000,650,176.6800,25,0.7000,1.3500,9,74.074074074074074074074074070
B,2026-09-11,4,B,12:54:16.000,12:54:16.000,12:55:02.000,AtmStateInvalidation,84.5500,84.1000,650,-326.6700,46,1.2000,0.9500,28,147.36842105263157894736842105
B,2026-09-11,4,A,12:58:01.000,12:58:01.000,12:59:20.000,AtmStateInvalidation,123.2500,120.5000,650,-1836.4500,79,5.5000,0.2500,1,1200
B,2026-09-11,4,A,13:01:26.000,13:01:26.000,13:05:04.000,AtmStateInvalidation,126.4500,132.4000,650,3813.7100,218,2.4500,7.0500,214,15.602836879432624113475177300
B,2026-09-11,4,A,13:36:13.000,13:36:13.000,13:39:22.000,AtmStateInvalidation,124.6500,125.9500,650,793.8300,189,1.3500,3.1000,78,58.064516129032258064516129030
B,2026-09-11,4,B,13:44:31.000,13:44:31.000,13:47:17.000,AtmStateInvalidation,77.7000,76.2500,650,-973.4800,166,6.5500,0.6000,2,341.66666666666666666666666667
B,2026-09-11,4,A,13:48:43.000,13:48:43.000,13:52:06.000,AtmStateInvalidation,128.6500,124.0500,650,-3040.4000,203,8.5000,1.1000,18,518.18181818181818181818181818
B,2026-09-11,4,B,13:52:06.000,13:52:06.000,13:54:16.000,AtmStateInvalidation,79.6500,87.7500,650,5229.3500,130,0.1500,11.2500,130,28.00
C,2026-09-11,4,B,09:24:42.000,09:24:42.000,09:25:19.000,AtmStateInvalidation,87.2000,87.3500,650,62.0100,37,1.1500,0.6500,4,76.923076923076923076923076920
C,2026-09-11,4,B,11:08:33.000,11:08:33.000,11:10:23.000,AtmStateInvalidation,84.3000,86.3000,650,1264.9400,110,1.1500,3.6500,78,45.205479452054794520547945210
C,2026-09-11,4,B,12:43:12.000,12:43:12.000,12:46:46.000,AtmStateInvalidation,91.7500,82.9000,650,-5786.1800,214,9.7000,0.7000,15,1364.2857142857142857142857143
C,2026-09-11,4,A,12:51:11.000,12:51:11.000,12:51:52.000,AtmStateInvalidation,127.0000,129.2000,650,1377.5100,41,0.6000,2.3000,39,4.3478260869565217391304347800
C,2026-09-11,4,B,12:54:16.000,12:54:16.000,12:55:02.000,AtmStateInvalidation,84.5500,84.1000,650,-326.6700,46,1.2000,0.9500,28,147.36842105263157894736842105
C,2026-09-11,4,A,12:58:01.000,12:58:01.000,12:59:20.000,AtmStateInvalidation,123.2500,120.5000,650,-1836.4500,79,5.5000,0.2500,1,1200
C,2026-09-11,4,B,13:44:31.000,13:44:31.000,13:47:17.000,AtmStateInvalidation,77.7000,76.2500,650,-973.4800,166,6.5500,0.6000,2,341.66666666666666666666666667
C,2026-09-11,4,A,13:48:43.000,13:48:43.000,13:52:06.000,AtmStateInvalidation,128.6500,124.0500,650,-3040.4000,203,8.5000,1.1000,18,518.18181818181818181818181818
C,2026-09-11,4,B,13:52:06.000,13:52:06.000,13:54:16.000,AtmStateInvalidation,79.6500,87.7500,650,5229.3500,130,0.1500,11.2500,130,28.00
A,2026-09-15,0,A,11:44:33.000,09:33:14.000,11:44:33.000,OppositePatternSignal,81.8000,163.1500,650,52811.2200,7879,9.2000,105.8500,7053,23.145961265942371280113367970
A,2026-09-15,0,B,11:49:26.000,11:44:33.000,11:49:26.000,OppositePatternSignal,35.6000,34.6500,650,-631.5800,293,2.3500,0.7500,18,226.66666666666666666666666667
A,2026-09-15,0,A,12:30:15.000,11:49:26.000,12:30:15.000,OppositePatternSignal,86.8500,88.9000,650,1296.3800,2449,7.8000,10.0500,273,79.60199004975124378109452736
A,2026-09-15,0,A,13:15:14.000,13:03:11.000,13:15:14.000,OppositePatternSignal,74.7500,78.6000,650,2470.5700,723,10.1500,9.4500,519,59.259259259259259259259259260
A,2026-09-15,0,B,13:16:53.000,13:15:14.000,13:16:53.000,OppositePatternSignal,24.3000,22.1000,650,-1438.9800,99,2.3000,0.3500,5,728.57142857142857142857142857
A,2026-09-15,0,A,13:20:35.000,13:16:53.000,13:20:35.000,OppositePatternSignal,83.2000,80.4500,650,-1820.1800,222,8.0000,5.5000,4,150.0
A,2026-09-15,0,B,13:57:04.000,13:20:35.000,13:57:04.000,OppositePatternSignal,23.7000,20.8000,650,-1893.4500,2189,9.6000,0.1000,406,3000
A,2026-09-15,0,A,14:25:23.000,13:57:04.000,14:25:23.000,OppositePatternSignal,60.4500,103.4500,650,27907.9700,1699,2.7500,53.3500,1359,19.400187441424554826616682290
A,2026-09-15,0,A,14:56:26.000,14:45:04.000,14:56:26.000,OppositePatternSignal,65.8500,85.0500,650,12445.4500,682,0,41.4500,217,53.679131483715319662243667070
A,2026-09-15,0,B,15:15:05.000,14:56:27.000,15:15:05.000,OppositePatternSignal,42.4000,39.4500,650,-1933.5300,1118,7.4000,12.4000,901,123.79032258064516129032258065
B,2026-09-15,0,A,09:33:14.000,09:33:14.000,09:35:09.000,AtmStateInvalidation,81.8000,76.4500,650,-3508.5600,115,5.3500,1.6000,18,434.37500
B,2026-09-15,0,A,10:52:24.000,10:52:24.000,10:53:59.000,AtmStateInvalidation,64.5000,65.6500,650,720.8300,95,1.7000,3.2500,7,64.615384615384615384615384620
B,2026-09-15,0,A,11:18:38.000,11:18:38.000,11:22:03.000,AtmStateInvalidation,89.9500,94.2500,650,2756.7100,205,0,10.2500,118,58.048780487804878048780487800
B,2026-09-15,0,A,11:42:11.000,11:42:11.000,11:44:33.000,AtmStateInvalidation,89.9000,85.5000,650,-2894.7300,143,5.8500,2.9000,62,251.72413793103448275862068966
B,2026-09-15,0,B,11:44:33.000,11:44:33.000,11:49:26.000,AtmStateInvalidation,35.6000,34.6500,650,-631.5800,293,2.3500,0.7500,18,226.66666666666666666666666667
B,2026-09-15,0,A,11:49:26.000,11:49:26.000,11:55:02.000,AtmStateInvalidation,86.8500,93.6500,650,4381.9500,336,0.3500,10.0500,273,32.338308457711442786069651740
B,2026-09-15,0,A,13:03:11.000,13:03:11.000,13:04:23.000,AtmStateInvalidation,74.7500,71.4000,650,-2206.5100,72,5.1500,0.4500,1,844.4444444444444444444444444
B,2026-09-15,0,B,13:15:14.000,13:15:14.000,13:16:53.000,AtmStateInvalidation,24.3000,22.1000,650,-1438.9800,99,2.3000,0.3500,5,728.57142857142857142857142857
B,2026-09-15,0,A,13:16:53.000,13:16:53.000,13:20:35.000,AtmStateInvalidation,83.2000,80.4500,650,-1820.1800,222,8.0000,5.5000,4,150.0
B,2026-09-15,0,B,13:20:35.000,13:20:35.000,13:23:14.000,AtmStateInvalidation,23.7000,20.4500,650,-2120.8100,159,3.5000,0,,
B,2026-09-15,0,A,13:57:04.000,13:57:04.000,14:00:00.000,AtmStateInvalidation,60.4500,60.3000,650,-122.0000,176,2.7500,0.8500,104,117.64705882352941176470588235
B,2026-09-15,0,A,14:45:04.000,14:45:04.000,14:45:55.000,AtmStateInvalidation,65.8500,68.7500,650,1857.0700,51,0,3.4500,49,15.942028985507246376811594200
B,2026-09-15,0,B,14:56:27.000,14:56:27.000,14:58:38.000,AtmStateInvalidation,42.4000,41.1000,650,-861.7000,131,1.9000,0.3500,87,471.42857142857142857142857143
C,2026-09-15,0,A,09:33:14.000,09:33:14.000,09:35:09.000,AtmStateInvalidation,81.8000,76.4500,650,-3508.5600,115,5.3500,1.6000,18,434.37500
C,2026-09-15,0,B,11:44:33.000,11:44:33.000,11:49:26.000,AtmStateInvalidation,35.6000,34.6500,650,-631.5800,293,2.3500,0.7500,18,226.66666666666666666666666667
C,2026-09-15,0,A,11:49:26.000,11:49:26.000,11:55:02.000,AtmStateInvalidation,86.8500,93.6500,650,4381.9500,336,0.3500,10.0500,273,32.338308457711442786069651740
C,2026-09-15,0,A,13:03:11.000,13:03:11.000,13:04:23.000,AtmStateInvalidation,74.7500,71.4000,650,-2206.5100,72,5.1500,0.4500,1,844.4444444444444444444444444
C,2026-09-15,0,B,13:15:14.000,13:15:14.000,13:16:53.000,AtmStateInvalidation,24.3000,22.1000,650,-1438.9800,99,2.3000,0.3500,5,728.57142857142857142857142857
C,2026-09-15,0,A,13:16:53.000,13:16:53.000,13:20:35.000,AtmStateInvalidation,83.2000,80.4500,650,-1820.1800,222,8.0000,5.5000,4,150.0
C,2026-09-15,0,B,13:20:35.000,13:20:35.000,13:23:14.000,AtmStateInvalidation,23.7000,20.4500,650,-2120.8100,159,3.5000,0,,
C,2026-09-15,0,A,13:57:04.000,13:57:04.000,14:00:00.000,AtmStateInvalidation,60.4500,60.3000,650,-122.0000,176,2.7500,0.8500,104,117.64705882352941176470588235
C,2026-09-15,0,A,14:45:04.000,14:45:04.000,14:45:55.000,AtmStateInvalidation,65.8500,68.7500,650,1857.0700,51,0,3.4500,49,15.942028985507246376811594200
C,2026-09-15,0,B,14:56:27.000,14:56:27.000,14:58:38.000,AtmStateInvalidation,42.4000,41.1000,650,-861.7000,131,1.9000,0.3500,87,471.42857142857142857142857143
A,2026-09-16,6,A,09:34:01.000,09:22:21.000,09:34:01.000,OppositePatternSignal,171.5000,198.1500,650,17242.0000,701,6.3500,38.5000,633,30.779220779220779220779220780
A,2026-09-16,6,B,12:23:32.000,09:34:01.000,12:23:32.000,OppositePatternSignal,157.5000,163.3500,650,3736.1400,10171,28.9000,33.4500,5391,82.51121076233183856502242152
A,2026-09-16,6,A,12:54:51.000,12:23:32.000,12:54:51.000,OppositePatternSignal,178.6000,169.4500,650,-6016.3400,1879,15.0500,6.7500,271,235.55555555555555555555555556
A,2026-09-16,6,A,13:21:56.000,13:17:05.000,13:21:56.000,OppositePatternSignal,162.2500,160.5500,650,-1170.2200,291,9.1000,1.7000,7,200
A,2026-09-16,6,B,13:37:39.000,13:21:56.000,13:37:39.000,OppositePatternSignal,148.7000,128.2000,650,-13377.0800,943,22.8500,1.2000,8,1808.3333333333333333333333333
A,2026-09-16,6,A,14:29:16.000,13:37:39.000,14:29:16.000,OppositePatternSignal,186.0000,180.4000,650,-3713.2900,3097,16.8500,9.9000,424,156.56565656565656565656565657
A,2026-09-16,6,B,14:29:16.000,14:29:16.000,15:15:00.000,ForcedEod,156.6000,149.2000,650,-4870.6100,2744,13.6000,9.0000,1672,182.22222222222222222222222222
B,2026-09-16,6,A,09:22:21.000,09:22:21.000,09:24:06.000,AtmStateInvalidation,171.5000,174.6500,650,1976.5500,105,6.3500,4.1500,105,24.096385542168674698795180720
B,2026-09-16,6,B,09:34:01.000,09:34:01.000,09:34:53.000,AtmStateInvalidation,157.5000,163.0000,650,3508.7800,52,0.4500,6.4000,46,14.062500
B,2026-09-16,6,A,12:23:32.000,12:23:32.000,12:31:48.000,AtmStateInvalidation,178.6000,175.3000,650,-2216.2200,496,5.3000,6.7500,271,148.88888888888888888888888889
B,2026-09-16,6,A,13:17:05.000,13:17:05.000,13:21:56.000,AtmStateInvalidation,162.2500,160.5500,650,-1170.2200,291,9.1000,1.7000,7,200
B,2026-09-16,6,B,13:21:56.000,13:21:56.000,13:25:53.000,AtmStateInvalidation,148.7000,140.0000,650,-5711.8800,238,10.1500,1.2000,8,825.00
B,2026-09-16,6,A,13:37:39.000,13:37:39.000,13:41:08.000,AtmStateInvalidation,186.0000,188.6500,650,1645.8600,209,3.4000,9.7000,166,72.680412371134020618556701030
B,2026-09-16,6,A,14:20:54.000,14:20:54.000,14:29:16.000,AtmStateInvalidation,180.8000,180.4000,650,-333.2900,502,7.2500,5.2000,443,107.69230769230769230769230769
B,2026-09-16,6,B,14:29:16.000,14:29:16.000,14:37:50.000,AtmStateInvalidation,156.6000,153.3500,650,-2174.8000,514,4.4500,2.9000,18,212.06896551724137931034482759
C,2026-09-16,6,A,09:22:21.000,09:22:21.000,09:24:06.000,AtmStateInvalidation,171.5000,174.6500,650,1976.5500,105,6.3500,4.1500,105,24.096385542168674698795180720
C,2026-09-16,6,B,09:34:01.000,09:34:01.000,09:34:53.000,AtmStateInvalidation,157.5000,163.0000,650,3508.7800,52,0.4500,6.4000,46,14.062500
C,2026-09-16,6,A,12:23:32.000,12:23:32.000,12:31:48.000,AtmStateInvalidation,178.6000,175.3000,650,-2216.2200,496,5.3000,6.7500,271,148.88888888888888888888888889
C,2026-09-16,6,A,13:17:05.000,13:17:05.000,13:21:56.000,AtmStateInvalidation,162.2500,160.5500,650,-1170.2200,291,9.1000,1.7000,7,200
C,2026-09-16,6,B,13:21:56.000,13:21:56.000,13:25:53.000,AtmStateInvalidation,148.7000,140.0000,650,-5711.8800,238,10.1500,1.2000,8,825.00
C,2026-09-16,6,A,13:37:39.000,13:37:39.000,13:41:08.000,AtmStateInvalidation,186.0000,188.6500,650,1645.8600,209,3.4000,9.7000,166,72.680412371134020618556701030
C,2026-09-16,6,B,14:29:16.000,14:29:16.000,14:37:50.000,AtmStateInvalidation,156.6000,153.3500,650,-2174.8000,514,4.4500,2.9000,18,212.06896551724137931034482759
A,2026-09-17,5,A,12:17:28.000,10:15:53.000,12:17:28.000,OppositePatternSignal,136.1500,115.7500,650,-13307.0200,7295,21.4500,68.5000,3292,129.78102189781021897810218978
A,2026-09-17,5,B,14:34:19.000,12:17:28.000,14:34:19.000,OppositePatternSignal,106.0500,66.1000,650,-25994.3500,8211,45.8500,8.9000,344,548.87640449438202247191011236
A,2026-09-17,5,A,15:14:10.000,14:34:19.000,15:14:10.000,OppositePatternSignal,126.6500,113.9500,650,-8301.2900,2391,19.4500,2.0500,23,719.51219512195121951219512195
B,2026-09-17,5,A,10:15:53.000,10:15:53.000,10:18:53.000,AtmStateInvalidation,136.1500,141.3500,650,3322.5800,180,0,6.8500,175,24.087591240875912408759124090
B,2026-09-17,5,A,11:46:42.000,11:46:42.000,11:52:45.000,AtmStateInvalidation,135.3500,120.5500,650,-9668.9700,363,16.7000,1.8500,25,900
B,2026-09-17,5,B,12:17:28.000,12:17:28.000,12:18:09.000,AtmStateInvalidation,106.0500,105.9500,650,-108.0400,41,1.5500,1.1500,34,108.69565217391304347826086957
B,2026-09-17,5,B,13:47:11.000,13:47:11.000,13:47:42.000,AtmStateInvalidation,112.7500,110.5500,650,-1474.9100,31,2.0500,1.4500,5,251.72413793103448275862068966
B,2026-09-17,5,A,14:34:19.000,14:34:19.000,14:37:45.000,AtmStateInvalidation,126.6500,110.8500,650,-10315.0300,206,16.0000,2.0500,23,870.7317073170731707317073171
C,2026-09-17,5,A,10:15:53.000,10:15:53.000,10:18:53.000,AtmStateInvalidation,136.1500,141.3500,650,3322.5800,180,0,6.8500,175,24.087591240875912408759124090
C,2026-09-17,5,B,12:17:28.000,12:17:28.000,12:18:09.000,AtmStateInvalidation,106.0500,105.9500,650,-108.0400,41,1.5500,1.1500,34,108.69565217391304347826086957
C,2026-09-17,5,A,14:34:19.000,14:34:19.000,14:37:45.000,AtmStateInvalidation,126.6500,110.8500,650,-10315.0300,206,16.0000,2.0500,23,870.7317073170731707317073171
A,2026-09-18,4,A,10:00:18.000,09:35:34.000,10:00:18.000,OppositePatternSignal,112.6000,91.8000,650,-13557.2900,1484,24.6000,0.1000,3,20900
A,2026-09-18,4,B,10:07:05.000,10:00:18.000,10:07:05.000,OppositePatternSignal,97.3000,92.1000,650,-3417.4200,407,5.0000,3.5500,55,246.47887323943661971830985915
A,2026-09-18,4,A,10:49:37.000,10:07:05.000,10:49:37.000,OppositePatternSignal,121.2500,126.6500,650,3458.5500,2552,13.1500,8.6500,2013,37.572254335260115606936416180
A,2026-09-18,4,B,12:25:51.000,10:49:37.000,12:25:51.000,OppositePatternSignal,84.7000,86.5000,650,1134.8600,5774,7.6500,11.9000,4265,84.87394957983193277310924370
A,2026-09-18,4,A,13:47:35.000,12:25:51.000,13:47:35.000,OppositePatternSignal,111.5000,108.7500,650,-1831.6800,4904,19.3500,1.0000,7,375.00
A,2026-09-18,4,B,14:47:00.000,13:47:35.000,14:47:00.000,OppositePatternSignal,77.3000,98.0500,650,13447.6700,3565,0.6500,35.8000,2744,42.039106145251396648044692740
B,2026-09-18,4,A,09:35:34.000,09:35:34.000,09:39:57.000,AtmStateInvalidation,112.6000,97.8000,650,-9659.7300,263,16.5500,0.1000,3,14900
B,2026-09-18,4,B,10:00:18.000,10:00:18.000,10:07:05.000,AtmStateInvalidation,97.3000,92.1000,650,-3417.4200,407,5.0000,3.5500,55,246.47887323943661971830985915
B,2026-09-18,4,A,10:07:05.000,10:07:05.000,10:13:58.000,AtmStateInvalidation,121.2500,109.7000,650,-7552.0700,413,12.6000,0.5500,5,2200
B,2026-09-18,4,A,10:40:45.000,10:40:45.000,10:49:37.000,AtmStateInvalidation,128.2500,126.6500,650,-1091.4500,532,7.6500,1.0500,22,252.38095238095238095238095238
B,2026-09-18,4,B,10:49:37.000,10:49:37.000,10:55:59.000,AtmStateInvalidation,84.7000,88.7000,650,2563.9700,382,0,6.2500,158,36.00
B,2026-09-18,4,A,12:25:51.000,12:25:51.000,12:36:27.000,AtmStateInvalidation,111.5000,102.5500,650,-5859.1600,636,9.0500,1.0000,7,995.00
B,2026-09-18,4,B,13:47:35.000,13:47:35.000,13:49:12.000,AtmStateInvalidation,77.3000,78.2000,650,553.2300,97,0.6500,3.0500,2,70.491803278688524590163934430
B,2026-09-18,4,B,14:34:04.000,14:34:04.000,14:35:44.000,AtmStateInvalidation,80.8000,80.3500,650,-325.1400,100,1.7000,2.6000,17,117.30769230769230769230769231
C,2026-09-18,4,A,09:35:34.000,09:35:34.000,09:39:57.000,AtmStateInvalidation,112.6000,97.8000,650,-9659.7300,263,16.5500,0.1000,3,14900
C,2026-09-18,4,B,10:00:18.000,10:00:18.000,10:07:05.000,AtmStateInvalidation,97.3000,92.1000,650,-3417.4200,407,5.0000,3.5500,55,246.47887323943661971830985915
C,2026-09-18,4,A,10:07:05.000,10:07:05.000,10:13:58.000,AtmStateInvalidation,121.2500,109.7000,650,-7552.0700,413,12.6000,0.5500,5,2200
C,2026-09-18,4,B,10:49:37.000,10:49:37.000,10:55:59.000,AtmStateInvalidation,84.7000,88.7000,650,2563.9700,382,0,6.2500,158,36.00
C,2026-09-18,4,A,12:25:51.000,12:25:51.000,12:36:27.000,AtmStateInvalidation,111.5000,102.5500,650,-5859.1600,636,9.0500,1.0000,7,995.00
C,2026-09-18,4,B,13:47:35.000,13:47:35.000,13:49:12.000,AtmStateInvalidation,77.3000,78.2000,650,553.2300,97,0.6500,3.0500,2,70.491803278688524590163934430
A,2026-09-21,1,B,09:35:29.000,09:32:29.000,09:35:29.000,OppositePatternSignal,75.5500,72.5500,650,-1979.4700,180,6.2500,0.2500,2,1300
A,2026-09-21,1,A,11:05:45.000,09:35:29.000,11:05:45.000,OppositePatternSignal,75.9000,77.0500,650,716.2000,5416,5.5500,15.4000,3527,92.53246753246753246753246753
A,2026-09-21,1,B,12:11:25.000,11:05:45.000,12:11:25.000,OppositePatternSignal,63.0000,75.7000,650,8224.2500,3940,2.3000,18.7000,3151,32.085561497326203208556149730
A,2026-09-21,1,A,15:03:20.000,12:11:25.000,15:03:20.000,OppositePatternSignal,87.1500,66.7000,650,-13319.6000,10315,27.9500,10.2500,3616,299.51219512195121951219512195
B,2026-09-21,1,B,09:32:29.000,09:32:29.000,09:35:29.000,AtmStateInvalidation,75.5500,72.5500,650,-1979.4700,180,6.2500,0.2500,2,1300
B,2026-09-21,1,A,09:35:29.000,09:35:29.000,09:36:07.000,AtmStateInvalidation,75.9000,72.8000,650,-2044.5800,38,3.2000,0.1500,1,2166.6666666666666666666666667
B,2026-09-21,1,B,11:05:45.000,11:05:45.000,11:08:12.000,AtmStateInvalidation,63.0000,65.1500,650,1371.0300,147,0.5500,2.3500,143,8.510638297872340425531914890
B,2026-09-21,1,B,11:08:30.000,11:08:30.000,11:11:44.000,AtmStateInvalidation,64.5500,65.9000,650,850.7300,194,0.4500,3.2500,178,58.461538461538461538461538460
B,2026-09-21,1,B,12:01:10.000,12:01:10.000,12:04:09.000,AtmStateInvalidation,53.7000,50.0500,650,-2392.8300,179,4.3500,0,,
B,2026-09-21,1,A,12:11:25.000,12:11:25.000,12:14:02.000,AtmStateInvalidation,87.1500,86.5000,650,-457.6400,157,0.8000,1.3500,105,148.14814814814814814814814815
B,2026-09-21,1,A,13:09:16.000,13:09:16.000,13:13:21.000,AtmStateInvalidation,66.6000,66.0500,650,-384.3300,245,0.9500,2.7500,141,120.0
B,2026-09-21,1,A,14:59:09.000,14:59:09.000,15:03:20.000,AtmStateInvalidation,66.5500,66.7000,650,70.4000,251,2.0000,2.8000,73,94.64285714285714285714285714
C,2026-09-21,1,B,09:32:29.000,09:32:29.000,09:35:29.000,AtmStateInvalidation,75.5500,72.5500,650,-1979.4700,180,6.2500,0.2500,2,1300
C,2026-09-21,1,A,09:35:29.000,09:35:29.000,09:36:07.000,AtmStateInvalidation,75.9000,72.8000,650,-2044.5800,38,3.2000,0.1500,1,2166.6666666666666666666666667
C,2026-09-21,1,B,11:05:45.000,11:05:45.000,11:08:12.000,AtmStateInvalidation,63.0000,65.1500,650,1371.0300,147,0.5500,2.3500,143,8.510638297872340425531914890
C,2026-09-21,1,A,12:11:25.000,12:11:25.000,12:14:02.000,AtmStateInvalidation,87.1500,86.5000,650,-457.6400,157,0.8000,1.3500,105,148.14814814814814814814814815
