TradeId,Pattern,StateEntryTimestamp,TradeEntryTimestamp,TradeExitTimestamp,ExitReason,SelectedStrike,OptionType,EntryPremium,ExitPremium,Quantity,GrossPnl,Stt,Gst,NetPnl,HoldingSeconds,UnderlyingEntry,UnderlyingExit,UnderlyingChangePoints,UnderlyingReturnPct,MaePercent,MfePercent,StateAgeAtEntry
1,B,09:15:09.000,09:15:09.000,09:16:33.000,OppositeStateEntry,23450.0000,Call,65.9500,53.1500,650,-8320.0000,21.59,0.00,-8341.5900,84,23474.4000,23460.0000,-14.4000,-0.0613434209181065330743277800,22.441243366186504927975739200,0,1
2,A,09:16:33.000,09:16:33.000,09:20:14.000,OppositeStateEntry,23450.0000,Put,48.9500,54.2500,650,3445.0000,22.04,0.00,3422.9600,221,23460.0000,23447.0000,-13.0000,-0.0554134697357203751065643600,1.5321756894790602655771195100,27.579162410623084780388151170,1
3,B,09:20:14.000,09:20:14.000,09:23:22.000,OppositeStateEntry,23450.0000,Call,46.6500,45.8500,650,-520.0000,18.63,0.00,-538.6300,188,23447.0000,23452.0000,5.0000,0.0213246897257644901266686600,5.4662379421221864951768488700,7.0739549839228295819935691300,1
4,A,09:23:22.000,09:23:22.000,09:24:44.000,OppositeStateEntry,23450.0000,Put,53.6500,50.6000,650,-1982.5000,20.56,0.00,-2003.0600,82,23452.0000,23449.3000,-2.7000,-0.0115128773665359031212689700,9.692451071761416589002795900,0.6523765144454799627213420300,1
5,B,09:24:44.000,09:24:44.000,09:26:07.000,OppositeStateEntry,23450.0000,Call,47.1500,43.2000,650,-2567.5000,17.55,0.00,-2585.0500,83,23449.3000,23447.0000,-2.3000,-0.00980839513333020601894300,8.695652173913043478260869570,0,1
6,A,09:26:07.000,09:26:07.000,09:27:55.000,OppositeStateEntry,23450.0000,Put,55.2500,57.0000,650,1137.5000,23.16,0.00,1114.3400,108,23447.0000,23437.4000,-9.6000,-0.0409434042734678210432038200,0,9.230769230769230769230769230,1
7,B,09:27:55.000,09:27:55.000,09:33:10.000,OppositeStateEntry,23450.0000,Call,41.1000,42.9000,650,1170.0000,17.43,0.00,1152.5700,315,23437.4000,23457.2000,19.8000,0.0844803604495379180284502500,2.0681265206812652068126520700,18.978102189781021897810218980,1
8,A,09:33:10.000,09:33:10.000,09:35:03.000,OppositeStateEntry,23450.0000,Put,52.3000,52.0000,650,-195.0000,21.12,0.00,-216.1200,113,23457.2000,23450.0000,-7.2000,-0.030694200501338608188530600,0.4780114722753346080305927300,6.7877629063097514340344168300,1
9,B,09:35:03.000,09:35:03.000,09:45:54.000,OppositeStateEntry,23450.0000,Call,42.7500,47.4500,650,3055.0000,19.28,0.00,3035.7200,651,23450.0000,23460.0000,10.0000,0.0426439232409381663113006400,6.900584795321637426900584800,19.766081871345029239766081870,1
10,A,09:45:54.000,09:45:54.000,09:47:23.000,OppositeStateEntry,23450.0000,Put,44.3000,42.2000,650,-1365.0000,17.14,0.00,-1382.1400,89,23460.0000,23469.9000,9.9000,0.0421994884910485933503836300,8.013544018058690744920993230,0,1
11,B,09:47:23.000,09:47:23.000,09:49:27.000,OppositeStateEntry,23450.0000,Call,49.2000,46.6500,650,-1657.5000,18.95,0.00,-1676.4500,124,23469.9000,23471.0000,1.1000,0.0046868542260512400990204500,6.9105691056910569105691056900,5.2845528455284552845528455300,1
12,A,09:49:27.000,09:49:27.000,09:50:24.000,OppositeStateEntry,23450.0000,Put,43.6000,41.4500,650,-1397.5000,16.84,0.00,-1414.3400,57,23471.0000,23463.1000,-7.9000,-0.0336585573686677176089642500,5.6192660550458715596330275200,1.7201834862385321100917431200,1
13,B,09:50:24.000,09:50:24.000,09:53:32.000,OppositeStateEntry,23450.0000,Call,49.2000,46.9000,650,-1495.0000,19.05,0.00,-1514.0500,188,23463.1000,23467.9000,4.8000,0.0204576547855995158355034100,10.264227642276422764227642280,1.524390243902439024390243900,1
14,A,09:53:32.000,09:53:32.000,09:53:41.000,OppositeStateEntry,23450.0000,Put,42.2500,41.4500,650,-520.0000,16.84,0.00,-536.8400,9,23467.9000,23464.3000,-3.6000,-0.0153401028639119818986786200,2.2485207100591715976331360900,0,1
15,B,09:53:41.000,09:53:41.000,09:56:08.000,OppositeStateEntry,23450.0000,Call,48.0000,46.0500,650,-1267.5000,18.71,0.00,-1286.2100,147,23464.3000,23466.0000,1.7000,0.0072450488614618803885050900,6.2500,2.7083333333333333333333333300,1
16,A,09:56:08.000,09:56:08.000,09:58:40.000,OppositeStateEntry,23450.0000,Put,42.9000,42.0500,650,-552.5000,17.08,0.00,-569.5800,152,23466.0000,23456.8000,-9.2000,-0.0392056592516832864570016200,5.4778554778554778554778554800,3.8461538461538461538461538500,1
17,B,09:58:40.000,09:58:40.000,10:02:34.000,OppositeStateEntry,23450.0000,Call,46.4000,45.5000,650,-585.0000,18.48,0.00,-603.4800,234,23456.8000,23465.0000,8.2000,0.0349578800177347293748507900,2.5862068965517241379310344800,8.943965517241379310344827590,1
18,A,10:02:34.000,10:02:34.000,10:05:30.000,OppositeStateEntry,23450.0000,Put,42.2000,39.1000,650,-2015.0000,15.88,0.00,-2030.8800,176,23465.0000,23467.9000,2.9000,0.0123588323034306413807798800,8.649289099526066350710900470,1.1848341232227488151658767800,1
19,B,10:05:29.000,10:05:29.000,10:06:26.000,OppositeStateEntry,23450.0000,Call,49.3000,47.6500,650,-1072.5000,19.36,0.00,-1091.8600,57,23467.9000,23467.9000,0.0000,0,3.9553752535496957403651115600,0.1014198782961460446247464500,1
20,A,10:06:26.000,10:06:26.000,10:08:55.000,OppositeStateEntry,23450.0000,Put,40.2000,37.9500,650,-1462.5000,15.42,0.00,-1477.9200,149,23467.9000,23467.3000,-0.6000,-0.002556683810651996983113100,6.7164179104477611940298507500,4.6019900497512437810945273600,1
21,B,10:08:55.000,10:08:55.000,10:10:50.000,OppositeStateEntry,23450.0000,Call,49.8000,49.0000,650,-520.0000,19.91,0.00,-539.9100,115,23467.3000,23474.8000,7.5000,0.0319593647330540795063769600,2.7108433734939759036144578300,5.4216867469879518072289156600,1
22,A,10:10:50.000,10:10:50.000,10:14:32.000,OppositeStateEntry,23450.0000,Put,37.9000,37.4000,650,-325.0000,15.19,0.00,-340.1900,222,23474.8000,23466.0000,-8.8000,-0.0374870073440455296743742200,6.2005277044854881266490765200,3.8258575197889182058047493400,1
23,B,10:14:32.000,10:14:32.000,10:18:51.000,OppositeStateEntry,23450.0000,Call,49.1000,46.7500,650,-1527.5000,18.99,0.00,-1546.4900,259,23466.0000,23468.0000,2.0000,0.0085229694025398448819568700,8.553971486761710794297352340,0.5091649694501018329938900200,1
24,A,10:18:51.000,10:18:51.000,10:30:03.000,OppositeStateEntry,23450.0000,Put,38.9500,48.4000,650,6142.5000,19.66,0.00,6122.8400,672,23468.0000,23445.0000,-23.0000,-0.0980057951252769728992670900,3.5943517329910141206675224600,31.707317073170731707317073170,1
25,B,10:30:03.000,10:30:03.000,10:30:33.000,OppositeStateEntry,23450.0000,Call,37.2000,35.7000,650,-975.0000,14.50,0.00,-989.5000,30,23445.0000,23450.0000,5.0000,0.0213265088505011729579867800,4.5698924731182795698924731200,0,1
26,A,10:30:33.000,10:30:33.000,10:31:44.000,OppositeStateEntry,23450.0000,Put,50.9500,56.4500,650,3575.0000,22.93,0.00,3552.0700,71,23450.0000,23429.1000,-20.9000,-0.0891257995735607675906183400,0,17.369970559371933267909715410,1
27,B,10:31:44.000,10:31:44.000,10:32:57.000,OppositeStateEntry,23450.0000,Call,31.9500,29.2000,650,-1787.5000,11.86,0.00,-1799.3600,73,23429.1000,23436.2000,7.1000,0.0303041943565907354529196600,8.607198748043818466353677620,1.7214397496087636932707355200,1
28,A,10:32:57.000,10:32:57.000,10:37:34.000,OppositeStateEntry,23450.0000,Put,62.0000,64.6000,650,1690.0000,26.24,0.00,1663.7600,277,23436.2000,23424.0000,-12.2000,-0.0520562207183758459135866700,6.0483870967741935483870967700,12.580645161290322580645161290,1
29,B,10:37:34.000,10:37:34.000,10:39:17.000,OppositeStateEntry,23400.0000,Call,53.8500,50.6500,650,-2080.0000,20.58,0.00,-2100.5800,103,23424.0000,23420.0000,-4.0000,-0.0170765027322404371584699500,6.9637883008356545961002785500,0.1857010213556174558960074300,1
30,A,10:39:17.000,10:39:17.000,10:42:33.000,OppositeStateEntry,23400.0000,Put,42.7000,64.1000,650,13910.0000,26.04,0.00,13883.9600,196,23420.0000,23378.7000,-41.3000,-0.1763450042698548249359521800,5.8548009367681498829039812600,62.295081967213114754098360660,1
31,B,10:42:33.000,10:42:33.000,10:44:28.000,OppositeStateEntry,23400.0000,Call,39.4500,41.5000,650,1332.5000,16.86,0.00,1315.6400,115,23378.7000,23395.0000,16.3000,0.069721584177050049831684400,1.3941698352344740177439797200,11.787072243346007604562737640,1
32,A,10:44:28.000,10:44:28.000,10:47:18.000,OppositeStateEntry,23400.0000,Put,59.5000,59.1000,650,-260.0000,24.01,0.00,-284.0100,170,23395.0000,23390.0000,-5.0000,-0.0213720880530027783714468900,3.8655462184873949579831932800,11.680672268907563025210084030,1
33,B,10:47:18.000,10:47:18.000,10:48:32.000,OppositeStateEntry,23400.0000,Call,41.0000,39.7000,650,-845.0000,16.13,0.00,-861.1300,74,23390.0000,23397.0000,7.0000,0.0299273193672509619495510900,4.3902439024390243902439024400,3.048780487804878048780487800,1
34,A,10:48:32.000,10:48:32.000,10:58:22.000,OppositeStateEntry,23400.0000,Put,59.8000,58.4000,650,-910.0000,23.72,0.00,-933.7200,590,23397.0000,23396.9000,-0.1000,-0.0004274052228918237380860800,8.361204013377926421404682270,16.722408026755852842809364550,1
35,B,10:58:22.000,10:58:22.000,11:03:02.000,OppositeStateEntry,23400.0000,Call,39.1500,35.6500,650,-2275.0000,14.48,0.00,-2289.4800,280,23396.9000,23392.0000,-4.9000,-0.0209429454329419709448687600,9.706257982120051085568326950,4.4699872286079182630906768800,1
36,A,11:03:02.000,11:03:02.000,11:09:31.000,OppositeStateEntry,23400.0000,Put,61.8000,58.2500,650,-2307.5000,23.66,0.00,-2331.1600,389,23392.0000,23388.1000,-3.9000,-0.0166723666210670314637482900,6.8770226537216828478964401300,4.9352750809061488673139158600,1
37,B,11:09:31.000,11:09:31.000,11:27:50.000,OppositeStateEntry,23400.0000,Call,37.0000,41.2000,650,2730.0000,16.74,0.00,2713.2600,1099,23388.1000,23409.2000,21.1000,0.0902168196647012797106220700,3.1081081081081081081081081100,21.486486486486486486486486490,1
38,A,11:27:50.000,11:27:50.000,11:47:09.000,OppositeStateEntry,23400.0000,Put,49.1500,69.4500,650,13195.0000,28.21,0.00,13166.7900,1159,23409.2000,23361.6000,-47.6000,-0.2033388582266801086752217100,3.5605289928789420142421159700,49.135300101729399796541200410,1
39,B,11:47:09.000,11:47:09.000,11:51:04.000,OppositeStateEntry,23350.0000,Call,49.0000,46.7500,650,-1462.5000,18.99,0.00,-1481.4900,235,23361.6000,23371.5000,9.9000,0.04237723443599753441545100,4.8979591836734693877551020400,3.8775510204081632653061224500,1
40,A,11:51:04.000,11:51:04.000,11:52:13.000,OppositeStateEntry,23350.0000,Put,42.5000,41.0000,650,-975.0000,16.66,0.00,-991.6600,69,23371.5000,23365.0000,-6.5000,-0.0278116509423870953939627300,4.1176470588235294117647058800,6.00,1
41,B,11:52:13.000,11:52:13.000,11:53:30.000,OppositeStateEntry,23350.0000,Call,47.2500,46.3500,650,-585.0000,18.83,0.00,-603.8300,77,23365.0000,23369.0000,4.0000,0.0171196233682858977102503700,2.4338624338624338624338624300,3.1746031746031746031746031700,1
42,A,11:53:30.000,11:53:30.000,12:10:47.000,OppositeStateEntry,23350.0000,Put,42.3500,36.5500,650,-3770.0000,14.85,0.00,-3784.8500,1037,23369.0000,23375.0000,6.0000,0.0256750395823526894603962500,15.938606847697756788665879570,19.126328217237308146399055490,1
43,B,12:10:47.000,12:10:47.000,12:15:05.000,OppositeStateEntry,23350.0000,Call,48.2000,42.3500,650,-3802.5000,17.20,0.00,-3819.7000,258,23375.0000,23372.3000,-2.7000,-0.0115508021390374331550802100,12.759336099585062240663900410,0,1
44,A,12:15:05.000,12:15:05.000,12:40:03.000,OppositeStateEntry,23350.0000,Put,42.3000,38.4000,650,-2535.0000,15.60,0.00,-2550.6000,1498,23372.3000,23370.0000,-2.3000,-0.0098407088733244053858627500,19.62174940898345153664302600,3.9007092198581560283687943300,1
45,B,12:40:03.000,12:40:03.000,12:42:57.000,OppositeStateEntry,23350.0000,Call,44.6000,44.4500,650,-97.5000,18.06,0.00,-115.5600,174,23370.0000,23377.0000,7.0000,0.0299529311082584510055626900,3.5874439461883408071748878900,3.9237668161434977578475336300,1
46,A,12:42:57.000,12:42:57.000,12:47:13.000,OppositeStateEntry,23400.0000,Put,66.6000,75.3000,650,5655.0000,30.59,0.00,5624.4100,256,23377.0000,23355.7000,-21.3000,-0.0911151986995765068229456300,1.6516516516516516516516516500,17.867867867867867867867867870,1
47,B,12:47:13.000,12:47:13.000,12:50:51.000,OppositeStateEntry,23350.0000,Call,36.7500,32.4000,650,-2827.5000,13.16,0.00,-2840.6600,218,23355.7000,23349.3000,-6.4000,-0.027402304362532486716304800,12.380952380952380952380952380,7.755102040816326530612244900,1
48,A,12:50:51.000,12:50:51.000,12:57:41.000,OppositeStateEntry,23350.0000,Put,48.6500,47.0000,650,-1072.5000,19.09,0.00,-1091.5900,410,23349.3000,23349.0000,-0.3000,-0.0012848350914160167542495900,8.633093525179856115107913670,7.8108941418293936279547790300,1
49,B,12:57:41.000,12:57:41.000,13:00:16.000,OppositeStateEntry,23350.0000,Call,31.1000,28.6000,650,-1625.0000,11.62,0.00,-1636.6200,155,23349.0000,23357.1000,8.1000,0.0346909931902865219067197700,8.681672025723472668810289390,1.2861736334405144694533762100,1
50,A,13:00:16.000,13:00:16.000,13:01:40.000,OppositeStateEntry,23350.0000,Put,50.0500,52.2500,650,1430.0000,21.23,0.00,1408.7700,84,23357.1000,23338.8000,-18.3000,-0.0783487676124176374635549800,0.99900099900099900099900100,9.290709290709290709290709290,1
51,B,13:01:40.000,13:01:40.000,13:12:50.000,OppositeStateEntry,23350.0000,Call,26.6500,31.6500,650,3250.0000,12.86,0.00,3237.1400,670,23338.8000,23361.0000,22.2000,0.0951205717517610159905393600,6.0037523452157598499061913700,23.639774859287054409005628520,1
52,A,13:12:50.000,13:12:50.000,13:24:46.000,OppositeStateEntry,23350.0000,Put,46.1500,48.7500,650,1690.0000,19.80,0.00,1670.2000,716,23361.0000,23349.0000,-12.0000,-0.0513676640554770771799152400,7.8006500541711809317443120300,13.759479956663055254604550380,1
53,B,13:24:46.000,13:24:46.000,13:38:52.000,OppositeStateEntry,23350.0000,Call,28.5000,32.4500,650,2567.5000,13.18,0.00,2554.3200,846,23349.0000,23362.9000,13.9000,0.0595314574499978585806672700,5.6140350877192982456140350900,23.508771929824561403508771930,1
54,A,13:38:52.000,13:38:52.000,13:42:32.000,OppositeStateEntry,23350.0000,Put,45.9500,41.9000,650,-2632.5000,17.02,0.00,-2649.5200,220,23362.9000,23359.9000,-3.0000,-0.0128408716383668123392215900,10.010881392818280739934711640,1.0881392818280739934711643100,1
55,B,13:42:32.000,13:42:32.000,13:56:08.000,OppositeStateEntry,23350.0000,Call,37.6500,21.0500,650,-10790.0000,8.55,0.00,-10798.5500,816,23359.9000,23321.7000,-38.2000,-0.1635280972949370502442219400,47.675962815405046480743691900,2.7888446215139442231075697200,1
56,A,13:56:08.000,13:56:08.000,14:01:16.000,OppositeStateEntry,23300.0000,Put,42.3500,47.9000,650,3607.5000,19.46,0.00,3588.0400,308,23321.7000,23292.5000,-29.2000,-0.1252052809186294309591496300,2.0070838252656434474616292800,31.168831168831168831168831170,1
57,B,14:01:16.000,14:01:16.000,14:14:03.000,OppositeStateEntry,23300.0000,Call,37.0500,61.1000,650,15632.5000,24.82,0.00,15607.6800,767,23292.5000,23350.0000,57.5000,0.2468605774390898357840506600,5.6680161943319838056680161900,72.064777327935222672064777330,1
58,A,14:14:03.000,14:14:03.000,14:15:31.000,OppositeStateEntry,23350.0000,Put,54.6000,22.0500,650,-21157.5000,8.96,0.00,-21166.4600,88,23350.0000,23418.0000,68.0000,0.2912205567451820128479657400,61.446886446886446886446886450,1.6483516483516483516483516500,1
59,B,14:15:31.000,14:15:31.000,14:15:34.000,OppositeStateEntry,23400.0000,Call,44.1000,36.2500,650,-5102.5000,14.73,0.00,-5117.2300,3,23418.0000,23412.9000,-5.1000,-0.0217781193953369203177043300,20.975056689342403628117913830,0,1
60,A,14:15:34.000,14:15:34.000,14:23:25.000,OppositeStateEntry,23400.0000,Put,46.6500,45.7500,650,-585.0000,18.59,0.00,-603.5900,471,23412.9000,23410.0000,-2.9000,-0.012386334029530728786267400,14.898177920685959271168274380,40.943193997856377277599142550,1
61,B,14:23:25.000,14:23:25.000,14:23:55.000,OppositeStateEntry,23400.0000,Call,43.3000,43.1000,650,-130.0000,17.51,0.00,-147.5100,30,23410.0000,23410.1000,0.1000,0.0004271678769756514310123900,2.1939953810623556581986143200,3.0023094688221709006928406500,1
62,A,14:23:55.000,14:23:55.000,14:25:29.000,OppositeStateEntry,23400.0000,Put,46.2500,49.3500,650,2015.0000,20.05,0.00,1994.9500,94,23410.1000,23402.0000,-8.1000,-0.0346004502330190815075544300,0,18.162162162162162162162162160,1
63,B,14:25:29.000,14:25:29.000,14:28:09.000,OppositeStateEntry,23400.0000,Call,37.5000,37.0500,650,-292.5000,15.05,0.00,-307.5500,160,23402.0000,23413.0000,11.0000,0.0470045295273908212973250100,2.400,12.800,1
64,A,14:28:09.000,14:28:09.000,14:33:04.000,OppositeStateEntry,23400.0000,Put,50.0000,48.7000,650,-845.0000,19.78,0.00,-864.7800,295,23413.0000,23410.0000,-3.0000,-0.0128133942681416307179771900,13.700,5.00,1
65,B,14:33:04.000,14:33:04.000,14:34:31.000,OppositeStateEntry,23400.0000,Call,38.3000,29.1500,650,-5947.5000,11.84,0.00,-5959.3400,87,23410.0000,23400.2000,-9.8000,-0.0418624519436138402392140100,25.065274151436031331592689300,4.1775456919060052219321148800,1
66,A,14:34:31.000,14:34:32.000,14:35:39.000,OppositeStateEntry,23400.0000,Put,56.0000,54.5000,650,-975.0000,22.14,0.00,-997.1400,67,23400.2000,23392.8000,-7.4000,-0.0316236613362278954880727500,9.37500,3.3035714285714285714285714300,1
67,B,14:35:39.000,14:35:39.000,14:40:22.000,OppositeStateEntry,23400.0000,Call,31.0000,30.4500,650,-357.5000,12.37,0.00,-369.8700,283,23392.8000,23399.9000,7.1000,0.0303512191785506651619301700,9.193548387096774193548387100,21.935483870967741935483870970,1
68,A,14:40:22.000,14:40:22.000,14:43:21.000,OppositeStateEntry,23400.0000,Put,52.8500,58.6500,650,3770.0000,23.83,0.00,3746.1700,179,23399.9000,23375.5000,-24.4000,-0.1042739498886747379262304500,4.1627246925260170293282876100,20.529801324503311258278145700,1
69,B,14:43:21.000,14:43:21.000,14:47:56.000,OppositeStateEntry,23400.0000,Call,23.7500,25.4000,650,1072.5000,10.32,0.00,1062.1800,275,23375.5000,23390.0000,14.5000,0.0620307587003486556437295500,6.1052631578947368421052631600,17.473684210526315789473684210,1
70,A,14:47:56.000,14:47:56.000,14:51:36.000,OppositeStateEntry,23400.0000,Put,52.7500,50.8000,650,-1267.5000,20.64,0.00,-1288.1400,220,23390.0000,23380.5000,-9.5000,-0.0406156477126977340743907700,10.805687203791469194312796210,7.1090047393364928909952606600,1
71,B,14:51:36.000,14:51:36.000,14:57:54.000,OppositeStateEntry,23400.0000,Call,23.8500,20.3000,650,-2307.5000,8.25,0.00,-2315.7500,378,23380.5000,23376.5000,-4.0000,-0.017108273989007933962062400,18.867924528301886792452830190,4.4025157232704402515723270400,1
72,A,14:57:54.000,14:57:54.000,14:59:01.000,OppositeStateEntry,23400.0000,Put,53.7500,61.7000,650,5167.5000,25.07,0.00,5142.4300,67,23376.5000,23365.8000,-10.7000,-0.0457724637991144953265031100,0.5581395348837209302325581400,14.883720930232558139534883720,1
73,B,14:59:01.000,14:59:01.000,14:59:03.000,OppositeStateEntry,23350.0000,Call,37.0500,38.1000,650,682.5000,15.48,0.00,667.0200,2,23365.8000,23367.9000,2.1000,0.0089874945433068844208201700,0,3.1039136302294197031039136300,1
74,A,14:59:03.000,14:59:03.000,15:02:19.000,OppositeStateEntry,23350.0000,Put,30.8000,30.7000,650,-65.0000,12.47,0.00,-77.4700,196,23367.9000,23369.1000,1.2000,0.0051352496373229943640635200,6.9805194805194805194805194800,14.772727272727272727272727270,1
